policy,condition,season,time_of_day_hours,seed,source,destination,success,hops,steps,failure,total_reward,progress,margin,skr,pool_level,pool_delta,latency,energy,congestion,step_cost,revisit,switch,backtrack,arrival,security_penalty,depletion_penalty,failure_penalty
GNN-PPO,normal_0200,normal,2.0,0,Delhi,Mumbai,True,19,19,,3.652038833137208,3.3833185869743416,15.200000000000005,0.49945974453038333,6.840000000000002,-0.76,-0.2803697491837595,-0.2803697491837595,-24.0,-0.9500000000000003,0.0,0.0,0.0,4.0,0.0,0.0,0.0
Random,normal_0200,normal,2.0,0,Delhi,Mumbai,False,,186,pool_depleted,-296.8657485091103,0.0,0.8571739471922442,-0.029459597251410185,-0.18099545665279212,-0.013970290677911487,-0.7492485558602654,-0.7492485558602654,-82.0,-9.299999999999997,-92.39999999999984,-5.8000000000000025,-46.5,0.0,0.0,-60.0,0.0
Dijkstra-km,normal_0200,normal,2.0,0,Delhi,Mumbai,False,,139,pool_depleted,25.717516582836666,2.7826801434118997,86.77214083824246,6.351124911496867,44.10832164810402,-4.903356703791885,-0.22169712731338037,-0.22169712731338037,-28.0,-6.949999999999983,-9.599999999999998,-0.4,-4.0,0.0,0.0,-60.0,0.0
BFS-hop,normal_0200,normal,2.0,0,Delhi,Mumbai,True,19,19,,3.652038833137208,3.3833185869743416,15.200000000000005,0.49945974453038333,6.840000000000002,-0.76,-0.2803697491837595,-0.2803697491837595,-24.0,-0.9500000000000003,0.0,0.0,0.0,4.0,0.0,0.0,0.0
Max-SKR,normal_0200,normal,2.0,0,Delhi,Mumbai,False,,145,pool_depleted,-226.0489293173536,-0.5579613186678091,-17.802591801400727,-1.381632226790552,-9.148899601072515,1.1473167354428901,-0.227580552432453,-0.22758055243245298,-21.0,-7.249999999999982,-66.60000000000008,0.0,-43.0,0.0,0.0,-60.0,0.0
GNN-PPO,normal_0200,normal,2.0,1,Delhi,Mumbai,True,21,21,,0.9789281100637934,3.3833185869743416,15.12725749666794,0.49849548098023116,6.863687964357347,-0.7763120356426545,-0.2837596916367045,-0.2837596916367045,-25.0,-1.0500000000000003,-0.6,-0.4,-0.5,4.0,0.0,0.0,0.0
Random,normal_0200,normal,2.0,1,Delhi,Mumbai,False,,232,no_valid_neighbor,-260.09286125805914,-0.7318051771428536,-5.314099238967243,-0.3860804027720478,-2.658834415337778,0.25202430790782887,-0.6520331658735377,-0.6520331658735377,-56.0,-11.55000000000003,-110.99999999999966,-6.400000000000003,-60.0,0.0,0.0,0.0,-5.0
Dijkstra-km,normal_0200,normal,2.0,1,Delhi,Mumbai,False,,166,pool_depleted,50.874656159210716,3.3439973958849305,105.78815114067547,7.725988089275006,53.82948639343707,-5.981027213125742,-0.26596982346807524,-0.26596982346807524,-31.0,-8.299999999999983,-9.599999999999998,-0.4,-4.0,0.0,0.0,-60.0,0.0
BFS-hop,normal_0200,normal,2.0,1,Delhi,Mumbai,True,21,21,,-0.2502503812856274,3.3833185869743416,15.200000000000005,0.49945974453038333,6.8006987861670725,-0.76,-0.3118637494787125,-0.3118637494787125,-26.0,-1.0500000000000003,-1.2,0.0,-0.5,4.0,0.0,0.0,0.0
Max-SKR,normal_0200,normal,2.0,1,Delhi,Mumbai,False,,90,no_valid_neighbor,-80.65358205471111,0.21544675322426765,6.382281944145752,0.5591797392621858,3.142085958068441,-0.3184867890000965,-0.1420448302058286,-0.14204483020582856,-20.0,-4.449999999999992,-41.400000000000055,0.0,-19.5,0.0,0.0,0.0,-5.0
GNN-PPO,normal_0200,normal,2.0,2,Delhi,Mumbai,True,19,19,,3.652038833137208,3.3833185869743416,15.200000000000005,0.49945974453038333,6.840000000000002,-0.76,-0.2803697491837595,-0.2803697491837595,-24.0,-0.9500000000000003,0.0,0.0,0.0,4.0,0.0,0.0,0.0
Random,normal_0200,normal,2.0,2,Delhi,Mumbai,False,,211,pool_depleted,-274.0757225363761,-0.6334877749890578,-3.454859588193701,-0.19636867229612065,-1.8550329018450615,0.13474137670911251,-0.6603574878806362,-0.6603574878806362,-44.0,-10.550000000000015,-93.59999999999982,-4.600000000000001,-54.0,0.0,0.0,-60.0,0.0
Dijkstra-km,normal_0200,normal,2.0,2,Delhi,Mumbai,False,,35,pool_depleted,-66.72832713575492,0.5553799875854514,13.477355043885536,0.954209447880307,6.670166399810195,-0.7396672003796123,-0.04788540726840036,-0.04788540726840036,-12.0,-1.7500000000000009,-9.599999999999998,-0.2,-4.0,0.0,0.0,-60.0,0.0
BFS-hop,normal_0200,normal,2.0,2,Delhi,Mumbai,True,19,19,,3.652038833137208,3.3833185869743416,15.200000000000005,0.49945974453038333,6.840000000000002,-0.76,-0.2803697491837595,-0.2803697491837595,-24.0,-0.9500000000000003,0.0,0.0,0.0,4.0,0.0,0.0,0.0
Max-SKR,normal_0200,normal,2.0,2,Delhi,Mumbai,False,,23,no_valid_neighbor,-29.10867984446874,-0.03856740784776948,-1.392513117045947,-0.09392998281649906,-0.7190449389324005,0.11365740770425892,-0.03914090276518925,-0.039140902765189244,-4.0,-1.1000000000000003,-10.799999999999997,0.0,-6.0,0.0,0.0,0.0,-5.0
GNN-PPO,normal_2200,normal,22.0,0,Delhi,Mumbai,True,19,19,,3.652038833137208,3.3833185869743416,15.200000000000005,0.49945974453038333,6.840000000000002,-0.76,-0.2803697491837595,-0.2803697491837595,-24.0,-0.9500000000000003,0.0,0.0,0.0,4.0,0.0,0.0,0.0
Random,normal_2200,normal,22.0,0,Delhi,Mumbai,False,,186,pool_depleted,-296.8635682103346,0.0,0.8571743591020083,-0.028581207002546117,-0.1803904135678892,-0.013273837145727968,-0.7492485558602654,-0.7492485558602654,-82.0,-9.299999999999997,-92.39999999999984,-5.8000000000000025,-46.5,0.0,0.0,-60.0,0.0
Dijkstra-km,normal_2200,normal,22.0,0,Delhi,Mumbai,False,,139,pool_depleted,25.737667213344885,2.7826801434118997,86.7721478517806,6.371290508933588,44.10831432128174,-4.90337135743643,-0.22169712731338037,-0.22169712731338037,-28.0,-6.949999999999983,-9.599999999999998,-0.4,-4.0,0.0,0.0,-60.0,0.0
BFS-hop,normal_2200,normal,22.0,0,Delhi,Mumbai,True,19,19,,3.652038833137208,3.3833185869743416,15.200000000000005,0.49945974453038333,6.840000000000002,-0.76,-0.2803697491837595,-0.2803697491837595,-24.0,-0.9500000000000003,0.0,0.0,0.0,4.0,0.0,0.0,0.0
Max-SKR,normal_2200,normal,22.0,0,Delhi,Mumbai,False,,174,pool_depleted,-254.80132021994729,-0.7272360700484797,-22.058783848330503,-1.7996189308463981,-11.085590052723658,1.357698796954905,-0.2938950574766001,-0.2938950574766001,-17.0,-8.699999999999989,-82.19999999999993,0.0,-52.0,0.0,0.0,-60.0,0.0
GNN-PPO,normal_2200,normal,22.0,1,Delhi,Mumbai,True,21,21,,0.9789271854344848,3.3833185869743416,15.127257496615249,0.4984948416032445,6.863687821757533,-0.7763121782424691,-0.2837596916367045,-0.2837596916367045,-25.0,-1.0500000000000003,-0.6,-0.4,-0.5,4.0,0.0,0.0,0.0
Random,normal_2200,normal,22.0,1,Delhi,Mumbai,False,,232,no_valid_neighbor,-260.0899195467878,-0.7318051771428536,-5.314098016757179,-0.38605140414439737,-2.657669796903728,0.2537711799075578,-0.6520331658735377,-0.6520331658735377,-56.0,-11.55000000000003,-110.99999999999966,-6.400000000000003,-60.0,0.0,0.0,0.0,-5.0
Dijkstra-km,normal_2200,normal,22.0,1,Delhi,Mumbai,False,,166,pool_depleted,50.90030088032104,3.3439973958849305,105.78816046382603,7.751630253531853,53.82948413800471,-5.981031723990456,-0.26596982346807524,-0.26596982346807524,-31.0,-8.299999999999983,-9.599999999999998,-0.4,-4.0,0.0,0.0,-60.0,0.0
BFS-hop,normal_2200,normal,22.0,1,Delhi,Mumbai,True,21,21,,-0.2502503812856274,3.3833185869743416,15.200000000000005,0.49945974453038333,6.8006987861670725,-0.76,-0.3118637494787125,-0.3118637494787125,-26.0,-1.0500000000000003,-1.2,0.0,-0.5,4.0,0.0,0.0,0.0
Max-SKR,normal_2200,normal,22.0,1,Delhi,Mumbai,False,,153,pool_depleted,-213.47029778679885,-0.06855083040974992,-3.2027190822169,-0.15080410847079495,-0.31811491914706,0.03991204437216957,-0.2600104454632799,-0.2600104454632799,-21.0,-7.649999999999981,-81.59999999999994,0.0,-39.0,0.0,0.0,-60.0,0.0
GNN-PPO,normal_2200,normal,22.0,2,Delhi,Mumbai,True,19,19,,3.652038833137208,3.3833185869743416,15.200000000000005,0.49945974453038333,6.840000000000002,-0.76,-0.2803697491837595,-0.2803697491837595,-24.0,-0.9500000000000003,0.0,0.0,0.0,4.0,0.0,0.0,0.0
Random,normal_2200,normal,22.0,2,Delhi,Mumbai,False,,211,pool_depleted,-274.08492829675146,-0.6334877749890578,-3.4548638002352203,-0.2085493711892606,-1.8542123844525606,0.13690000987578985,-0.6603574878806362,-0.6603574878806362,-44.0,-10.550000000000015,-93.59999999999982,-4.600000000000001,-54.0,0.0,0.0,-60.0,0.0
Dijkstra-km,normal_2200,normal,22.0,2,Delhi,Mumbai,False,,35,pool_depleted,-66.72842704396466,0.5553799875854514,13.477355003872795,0.9541099301605853,6.670166282984438,-0.7396674340311287,-0.04788540726840036,-0.04788540726840036,-12.0,-1.7500000000000009,-9.599999999999998,-0.2,-4.0,0.0,0.0,-60.0,0.0
BFS-hop,normal_2200,normal,22.0,2,Delhi,Mumbai,True,19,19,,3.652038833137208,3.3833185869743416,15.200000000000005,0.49945974453038333,6.840000000000002,-0.76,-0.2803697491837595,-0.2803697491837595,-24.0,-0.9500000000000003,0.0,0.0,0.0,4.0,0.0,0.0,0.0
Max-SKR,normal_2200,normal,22.0,2,Delhi,Mumbai,False,,23,no_valid_neighbor,-29.108681413324398,-0.03856740784776948,-1.3925131185072408,-0.09392631900469509,-0.719046780697568,0.11365401826325924,-0.03914090276518925,-0.039140902765189244,-4.0,-1.1000000000000003,-10.799999999999997,0.0,-6.0,0.0,0.0,0.0,-5.0
GNN-PPO,summer,summer,22.0,0,Delhi,Mumbai,True,19,19,,3.652038833137208,3.3833185869743416,15.200000000000005,0.49945974453038333,6.840000000000002,-0.76,-0.2803697491837595,-0.2803697491837595,-24.0,-0.9500000000000003,0.0,0.0,0.0,4.0,0.0,0.0,0.0
Random,summer,summer,22.0,0,Delhi,Mumbai,False,,186,pool_depleted,-296.8612042167932,0.0,0.8571746377062531,-0.026562234237498237,-0.1795441897693191,-0.013775318772085432,-0.7492485558602654,-0.7492485558602654,-82.0,-9.299999999999997,-92.39999999999984,-5.8000000000000025,-46.5,0.0,0.0,-60.0,0.0
Dijkstra-km,summer,summer,22.0,0,Delhi,Mumbai,False,,139,pool_depleted,25.734910874799574,2.7826801434118997,86.77214691823886,6.368526059024361,44.10831733625034,-4.903365327499242,-0.22169712731338037,-0.22169712731338037,-28.0,-6.949999999999983,-9.599999999999998,-0.4,-4.0,0.0,0.0,-60.0,0.0
BFS-hop,summer,summer,22.0,0,Delhi,Mumbai,True,19,19,,3.652038833137208,3.3833185869743416,15.200000000000005,0.49945974453038333,6.840000000000002,-0.76,-0.2803697491837595,-0.2803697491837595,-24.0,-0.9500000000000003,0.0,0.0,0.0,4.0,0.0,0.0,0.0
Max-SKR,summer,summer,22.0,0,Delhi,Mumbai,False,,173,pool_depleted,-253.90190405109448,-0.70276350182243,-21.39993131171616,-1.7427034559748007,-11.085780143850112,1.356158876223221,-0.2884422569771729,-0.2884422569771729,-18.0,-8.649999999999988,-81.59999999999994,0.0,-51.5,0.0,0.0,-60.0,0.0
GNN-PPO,summer,summer,22.0,1,Delhi,Mumbai,True,23,23,,-7.4549982645966795,3.3833185869743416,15.200000000000005,0.49945974453038333,6.780698786167073,-0.74,-0.3142376911342385,-0.3142376911342385,-32.0,-1.1500000000000004,-1.7999999999999998,0.0,-1.0,4.0,0.0,0.0,0.0
Random,summer,summer,22.0,1,Delhi,Mumbai,False,,308,pool_depleted,-447.59940247514214,-0.587097041059328,-4.67564106268555,-0.31419258934935795,-3.019385686040481,0.39847355400218615,-1.2007798250048733,-1.2007798250048733,-130.0,-15.400000000000084,-142.19999999999936,-10.399999999999995,-79.0,0.0,0.0,-60.0,0.0
Dijkstra-km,summer,summer,22.0,1,Delhi,Mumbai,False,,158,pool_depleted,42.72009880230239,3.3439973958849305,100.24949106482438,7.27263993093531,50.94873845657419,-5.66252308685149,-0.26612247953259305,-0.26612247953259305,-31.0,-7.89999999999998,-9.599999999999998,-0.4,-4.0,0.0,0.0,-60.0,0.0
BFS-hop,summer,summer,22.0,1,Delhi,Mumbai,True,21,21,,-0.2502503812856274,3.3833185869743416,15.200000000000005,0.49945974453038333,6.8006987861670725,-0.76,-0.3118637494787125,-0.3118637494787125,-26.0,-1.0500000000000003,-1.2,0.0,-0.5,4.0,0.0,0.0,0.0
Max-SKR,summer,summer,22.0,1,Delhi,Mumbai,False,,153,pool_depleted,-213.4690593106249,-0.06855083040974992,-3.2027185309736366,-0.1495621016162595,-0.3178469087274193,0.039639952028729046,-0.2600104454632799,-0.2600104454632799,-21.0,-7.649999999999981,-81.59999999999994,0.0,-39.0,0.0,0.0,-60.0,0.0
GNN-PPO,summer,summer,22.0,2,Delhi,Mumbai,True,19,19,,3.652038833137208,3.3833185869743416,15.200000000000005,0.49945974453038333,6.840000000000002,-0.76,-0.2803697491837595,-0.2803697491837595,-24.0,-0.9500000000000003,0.0,0.0,0.0,4.0,0.0,0.0,0.0
Random,summer,summer,22.0,2,Delhi,Mumbai,False,,210,pool_depleted,-274.0302561173029,-0.6576720044534605,-3.9725064867889026,-0.26824703556372176,-1.8530515404580186,0.13812763507314646,-0.6584533425559234,-0.6584533425559234,-44.0,-10.500000000000014,-92.99999999999983,-4.600000000000001,-54.0,0.0,0.0,-60.0,0.0
Dijkstra-km,summer,summer,22.0,2,Delhi,Mumbai,False,,35,pool_depleted,-66.72856706052619,0.5553799875854514,13.477354949403285,0.9539698546341696,6.670166320795901,-0.7396673584081993,-0.04788540726840036,-0.04788540726840036,-12.0,-1.7500000000000009,-9.599999999999998,-0.2,-4.0,0.0,0.0,-60.0,0.0
BFS-hop,summer,summer,22.0,2,Delhi,Mumbai,True,19,19,,3.652038833137208,3.3833185869743416,15.200000000000005,0.49945974453038333,6.840000000000002,-0.76,-0.2803697491837595,-0.2803697491837595,-24.0,-0.9500000000000003,0.0,0.0,0.0,4.0,0.0,0.0,0.0
Max-SKR,summer,summer,22.0,2,Delhi,Mumbai,False,,23,no_valid_neighbor,-29.1086897922865,-0.03856740784776948,-1.3925131208842232,-0.09392699482799668,-0.71904921661634,0.11364875342020782,-0.03914090276518925,-0.039140902765189244,-4.0,-1.1000000000000003,-10.799999999999997,0.0,-6.0,0.0,0.0,0.0,-5.0
GNN-PPO,winter,winter,22.0,0,Delhi,Mumbai,True,19,19,,3.652038833137208,3.3833185869743416,15.200000000000005,0.49945974453038333,6.840000000000002,-0.76,-0.2803697491837595,-0.2803697491837595,-24.0,-0.9500000000000003,0.0,0.0,0.0,4.0,0.0,0.0,0.0
Random,winter,winter,22.0,0,Delhi,Mumbai,False,,178,pool_depleted,-285.1583606743452,-0.13719623834199296,2.2433146875325596,0.05224159205856848,0.3227335029756036,-0.09575375285145908,-0.7218502328593156,-0.7218502328593156,-80.0,-8.899999999999991,-87.59999999999988,-5.600000000000002,-44.0,0.0,0.0,-60.0,0.0
Dijkstra-km,winter,winter,22.0,0,Delhi,Mumbai,False,,137,pool_depleted,27.27072339648035,2.7826801434118997,86.7715676811114,5.10618570094536,44.10768474847192,-4.904630503056048,-0.22138218720211605,-0.22138218720211605,-27.0,-6.849999999999984,-8.399999999999999,-0.4,-3.5,0.0,0.0,-60.0,0.0
BFS-hop,winter,winter,22.0,0,Delhi,Mumbai,True,19,19,,3.652038833137208,3.3833185869743416,15.200000000000005,0.49945974453038333,6.840000000000002,-0.76,-0.2803697491837595,-0.2803697491837595,-24.0,-0.9500000000000003,0.0,0.0,0.0,4.0,0.0,0.0,0.0
Max-SKR,winter,winter,22.0,0,Delhi,Mumbai,False,,39,pool_depleted,-101.41467785712713,-0.11070279842047798,-3.012968098452641,-0.21120839088006702,-1.3580146340690191,0.17426601074752043,-0.07302497302622507,-0.07302497302622506,-4.0,-1.950000000000001,-19.800000000000004,0.0,-11.0,0.0,0.0,-60.0,0.0
GNN-PPO,winter,winter,22.0,1,Delhi,Mumbai,True,23,23,,-7.4549982645966795,3.3833185869743416,15.200000000000005,0.49945974453038333,6.780698786167073,-0.74,-0.3142376911342385,-0.3142376911342385,-32.0,-1.1500000000000004,-1.7999999999999998,0.0,-1.0,4.0,0.0,0.0,0.0
Random,winter,winter,22.0,1,Delhi,Mumbai,False,,306,pool_depleted,-445.75824243650953,-0.587097041059328,-4.7483111450245765,-0.2655214186149751,-2.9501806917526023,0.3875256621922105,-1.1973289011251536,-1.1973289011251536,-130.0,-15.300000000000082,-140.99999999999937,-10.399999999999995,-78.5,0.0,0.0,-60.0,0.0
Dijkstra-km,winter,winter,22.0,1,Delhi,Mumbai,False,,156,pool_depleted,44.08203551326115,3.3439973958849305,100.24882330459666,5.837475712566564,50.94778472608431,-5.664430547831273,-0.26580753902004606,-0.26580753902004606,-30.0,-7.79999999999998,-8.399999999999999,-0.4,-3.5,0.0,0.0,-60.0,0.0
BFS-hop,winter,winter,22.0,1,Delhi,Mumbai,True,21,21,,-0.2502503812856274,3.3833185869743416,15.200000000000005,0.49945974453038333,6.8006987861670725,-0.76,-0.3118637494787125,-0.3118637494787125,-26.0,-1.0500000000000003,-1.2,0.0,-0.5,4.0,0.0,0.0,0.0
Max-SKR,winter,winter,22.0,1,Delhi,Mumbai,False,,110,pool_depleted,-158.24812755421104,0.1770934061477709,3.8858203560797833,0.37371862020682434,1.692321982889124,-0.20981893673987154,-0.18363149139732468,-0.18363149139732465,-17.0,-5.4999999999999885,-55.80000000000009,0.0,-25.5,0.0,0.0,-60.0,0.0
GNN-PPO,winter,winter,22.0,2,Delhi,Mumbai,True,19,19,,3.652038833137208,3.3833185869743416,15.200000000000005,0.49945974453038333,6.840000000000002,-0.76,-0.2803697491837595,-0.2803697491837595,-24.0,-0.9500000000000003,0.0,0.0,0.0,4.0,0.0,0.0,0.0
Random,winter,winter,22.0,2,Delhi,Mumbai,False,,209,pool_depleted,-272.17339309154255,-0.6334877749890578,-3.3863804691957884,-0.1833997622114335,-1.856457724314149,0.14943103363038968,-0.6565491972312105,-0.6565491972312105,-44.0,-10.450000000000014,-92.39999999999984,-4.600000000000001,-53.5,0.0,0.0,-60.0,0.0
Dijkstra-km,winter,winter,22.0,2,Delhi,Mumbai,False,,33,pool_depleted,-64.1146397788449,0.5553799875854514,13.477268832786988,0.7695758107156689,6.669426177913306,-0.7411476441733909,-0.04757147183646035,-0.04757147183646035,-11.0,-1.6500000000000008,-8.399999999999999,-0.2,-3.5,0.0,0.0,-60.0,0.0
BFS-hop,winter,winter,22.0,2,Delhi,Mumbai,True,19,19,,3.652038833137208,3.3833185869743416,15.200000000000005,0.49945974453038333,6.840000000000002,-0.76,-0.2803697491837595,-0.2803697491837595,-24.0,-0.9500000000000003,0.0,0.0,0.0,4.0,0.0,0.0,0.0
Max-SKR,winter,winter,22.0,2,Delhi,Mumbai,False,,23,no_valid_neighbor,-29.096292303456327,-0.03856740784776948,-1.392502711224959,-0.07501419451438356,-0.7190453040462933,0.10711911970745436,-0.03914090276518925,-0.039140902765189244,-4.0,-1.1000000000000003,-10.799999999999997,0.0,-6.0,0.0,0.0,0.0,-5.0
GNN-PPO,monsoon_0200,monsoon,2.0,0,Delhi,Mumbai,True,19,19,,3.652038833137208,3.3833185869743416,15.200000000000005,0.49945974453038333,6.840000000000002,-0.76,-0.2803697491837595,-0.2803697491837595,-24.0,-0.9500000000000003,0.0,0.0,0.0,4.0,0.0,0.0,0.0
Random,monsoon_0200,monsoon,2.0,0,Delhi,Mumbai,False,,174,pool_depleted,-281.1435673100136,-0.13719623834199296,2.75147511022014,0.017612395006989107,0.25897375111334686,-0.10463190158712092,-0.7149002132125312,-0.7149002132125312,-80.0,-8.699999999999989,-85.1999999999999,-5.600000000000002,-43.0,0.0,0.0,-60.0,0.0
Dijkstra-km,monsoon_0200,monsoon,2.0,0,Delhi,Mumbai,False,,135,pool_depleted,28.134738502933544,2.7826801434118997,86.76978620031231,3.1688026300791132,44.10853467443726,-4.902930651125401,-0.22106724709085174,-0.22106724709085174,-26.0,-6.749999999999984,-7.199999999999998,-0.4,-3.0,0.0,0.0,-60.0,0.0
BFS-hop,monsoon_0200,monsoon,2.0,0,Delhi,Mumbai,True,19,19,,3.652038833137208,3.3833185869743416,15.200000000000005,0.49945974453038333,6.840000000000002,-0.76,-0.2803697491837595,-0.2803697491837595,-24.0,-0.9500000000000003,0.0,0.0,0.0,4.0,0.0,0.0,0.0
Max-SKR,monsoon_0200,monsoon,2.0,0,Delhi,Mumbai,False,,37,pool_depleted,-99.54471009602204,-0.11070279842047798,-3.0855783461718316,-0.12648629137934186,-1.3108736380560622,0.17720422256628376,-0.06913662228031164,-0.06913662228031163,-4.0,-1.850000000000001,-18.6,0.0,-10.5,0.0,0.0,-60.0,0.0
GNN-PPO,monsoon_0200,monsoon,2.0,1,Delhi,Mumbai,True,23,23,,-7.4549982645966795,3.3833185869743416,15.200000000000005,0.49945974453038333,6.780698786167073,-0.74,-0.3142376911342385,-0.3142376911342385,-32.0,-1.1500000000000004,-1.7999999999999998,0.0,-1.0,4.0,0.0,0.0,0.0
Random,monsoon_0200,monsoon,2.0,1,Delhi,Mumbai,False,,147,pool_depleted,-248.7240560741291,0.022431391345246566,-3.9859495704181636,-0.1776377088693686,-1.6110010667899286,0.2572233644649771,-0.4895612419309759,-0.4895612419309759,-60.0,-7.349999999999982,-70.80000000000004,-5.600000000000002,-38.5,0.0,0.0,-60.0,0.0
Dijkstra-km,monsoon_0200,monsoon,2.0,1,Delhi,Mumbai,False,,154,pool_depleted,44.6569937358407,3.3439973958849305,100.24671215602167,3.609098219990755,50.94939038698602,-5.661219226027855,-0.26549259850749907,-0.26549259850749907,-29.0,-7.699999999999981,-7.199999999999998,-0.4,-3.0,0.0,0.0,-60.0,0.0
BFS-hop,monsoon_0200,monsoon,2.0,1,Delhi,Mumbai,True,21,21,,-0.2502503812856274,3.3833185869743416,15.200000000000005,0.49945974453038333,6.8006987861670725,-0.76,-0.3118637494787125,-0.3118637494787125,-26.0,-1.0500000000000003,-1.2,0.0,-0.5,4.0,0.0,0.0,0.0
Max-SKR,monsoon_0200,monsoon,2.0,1,Delhi,Mumbai,False,,90,no_valid_neighbor,-81.21414078406197,0.21544675322426765,6.38186210704046,0.3254142106360201,2.865885703665296,-0.36865989821635603,-0.1420448302058286,-0.14204483020582856,-20.0,-4.449999999999992,-41.400000000000055,0.0,-19.5,0.0,0.0,0.0,-5.0
GNN-PPO,monsoon_0200,monsoon,2.0,2,Delhi,Mumbai,True,19,19,,3.652038833137208,3.3833185869743416,15.200000000000005,0.49945974453038333,6.840000000000002,-0.76,-0.2803697491837595,-0.2803697491837595,-24.0,-0.9500000000000003,0.0,0.0,0.0,4.0,0.0,0.0,0.0
Random,monsoon_0200,monsoon,2.0,2,Delhi,Mumbai,False,,124,pool_depleted,-196.7539850032804,-0.5332799015334535,0.40955117917135253,-0.06619550023695386,0.6720295386796207,-0.12871551896257896,-0.553687400199208,-0.553687400199208,-40.0,-6.199999999999986,-54.60000000000009,-4.200000000000001,-31.0,0.0,0.0,-60.0,0.0
Dijkstra-km,monsoon_0200,monsoon,2.0,2,Delhi,Mumbai,False,,31,pool_depleted,-61.574707545734576,0.5553799875854514,13.477014078998439,0.5028973565986414,6.671505367963979,-0.7369892640720435,-0.04725753640452034,-0.04725753640452034,-10.0,-1.5500000000000007,-7.199999999999998,-0.2,-3.0,0.0,0.0,-60.0,0.0
BFS-hop,monsoon_0200,monsoon,2.0,2,Delhi,Mumbai,True,19,19,,3.652038833137208,3.3833185869743416,15.200000000000005,0.49945974453038333,6.840000000000002,-0.76,-0.2803697491837595,-0.2803697491837595,-24.0,-0.9500000000000003,0.0,0.0,0.0,4.0,0.0,0.0,0.0
Max-SKR,monsoon_0200,monsoon,2.0,2,Delhi,Mumbai,False,,23,no_valid_neighbor,-29.07515898971778,-0.03856740784776948,-1.392469762125372,-0.046028716592473914,-0.7180904031781785,0.09827910555639398,-0.03914090276518925,-0.039140902765189244,-4.0,-1.1000000000000003,-10.799999999999997,0.0,-6.0,0.0,0.0,0.0,-5.0
GNN-PPO,monsoon_2200,monsoon,22.0,0,Delhi,Mumbai,True,19,19,,3.652038833137208,3.3833185869743416,15.200000000000005,0.49945974453038333,6.840000000000002,-0.76,-0.2803697491837595,-0.2803697491837595,-24.0,-0.9500000000000003,0.0,0.0,0.0,4.0,0.0,0.0,0.0
Random,monsoon_2200,monsoon,22.0,0,Delhi,Mumbai,False,,174,pool_depleted,-281.14299225946456,-0.13719623834199296,2.7514797500578636,0.016983011240078512,0.2595539440292768,-0.10401230002478196,-0.7149002132125312,-0.7149002132125312,-80.0,-8.699999999999989,-85.1999999999999,-5.600000000000002,-43.0,0.0,0.0,-60.0,0.0
Dijkstra-km,monsoon_2200,monsoon,22.0,0,Delhi,Mumbai,False,,135,pool_depleted,28.184338626740292,2.7826801434118997,86.76985688257237,3.2183817152085177,44.10851812657633,-4.902963746847243,-0.22106724709085174,-0.22106724709085174,-26.0,-6.749999999999984,-7.199999999999998,-0.4,-3.0,0.0,0.0,-60.0,0.0
BFS-hop,monsoon_2200,monsoon,22.0,0,Delhi,Mumbai,True,19,19,,3.652038833137208,3.3833185869743416,15.200000000000005,0.49945974453038333,6.840000000000002,-0.76,-0.2803697491837595,-0.2803697491837595,-24.0,-0.9500000000000003,0.0,0.0,0.0,4.0,0.0,0.0,0.0
Max-SKR,monsoon_2200,monsoon,22.0,0,Delhi,Mumbai,False,,37,pool_depleted,-99.54465587860801,-0.11070279842047798,-3.0855782948621804,-0.12646646607352457,-1.3108642701629067,0.17722919547170093,-0.06913662228031164,-0.06913662228031163,-4.0,-1.850000000000001,-18.6,0.0,-10.5,0.0,0.0,-60.0,0.0
GNN-PPO,monsoon_2200,monsoon,22.0,1,Delhi,Mumbai,True,23,23,,-7.4549982645966795,3.3833185869743416,15.200000000000005,0.49945974453038333,6.780698786167073,-0.74,-0.3142376911342385,-0.3142376911342385,-32.0,-1.1500000000000004,-1.7999999999999998,0.0,-1.0,4.0,0.0,0.0,0.0
Random,monsoon_2200,monsoon,22.0,1,Delhi,Mumbai,False,,147,pool_depleted,-248.7260642850655,0.022431391345246566,-3.9859509772954334,-0.1743302604295623,-1.6157761721676365,0.25668421734378954,-0.4895612419309759,-0.4895612419309759,-60.0,-7.349999999999982,-70.80000000000004,-5.600000000000002,-38.5,0.0,0.0,-60.0,0.0
Dijkstra-km,monsoon_2200,monsoon,22.0,1,Delhi,Mumbai,False,,154,pool_depleted,44.71967948945312,3.3439973958849305,100.24680894553315,3.6717333103838903,50.94937501155531,-5.661249976889268,-0.26549259850749907,-0.26549259850749907,-29.0,-7.699999999999981,-7.199999999999998,-0.4,-3.0,0.0,0.0,-60.0,0.0
BFS-hop,monsoon_2200,monsoon,22.0,1,Delhi,Mumbai,True,21,21,,-0.2502503812856274,3.3833185869743416,15.200000000000005,0.49945974453038333,6.8006987861670725,-0.76,-0.3118637494787125,-0.3118637494787125,-26.0,-1.0500000000000003,-1.2,0.0,-0.5,4.0,0.0,0.0,0.0
Max-SKR,monsoon_2200,monsoon,22.0,1,Delhi,Mumbai,False,,98,pool_depleted,-147.6218938284959,0.1321703754020234,2.6895924260563895,0.20621897984254148,1.3631623360281822,-0.17551521406641407,-0.168761365879337,-0.16876136587933696,-15.0,-4.899999999999991,-48.60000000000007,0.0,-23.0,0.0,0.0,-60.0,0.0
GNN-PPO,monsoon_2200,monsoon,22.0,2,Delhi,Mumbai,True,19,19,,3.652038833137208,3.3833185869743416,15.200000000000005,0.49945974453038333,6.840000000000002,-0.76,-0.2803697491837595,-0.2803697491837595,-24.0,-0.9500000000000003,0.0,0.0,0.0,4.0,0.0,0.0,0.0
Random,monsoon_2200,monsoon,22.0,2,Delhi,Mumbai,False,,124,pool_depleted,-196.77608876104284,-0.5332799015334535,0.4095464583878242,-0.07190112846990196,0.6632757801919028,-0.13635516922075017,-0.553687400199208,-0.553687400199208,-40.0,-6.199999999999986,-54.60000000000009,-4.200000000000001,-31.0,0.0,0.0,-60.0,0.0
Dijkstra-km,monsoon_2200,monsoon,22.0,2,Delhi,Mumbai,False,,31,pool_depleted,-61.57496408478351,0.5553799875854514,13.47701368715416,0.5026417261615914,6.67150519570811,-0.7369896085837848,-0.04725753640452034,-0.04725753640452034,-10.0,-1.5500000000000007,-7.199999999999998,-0.2,-3.0,0.0,0.0,-60.0,0.0
BFS-hop,monsoon_2200,monsoon,22.0,2,Delhi,Mumbai,True,19,19,,3.652038833137208,3.3833185869743416,15.200000000000005,0.49945974453038333,6.840000000000002,-0.76,-0.2803697491837595,-0.2803697491837595,-24.0,-0.9500000000000003,0.0,0.0,0.0,4.0,0.0,0.0,0.0
Max-SKR,monsoon_2200,monsoon,22.0,2,Delhi,Mumbai,False,,23,no_valid_neighbor,-29.07516305289074,-0.03856740784776948,-1.392469775099374,-0.04601862955698656,-0.7180956233214216,0.09827018846518477,-0.03914090276518925,-0.039140902765189244,-4.0,-1.1000000000000003,-10.799999999999997,0.0,-6.0,0.0,0.0,0.0,-5.0
GNN-PPO,normal_0200,normal,2.0,0,Mumbai,Chennai,True,18,18,,3.2920287264958095,3.0894715671834554,14.400000000000004,0.45693473218604613,6.480000000000001,-0.72,-0.25718878643684673,-0.25718878643684673,-23.0,-0.9000000000000002,0.0,0.0,0.0,4.0,0.0,0.0,0.0
Random,normal_0200,normal,2.0,0,Mumbai,Chennai,False,,144,pool_depleted,-210.96970606066373,-0.7486620452908712,-5.552871954641522,-0.5006941398145867,-4.017659426862024,0.47842731869512534,-0.36412290637492717,-0.36412290637492717,-24.0,-7.199999999999982,-68.40000000000006,-1.7999999999999998,-38.5,0.0,0.0,-60.0,0.0
Dijkstra-km,normal_0200,normal,2.0,0,Mumbai,Chennai,False,,136,pool_depleted,23.69049441245602,2.5108386413575348,84.5860167669703,6.14529369434106,43.029588703280844,-4.780822593438242,-0.20021040002779905,-0.20021040002779905,-27.0,-6.799999999999984,-9.599999999999998,0.0,-4.0,0.0,0.0,-60.0,0.0
BFS-hop,normal_0200,normal,2.0,0,Mumbai,Chennai,True,17,17,,2.1422657050399883,3.089471567183455,13.600000000000003,0.38534789514939444,6.120000000000001,-0.6799999999999999,-0.2612768786464311,-0.2612768786464311,-23.0,-0.8500000000000002,0.0,0.0,0.0,4.0,0.0,0.0,0.0
Max-SKR,normal_0200,normal,2.0,0,Mumbai,Chennai,False,,151,pool_depleted,-278.61503148347117,-0.0004394538956216864,0.44237112660923694,0.00332833731053355,-0.25746895208405596,0.057529614723995565,-0.1551760780676435,-0.15517607806764347,-95.0,-7.549999999999981,-77.99999999999997,0.0,-38.0,0.0,0.0,-60.0,0.0
GNN-PPO,normal_0200,normal,2.0,1,Mumbai,Chennai,True,19,19,,-0.4516422607055386,3.089471567183455,13.600000000000003,0.38535421361720307,6.1433578131787,-0.6966421868213005,-0.2615918339317984,-0.2615918339317984,-24.0,-0.9500000000000003,-0.6,-0.4,-0.5,4.0,0.0,0.0,0.0
Random,normal_0200,normal,2.0,1,Mumbai,Chennai,False,,176,no_valid_neighbor,-194.7554389197236,-1.3654931085080604,-13.012447557198744,-0.6265984836435988,-6.515675354094125,0.809489801340554,-0.44735710880984325,-0.4473571088098432,-28.0,-8.74999999999999,-80.99999999999994,-2.4,-48.0,0.0,0.0,0.0,-5.0
Dijkstra-km,normal_0200,normal,2.0,1,Mumbai,Chennai,True,141,141,,128.02150159689796,3.0894715671834545,99.59062952391587,7.162473703241264,50.75999999999994,-5.640000000000004,-0.2455365987213299,-0.2455365987213299,-23.0,-7.049999999999983,0.0,-0.4,0.0,4.0,0.0,0.0,0.0
BFS-hop,normal_0200,normal,2.0,1,Mumbai,Chennai,True,19,19,,-0.4516422607055386,3.089471567183455,13.600000000000003,0.38535421361720307,6.1433578131787,-0.6966421868213005,-0.2615918339317984,-0.2615918339317984,-24.0,-0.9500000000000003,-0.6,-0.4,-0.5,4.0,0.0,0.0,0.0
Max-SKR,normal_0200,normal,2.0,1,Mumbai,Chennai,False,,174,no_valid_neighbor,-220.68041783568657,0.05249734923223687,2.3702056680354135,0.07498837289192185,-0.2028942931598219,0.12076612189326445,-0.22299052728981988,-0.22299052728981983,-76.0,-8.649999999999988,-89.99999999999986,0.0,-43.0,0.0,0.0,0.0,-5.0
GNN-PPO,normal_0200,normal,2.0,2,Mumbai,Chennai,True,17,17,,2.1422657050399883,3.089471567183455,13.600000000000003,0.38534789514939444,6.120000000000001,-0.6799999999999999,-0.2612768786464311,-0.2612768786464311,-23.0,-0.8500000000000002,0.0,0.0,0.0,4.0,0.0,0.0,0.0
Random,normal_0200,normal,2.0,2,Mumbai,Chennai,False,,36,no_valid_neighbor,-50.08397686255576,-0.6755830135136814,-5.207036717499819,-0.2510794591363695,-2.37898385564409,0.29671287397193113,-0.1090033453668685,-0.10900334536686848,-10.0,-1.7500000000000009,-13.799999999999995,-0.6000000000000001,-10.5,0.0,0.0,0.0,-5.0
Dijkstra-km,normal_0200,normal,2.0,2,Mumbai,Chennai,True,133,133,,119.45138908045851,3.089471567183455,94.05194730514779,6.691923673744053,47.879999999999946,-5.320000000000004,-0.24597673280844057,-0.24597673280844057,-23.0,-6.649999999999984,0.0,-0.8,0.0,4.0,0.0,0.0,0.0
BFS-hop,normal_0200,normal,2.0,2,Mumbai,Chennai,True,17,17,,2.1422657050399883,3.089471567183455,13.600000000000003,0.38534789514939444,6.120000000000001,-0.6799999999999999,-0.2612768786464311,-0.2612768786464311,-23.0,-0.8500000000000002,0.0,0.0,0.0,4.0,0.0,0.0,0.0
Max-SKR,normal_0200,normal,2.0,2,Mumbai,Chennai,False,,63,pool_depleted,-135.11606578707773,0.04613858423787009,3.275756742305492,0.11755406711404394,0.860359534245144,-0.10382598889326569,-0.08102436304351174,-0.08102436304351171,-31.0,-3.149999999999997,-30.00000000000003,0.0,-15.0,0.0,0.0,-60.0,0.0
GNN-PPO,normal_2200,normal,22.0,0,Mumbai,Chennai,True,18,18,,3.2920287264958095,3.0894715671834554,14.400000000000004,0.45693473218604613,6.480000000000001,-0.72,-0.25718878643684673,-0.25718878643684673,-23.0,-0.9000000000000002,0.0,0.0,0.0,4.0,0.0,0.0,0.0
Random,normal_2200,normal,22.0,0,Mumbai,Chennai,False,,144,pool_depleted,-210.97196973848312,-0.7486620452908712,-5.5528767414668,-0.5058523055945363,-4.017007708670381,0.48067487528942304,-0.36412290637492717,-0.36412290637492717,-24.0,-7.199999999999982,-68.40000000000006,-1.7999999999999998,-38.5,0.0,0.0,-60.0,0.0
Dijkstra-km,normal_2200,normal,22.0,0,Mumbai,Chennai,False,,136,pool_depleted,23.70523797074467,2.5108386413575348,84.58602215449766,6.160057605433098,43.0295801231706,-4.780839753658735,-0.20021040002779905,-0.20021040002779905,-27.0,-6.799999999999984,-9.599999999999998,0.0,-4.0,0.0,0.0,-60.0,0.0
BFS-hop,normal_2200,normal,22.0,0,Mumbai,Chennai,True,17,17,,2.1422657050399883,3.089471567183455,13.600000000000003,0.38534789514939444,6.120000000000001,-0.6799999999999999,-0.2612768786464311,-0.2612768786464311,-23.0,-0.8500000000000002,0.0,0.0,0.0,4.0,0.0,0.0,0.0
Max-SKR,normal_2200,normal,22.0,0,Mumbai,Chennai,False,,85,pool_depleted,-200.04475593764897,-0.0004394538956216855,0.5179958644149099,-0.005193915517094243,-0.5656010753575109,0.12009103622502218,-0.08080419675932395,-0.08080419675932392,-71.0,-4.249999999999993,-43.20000000000006,0.0,-21.5,0.0,0.0,-60.0,0.0
GNN-PPO,normal_2200,normal,22.0,1,Mumbai,Chennai,True,19,19,,-0.4516422015810777,3.089471567183455,13.600000000000003,0.3853542166828416,6.143357841208112,-0.6966421587918893,-0.2615918339317984,-0.2615918339317984,-24.0,-0.9500000000000003,-0.6,-0.4,-0.5,4.0,0.0,0.0,0.0
Random,normal_2200,normal,22.0,1,Mumbai,Chennai,False,,176,no_valid_neighbor,-194.7528067579337,-1.3654931085080604,-13.012446546827388,-0.6280917841774941,-6.511785301068539,0.8097242002673241,-0.44735710880984325,-0.4473571088098432,-28.0,-8.74999999999999,-80.99999999999994,-2.4,-48.0,0.0,0.0,0.0,-5.0
Dijkstra-km,normal_2200,normal,22.0,1,Mumbai,Chennai,True,141,141,,128.04652069360887,3.0894715671834545,99.59063884933758,7.1874834745303655,50.75999999999994,-5.640000000000004,-0.2455365987213299,-0.2455365987213299,-23.0,-7.049999999999983,0.0,-0.4,0.0,4.0,0.0,0.0,0.0
BFS-hop,normal_2200,normal,22.0,1,Mumbai,Chennai,True,19,19,,-0.4516422015810777,3.089471567183455,13.600000000000003,0.3853542166828416,6.143357841208112,-0.6966421587918893,-0.2615918339317984,-0.2615918339317984,-24.0,-0.9500000000000003,-0.6,-0.4,-0.5,4.0,0.0,0.0,0.0
Max-SKR,normal_2200,normal,22.0,1,Mumbai,Chennai,False,,158,pool_depleted,-255.59261557272444,-0.19736202831637628,-5.907493686657859,-0.4796489275692894,-2.49398582097372,0.43143671914321313,-0.22278091417518958,-0.22278091417518958,-52.0,-7.89999999999998,-84.59999999999991,0.0,-42.0,0.0,0.0,-60.0,0.0
GNN-PPO,normal_2200,normal,22.0,2,Mumbai,Chennai,True,17,17,,2.1422657050399883,3.089471567183455,13.600000000000003,0.38534789514939444,6.120000000000001,-0.6799999999999999,-0.2612768786464311,-0.2612768786464311,-23.0,-0.8500000000000002,0.0,0.0,0.0,4.0,0.0,0.0,0.0
Random,normal_2200,normal,22.0,2,Mumbai,Chennai,False,,36,no_valid_neighbor,-50.08398868757722,-0.6755830135136814,-5.2070367266099336,-0.2510833123812486,-2.3789930126011387,0.29671406826253005,-0.1090033453668685,-0.10900334536686848,-10.0,-1.7500000000000009,-13.799999999999995,-0.6000000000000001,-10.5,0.0,0.0,0.0,-5.0
Dijkstra-km,normal_2200,normal,22.0,2,Mumbai,Chennai,True,133,133,,119.47686025362096,3.089471567183455,94.05195707232834,6.717385079726002,47.879999999999946,-5.320000000000004,-0.24597673280844057,-0.24597673280844057,-23.0,-6.649999999999984,0.0,-0.8,0.0,4.0,0.0,0.0,0.0
BFS-hop,normal_2200,normal,22.0,2,Mumbai,Chennai,True,17,17,,2.1422657050399883,3.089471567183455,13.600000000000003,0.38534789514939444,6.120000000000001,-0.6799999999999999,-0.2612768786464311,-0.2612768786464311,-23.0,-0.8500000000000002,0.0,0.0,0.0,4.0,0.0,0.0,0.0
Max-SKR,normal_2200,normal,22.0,2,Mumbai,Chennai,False,,63,pool_depleted,-135.1161928489205,0.04613858423787009,3.275756695651906,0.11756505838071318,0.8603086297424453,-0.10391309084641989,-0.08102436304351174,-0.08102436304351171,-31.0,-3.149999999999997,-30.00000000000003,0.0,-15.0,0.0,0.0,-60.0,0.0
GNN-PPO,summer,summer,22.0,0,Mumbai,Chennai,True,18,18,,3.2920287264958095,3.0894715671834554,14.400000000000004,0.45693473218604613,6.480000000000001,-0.72,-0.25718878643684673,-0.25718878643684673,-23.0,-0.9000000000000002,0.0,0.0,0.0,4.0,0.0,0.0,0.0
Random,summer,summer,22.0,0,Mumbai,Chennai,False,,144,pool_depleted,-210.97172426522707,-0.7486620452908712,-5.55287550864259,-0.5043365102814699,-4.017223666055408,0.47961927779310165,-0.36412290637492717,-0.36412290637492717,-24.0,-7.199999999999982,-68.40000000000006,-1.7999999999999998,-38.5,0.0,0.0,-60.0,0.0
Dijkstra-km,summer,summer,22.0,0,Mumbai,Chennai,False,,136,pool_depleted,23.70344706235506,2.5108386413575348,84.58602151064221,6.158257685578067,43.02958334161088,-4.780833316778152,-0.20021040002779905,-0.20021040002779905,-27.0,-6.799999999999984,-9.599999999999998,0.0,-4.0,0.0,0.0,-60.0,0.0
BFS-hop,summer,summer,22.0,0,Mumbai,Chennai,True,17,17,,2.1422657050399883,3.089471567183455,13.600000000000003,0.38534789514939444,6.120000000000001,-0.6799999999999999,-0.2612768786464311,-0.2612768786464311,-23.0,-0.8500000000000002,0.0,0.0,0.0,4.0,0.0,0.0,0.0
Max-SKR,summer,summer,22.0,0,Mumbai,Chennai,False,,85,pool_depleted,-200.04481512326885,-0.0004394538956216855,0.5179958530908302,-0.00521756844171024,-0.5656209686005647,0.12007540809685412,-0.08080419675932395,-0.08080419675932392,-71.0,-4.249999999999993,-43.20000000000006,0.0,-21.5,0.0,0.0,-60.0,0.0
GNN-PPO,summer,summer,22.0,1,Mumbai,Chennai,True,19,19,,-0.39950722750877343,3.089471567183455,13.672742577436425,0.3862584886979843,6.096181348826772,-0.6638186511732285,-0.265171279240089,-0.265171279240089,-24.0,-0.9500000000000003,-0.6,-0.4,-0.5,4.0,0.0,0.0,0.0
Random,summer,summer,22.0,1,Mumbai,Chennai,False,,176,no_valid_neighbor,-194.75937965980913,-1.3654931085080604,-13.012449995308778,-0.6302358333531742,-6.51561185967412,0.8091253546547246,-0.44735710880984325,-0.4473571088098432,-28.0,-8.74999999999999,-80.99999999999994,-2.4,-48.0,0.0,0.0,0.0,-5.0
Dijkstra-km,summer,summer,22.0,1,Mumbai,Chennai,False,,137,pool_depleted,23.581462440018896,2.69529113890265,85.38603019277998,6.216934923237561,43.389082285847046,-4.821835428305826,-0.21702033622129852,-0.21702033622129852,-28.0,-6.849999999999984,-9.599999999999998,-0.4,-4.0,0.0,0.0,-60.0,0.0
BFS-hop,summer,summer,22.0,1,Mumbai,Chennai,True,19,19,,-1.7600235093828465,3.089471567183455,13.600000000000003,0.38534789514939444,6.080698786167073,-0.6799999999999999,-0.2927708789413841,-0.2927708789413841,-25.0,-0.9500000000000003,-1.2,0.0,-0.5,4.0,0.0,0.0,0.0
Max-SKR,summer,summer,22.0,1,Mumbai,Chennai,False,,179,pool_depleted,-285.41688797833257,0.005601206639507292,1.8884672989210771,0.01903784518880919,-0.9592122360868951,0.1388064485492986,-0.22979427077213033,-0.22979427077213033,-79.0,-8.949999999999992,-93.59999999999982,0.0,-44.5,0.0,0.0,-60.0,0.0
GNN-PPO,summer,summer,22.0,2,Mumbai,Chennai,True,17,17,,2.1422657050399883,3.089471567183455,13.600000000000003,0.38534789514939444,6.120000000000001,-0.6799999999999999,-0.2612768786464311,-0.2612768786464311,-23.0,-0.8500000000000002,0.0,0.0,0.0,4.0,0.0,0.0,0.0
Random,summer,summer,22.0,2,Mumbai,Chennai,False,,101,pool_depleted,-195.46460104948767,-0.5508715704327325,-12.047619726746431,-0.8967048843645901,-5.741962304294911,0.6884077130157683,-0.48292513833238315,-0.4829251383323831,-34.0,-5.04999999999999,-45.600000000000065,-1.7999999999999998,-29.5,0.0,0.0,-60.0,0.0
Dijkstra-km,summer,summer,22.0,2,Mumbai,Chennai,True,133,133,,119.47232390818279,3.089471567183455,94.05195537228983,6.7128504343263,47.879999999999946,-5.320000000000004,-0.24597673280844057,-0.24597673280844057,-23.0,-6.649999999999984,0.0,-0.8,0.0,4.0,0.0,0.0,0.0
BFS-hop,summer,summer,22.0,2,Mumbai,Chennai,True,17,17,,2.1422657050399883,3.089471567183455,13.600000000000003,0.38534789514939444,6.120000000000001,-0.6799999999999999,-0.2612768786464311,-0.2612768786464311,-23.0,-0.8500000000000002,0.0,0.0,0.0,4.0,0.0,0.0,0.0
Max-SKR,summer,summer,22.0,2,Mumbai,Chennai,False,,63,pool_depleted,-135.1161862398635,0.04613858423787009,3.275756693853067,0.1175694614027365,0.8603084023009554,-0.10391065557113108,-0.08102436304351174,-0.08102436304351171,-31.0,-3.149999999999997,-30.00000000000003,0.0,-15.0,0.0,0.0,-60.0,0.0
GNN-PPO,winter,winter,22.0,0,Mumbai,Chennai,True,18,18,,3.2920287264958095,3.0894715671834554,14.400000000000004,0.45693473218604613,6.480000000000001,-0.72,-0.25718878643684673,-0.25718878643684673,-23.0,-0.9000000000000002,0.0,0.0,0.0,4.0,0.0,0.0,0.0
Random,winter,winter,22.0,0,Mumbai,Chennai,False,,142,pool_depleted,-209.29086721749337,-0.7486620452908712,-5.625502064093568,-0.428808004581531,-4.130575474665303,0.46313468085307763,-0.36022715485759604,-0.36022715485759604,-24.0,-7.099999999999983,-67.20000000000007,-1.7999999999999998,-38.0,0.0,0.0,-60.0,0.0
Dijkstra-km,winter,winter,22.0,0,Mumbai,Chennai,False,,134,pool_depleted,25.27467606991179,2.5108386413575348,84.5854434860082,4.9302556871371594,43.029309725342316,-4.78138054931527,-0.19989546030916588,-0.19989546030916588,-26.0,-6.699999999999984,-8.399999999999999,0.0,-3.5,0.0,0.0,-60.0,0.0
BFS-hop,winter,winter,22.0,0,Mumbai,Chennai,True,17,17,,2.1422657050399883,3.089471567183455,13.600000000000003,0.38534789514939444,6.120000000000001,-0.6799999999999999,-0.2612768786464311,-0.2612768786464311,-23.0,-0.8500000000000002,0.0,0.0,0.0,4.0,0.0,0.0,0.0
Max-SKR,winter,winter,22.0,0,Mumbai,Chennai,False,,71,pool_depleted,-181.91939107275613,-0.0004394538956216864,0.37256939273157885,-0.006055667450132335,-0.4562891008231598,0.048799473923683154,-0.06398785862125048,-0.06398785862125046,-63.0,-3.5499999999999954,-37.200000000000045,0.0,-18.0,0.0,0.0,-60.0,0.0
GNN-PPO,winter,winter,22.0,1,Mumbai,Chennai,True,19,19,,-0.4451041135419542,3.089471567183455,13.600000000000003,0.38535421438433554,6.146626886376926,-0.6933731136230746,-0.2615918339317984,-0.2615918339317984,-24.0,-0.9500000000000003,-0.6,-0.4,-0.5,4.0,0.0,0.0,0.0
Random,winter,winter,22.0,1,Mumbai,Chennai,False,,147,pool_depleted,-220.13070515853207,-1.2672471717403244,-15.0717313134232,-0.7028429898332091,-6.961634412617015,0.8744504943788752,-0.32584988264855935,-0.3258498826485593,-20.0,-7.349999999999982,-65.40000000000009,-1.5999999999999999,-42.0,0.0,0.0,-60.0,0.0
Dijkstra-km,winter,winter,22.0,1,Mumbai,Chennai,True,141,141,,126.61785857909081,3.0894715671834545,99.58997367247373,5.759486536876182,50.75999999999994,-5.640000000000004,-0.2455365987213299,-0.2455365987213299,-23.0,-7.049999999999983,0.0,-0.4,0.0,4.0,0.0,0.0,0.0
BFS-hop,winter,winter,22.0,1,Mumbai,Chennai,True,19,19,,-0.4451041135419542,3.089471567183455,13.600000000000003,0.38535421438433554,6.146626886376926,-0.6933731136230746,-0.2615918339317984,-0.2615918339317984,-24.0,-0.9500000000000003,-0.6,-0.4,-0.5,4.0,0.0,0.0,0.0
Max-SKR,winter,winter,22.0,1,Mumbai,Chennai,False,,106,pool_depleted,-194.72524940279504,-0.10635128707460864,-3.478861880180456,-0.20155661805252284,-2.2816147103740585,0.31819187895571205,-0.13752839303457504,-0.13752839303457504,-42.0,-5.299999999999989,-53.400000000000084,0.0,-28.0,0.0,0.0,-60.0,0.0
GNN-PPO,winter,winter,22.0,2,Mumbai,Chennai,True,17,17,,2.1422657050399883,3.089471567183455,13.600000000000003,0.38534789514939444,6.120000000000001,-0.6799999999999999,-0.2612768786464311,-0.2612768786464311,-23.0,-0.8500000000000002,0.0,0.0,0.0,4.0,0.0,0.0,0.0
Random,winter,winter,22.0,2,Mumbai,Chennai,False,,35,pool_depleted,-105.09795270360723,-0.5508715704327324,-6.399825680185713,-0.37078788091240733,-3.137535526983855,0.36468842985684297,-0.1268102374746888,-0.12681023747468878,-8.0,-1.7500000000000009,-13.799999999999995,-0.2,-11.0,0.0,0.0,-60.0,0.0
Dijkstra-km,winter,winter,22.0,2,Mumbai,Chennai,True,133,133,,118.14318277885992,3.089471567183455,94.05133242478865,5.384332252504572,47.879999999999946,-5.320000000000004,-0.24597673280844057,-0.24597673280844057,-23.0,-6.649999999999984,0.0,-0.8,0.0,4.0,0.0,0.0,0.0
BFS-hop,winter,winter,22.0,2,Mumbai,Chennai,True,17,17,,2.1422657050399883,3.089471567183455,13.600000000000003,0.38534789514939444,6.120000000000001,-0.6799999999999999,-0.2612768786464311,-0.2612768786464311,-23.0,-0.8500000000000002,0.0,0.0,0.0,4.0,0.0,0.0,0.0
Max-SKR,winter,winter,22.0,2,Mumbai,Chennai,False,,61,pool_depleted,-132.41556799133747,0.04613858423787009,3.2030545432164796,0.09386618949151312,0.852972433782868,-0.10551088187458874,-0.07804443009580733,-0.0780444300958073,-30.0,-3.049999999999997,-28.800000000000026,0.0,-14.5,0.0,0.0,-60.0,0.0
GNN-PPO,monsoon_0200,monsoon,2.0,0,Mumbai,Chennai,True,18,18,,3.2920287264958095,3.0894715671834554,14.400000000000004,0.45693473218604613,6.480000000000001,-0.72,-0.25718878643684673,-0.25718878643684673,-23.0,-0.9000000000000002,0.0,0.0,0.0,4.0,0.0,0.0,0.0
Random,monsoon_0200,monsoon,2.0,0,Mumbai,Chennai,False,,140,pool_depleted,-207.63764996395747,-0.7486620452908712,-5.697849416297217,-0.29854564370751824,-4.302834192780086,0.42290414079870653,-0.3563314033402649,-0.3563314033402649,-24.0,-6.999999999999983,-66.00000000000009,-1.7999999999999998,-37.5,0.0,0.0,-60.0,0.0
Dijkstra-km,monsoon_0200,monsoon,2.0,0,Mumbai,Chennai,False,,132,pool_depleted,26.20262540979877,2.5108386413575348,84.58360698612292,3.0492468273328304,43.03269799872211,-4.7746040025557015,-0.19958052059053272,-0.19958052059053272,-25.0,-6.5999999999999845,-7.199999999999998,0.0,-3.0,0.0,0.0,-60.0,0.0
BFS-hop,monsoon_0200,monsoon,2.0,0,Mumbai,Chennai,True,17,17,,2.1422657050399883,3.089471567183455,13.600000000000003,0.38534789514939444,6.120000000000001,-0.6799999999999999,-0.2612768786464311,-0.2612768786464311,-23.0,-0.8500000000000002,0.0,0.0,0.0,4.0,0.0,0.0,0.0
Max-SKR,monsoon_0200,monsoon,2.0,0,Mumbai,Chennai,False,,14,pool_depleted,-100.26975323771086,0.0,0.0,0.0,-0.1865459653905429,0.026908069218914116,-0.05505767076960782,-0.05505767076960782,-28.0,-0.7000000000000001,-7.799999999999998,0.0,-3.5,0.0,0.0,-60.0,0.0
GNN-PPO,monsoon_0200,monsoon,2.0,1,Mumbai,Chennai,True,19,19,,-0.41523825501494116,3.089471567183455,13.672760387431985,0.3871637010979316,6.087854323875934,-0.6721456761240666,-0.265171279240089,-0.265171279240089,-24.0,-0.9500000000000003,-0.6,-0.4,-0.5,4.0,0.0,0.0,0.0
Random,monsoon_0200,monsoon,2.0,1,Mumbai,Chennai,False,,141,pool_depleted,-214.31333469136024,-1.2672471717403244,-15.000387181270732,-0.47999369578877604,-6.828453445811025,0.841242349665617,-0.31424777320744707,-0.314247773207447,-20.0,-7.049999999999983,-61.800000000000104,-1.5999999999999999,-40.5,0.0,0.0,-60.0,0.0
Dijkstra-km,monsoon_0200,monsoon,2.0,1,Mumbai,Chennai,False,,117,pool_depleted,9.40637186287345,2.69529113890265,74.30659525034544,2.6329837774509186,37.632044901995435,-4.1759101960090375,-0.21731650490605345,-0.21731650490605342,-26.0,-5.849999999999987,-7.199999999999998,-1.2,-3.0,0.0,0.0,-60.0,0.0
BFS-hop,monsoon_0200,monsoon,2.0,1,Mumbai,Chennai,True,19,19,,-1.7600235093828465,3.089471567183455,13.600000000000003,0.38534789514939444,6.080698786167073,-0.6799999999999999,-0.2927708789413841,-0.2927708789413841,-25.0,-0.9500000000000003,-1.2,0.0,-0.5,4.0,0.0,0.0,0.0
Max-SKR,monsoon_0200,monsoon,2.0,1,Mumbai,Chennai,False,,14,pool_depleted,-100.26975323771086,0.0,0.0,0.0,-0.1865459653905429,0.026908069218914116,-0.05505767076960782,-0.05505767076960782,-28.0,-0.7000000000000001,-7.799999999999998,0.0,-3.5,0.0,0.0,-60.0,0.0
GNN-PPO,monsoon_0200,monsoon,2.0,2,Mumbai,Chennai,True,17,17,,2.1422657050399883,3.089471567183455,13.600000000000003,0.38534789514939444,6.120000000000001,-0.6799999999999999,-0.2612768786464311,-0.2612768786464311,-23.0,-0.8500000000000002,0.0,0.0,0.0,4.0,0.0,0.0,0.0
Random,monsoon_0200,monsoon,2.0,2,Mumbai,Chennai,False,,33,pool_depleted,-103.30743101004329,-0.5508715704327324,-6.472464313780062,-0.2880750789081452,-3.1468029226626895,0.3466155011334944,-0.12291631269657623,-0.12291631269657621,-8.0,-1.6500000000000008,-12.599999999999996,-0.2,-10.5,0.0,0.0,-60.0,0.0
Dijkstra-km,monsoon_0200,monsoon,2.0,2,Mumbai,Chennai,True,133,133,,116.06653740652872,3.089471567183455,94.04931219306636,3.3097071118956958,47.879999999999946,-5.320000000000004,-0.24597673280844057,-0.24597673280844057,-23.0,-6.649999999999984,0.0,-0.8,0.0,4.0,0.0,0.0,0.0
BFS-hop,monsoon_0200,monsoon,2.0,2,Mumbai,Chennai,True,17,17,,2.1422657050399883,3.089471567183455,13.600000000000003,0.38534789514939444,6.120000000000001,-0.6799999999999999,-0.2612768786464311,-0.2612768786464311,-23.0,-0.8500000000000002,0.0,0.0,0.0,4.0,0.0,0.0,0.0
Max-SKR,monsoon_0200,monsoon,2.0,2,Mumbai,Chennai,False,,14,pool_depleted,-100.26975323771086,0.0,0.0,0.0,-0.1865459653905429,0.026908069218914116,-0.05505767076960782,-0.05505767076960782,-28.0,-0.7000000000000001,-7.799999999999998,0.0,-3.5,0.0,0.0,-60.0,0.0
GNN-PPO,monsoon_2200,monsoon,22.0,0,Mumbai,Chennai,True,18,18,,3.2920287264958095,3.0894715671834554,14.400000000000004,0.45693473218604613,6.480000000000001,-0.72,-0.25718878643684673,-0.25718878643684673,-23.0,-0.9000000000000002,0.0,0.0,0.0,4.0,0.0,0.0,0.0
Random,monsoon_2200,monsoon,22.0,0,Mumbai,Chennai,False,,140,pool_depleted,-207.64375544202932,-0.7486620452908712,-5.697898011816189,-0.3108348059255669,-4.30142027772312,0.4277225054069242,-0.3563314033402649,-0.3563314033402649,-24.0,-6.999999999999983,-66.00000000000009,-1.7999999999999998,-37.5,0.0,0.0,-60.0,0.0
Dijkstra-km,monsoon_2200,monsoon,22.0,0,Mumbai,Chennai,False,,132,pool_depleted,26.2394267367727,2.5108386413575348,84.5836622888205,3.086045353712256,43.03268049802108,-4.7746390039577475,-0.19958052059053272,-0.19958052059053272,-25.0,-6.5999999999999845,-7.199999999999998,0.0,-3.0,0.0,0.0,-60.0,0.0
BFS-hop,monsoon_2200,monsoon,22.0,0,Mumbai,Chennai,True,17,17,,2.1422657050399883,3.089471567183455,13.600000000000003,0.38534789514939444,6.120000000000001,-0.6799999999999999,-0.2612768786464311,-0.2612768786464311,-23.0,-0.8500000000000002,0.0,0.0,0.0,4.0,0.0,0.0,0.0
Max-SKR,monsoon_2200,monsoon,22.0,0,Mumbai,Chennai,False,,14,pool_depleted,-100.26975323771086,0.0,0.0,0.0,-0.1865459653905429,0.026908069218914116,-0.05505767076960782,-0.05505767076960782,-28.0,-0.7000000000000001,-7.799999999999998,0.0,-3.5,0.0,0.0,-60.0,0.0
GNN-PPO,monsoon_2200,monsoon,22.0,1,Mumbai,Chennai,True,19,19,,-0.4152459066408616,3.089471567183455,13.672760411977327,0.387165802601041,6.087849435038749,-0.672150564961252,-0.265171279240089,-0.265171279240089,-24.0,-0.9500000000000003,-0.6,-0.4,-0.5,4.0,0.0,0.0,0.0
Random,monsoon_2200,monsoon,22.0,1,Mumbai,Chennai,False,,141,pool_depleted,-214.31229111203416,-1.2672471717403244,-15.000402110027567,-0.48548267462063155,-6.827338683959666,0.8466750747288626,-0.31424777320744707,-0.314247773207447,-20.0,-7.049999999999983,-61.800000000000104,-1.5999999999999999,-40.5,0.0,0.0,-60.0,0.0
Dijkstra-km,monsoon_2200,monsoon,22.0,1,Mumbai,Chennai,False,,117,pool_depleted,9.430200137966438,2.69529113890265,74.30663458230784,2.6568548046965335,37.63201754062379,-4.1759649187523555,-0.21731650490605345,-0.21731650490605342,-26.0,-5.849999999999987,-7.199999999999998,-1.2,-3.0,0.0,0.0,-60.0,0.0
BFS-hop,monsoon_2200,monsoon,22.0,1,Mumbai,Chennai,True,19,19,,-1.7600235093828465,3.089471567183455,13.600000000000003,0.38534789514939444,6.080698786167073,-0.6799999999999999,-0.2927708789413841,-0.2927708789413841,-25.0,-0.9500000000000003,-1.2,0.0,-0.5,4.0,0.0,0.0,0.0
Max-SKR,monsoon_2200,monsoon,22.0,1,Mumbai,Chennai,False,,14,pool_depleted,-100.26975323771086,0.0,0.0,0.0,-0.1865459653905429,0.026908069218914116,-0.05505767076960782,-0.05505767076960782,-28.0,-0.7000000000000001,-7.799999999999998,0.0,-3.5,0.0,0.0,-60.0,0.0
GNN-PPO,monsoon_2200,monsoon,22.0,2,Mumbai,Chennai,True,17,17,,2.1422657050399883,3.089471567183455,13.600000000000003,0.38534789514939444,6.120000000000001,-0.6799999999999999,-0.2612768786464311,-0.2612768786464311,-23.0,-0.8500000000000002,0.0,0.0,0.0,4.0,0.0,0.0,0.0
Random,monsoon_2200,monsoon,22.0,2,Mumbai,Chennai,False,,33,pool_depleted,-103.30735254313583,-0.5508715704327324,-6.472464255298522,-0.28803437408079385,-3.1467883037213675,0.3466385857907379,-0.12291631269657623,-0.12291631269657621,-8.0,-1.6500000000000008,-12.599999999999996,-0.2,-10.5,0.0,0.0,-60.0,0.0
Dijkstra-km,monsoon_2200,monsoon,22.0,2,Mumbai,Chennai,True,133,133,,116.12924287098053,3.089471567183455,94.0494121185936,3.3723126508202523,47.879999999999946,-5.320000000000004,-0.24597673280844057,-0.24597673280844057,-23.0,-6.649999999999984,0.0,-0.8,0.0,4.0,0.0,0.0,0.0
BFS-hop,monsoon_2200,monsoon,22.0,2,Mumbai,Chennai,True,17,17,,2.1422657050399883,3.089471567183455,13.600000000000003,0.38534789514939444,6.120000000000001,-0.6799999999999999,-0.2612768786464311,-0.2612768786464311,-23.0,-0.8500000000000002,0.0,0.0,0.0,4.0,0.0,0.0,0.0
Max-SKR,monsoon_2200,monsoon,22.0,2,Mumbai,Chennai,False,,14,pool_depleted,-100.26975323771086,0.0,0.0,0.0,-0.1865459653905429,0.026908069218914116,-0.05505767076960782,-0.05505767076960782,-28.0,-0.7000000000000001,-7.799999999999998,0.0,-3.5,0.0,0.0,-60.0,0.0
GNN-PPO,normal_0200,normal,2.0,0,Kolkata,Delhi,True,19,19,,4.717049897204582,3.505047934193221,15.200000000000005,0.4545029233242165,6.840000000000002,-0.76,-0.28625048015642796,-0.28625048015642796,-23.0,-0.9500000000000003,0.0,0.0,0.0,4.0,0.0,0.0,0.0
Random,normal_0200,normal,2.0,0,Kolkata,Delhi,False,,122,pool_depleted,-211.20466271718084,-0.7755592175225197,-15.896442525084376,-1.1481528652336412,-8.160948264691129,0.9896806973068231,-0.3066202709779979,-0.3066202709779978,-28.0,-6.099999999999986,-53.400000000000084,-1.5999999999999999,-36.5,0.0,0.0,-60.0,0.0
Dijkstra-km,normal_0200,normal,2.0,0,Kolkata,Delhi,True,164,164,,152.39594801651165,3.5050479341932186,115.62340914162051,8.539430844064281,59.03999999999993,-6.560000000000005,-0.275969951683264,-0.275969951683264,-23.0,-8.199999999999982,0.0,0.0,0.0,4.0,0.0,0.0,0.0
BFS-hop,normal_0200,normal,2.0,0,Kolkata,Delhi,True,19,19,,4.717049897204582,3.505047934193221,15.200000000000005,0.4545029233242165,6.840000000000002,-0.76,-0.28625048015642796,-0.28625048015642796,-23.0,-0.9500000000000003,0.0,0.0,0.0,4.0,0.0,0.0,0.0
Max-SKR,normal_0200,normal,2.0,0,Kolkata,Delhi,False,,167,no_valid_neighbor,-231.79877793580556,-0.5619644487766927,-18.94332700171747,-1.3767638582633914,-9.72382117426136,1.269217446993965,-0.2310594498902668,-0.2310594498902668,-64.0,-8.299999999999983,-76.19999999999999,0.0,-48.5,0.0,0.0,0.0,-5.0
GNN-PPO,normal_0200,normal,2.0,1,Kolkata,Delhi,False,,16,pool_depleted,-121.74647493193746,0.0,0.0,0.0,0.18108944937392724,-0.03782110125214549,-0.044871640029618666,-0.044871640029618666,-48.0,-0.8000000000000002,-8.999999999999998,0.0,-4.0,0.0,0.0,-60.0,0.0
Random,normal_0200,normal,2.0,1,Kolkata,Delhi,False,,18,no_valid_neighbor,-28.644711041289128,-0.0948509606787502,-3.682741521450971,-0.22951092491203365,-1.8461576714528707,0.21829188785369724,-0.029870925324101506,-0.029870925324101506,-5.0,-0.8500000000000002,-6.599999999999999,0.0,-5.5,0.0,0.0,0.0,-5.0
Dijkstra-km,normal_0200,normal,2.0,1,Kolkata,Delhi,True,140,140,,126.75393665149092,3.505047934193219,99.00738664586027,7.196067174009217,50.39999999999994,-5.600000000000004,-0.2772825512859319,-0.2772825512859319,-23.0,-6.999999999999983,0.0,-1.2,0.0,4.0,0.0,0.0,0.0
BFS-hop,normal_0200,normal,2.0,1,Kolkata,Delhi,True,19,19,,4.717049897204582,3.505047934193221,15.200000000000005,0.4545029233242165,6.840000000000002,-0.76,-0.28625048015642796,-0.28625048015642796,-23.0,-0.9500000000000003,0.0,0.0,0.0,4.0,0.0,0.0,0.0
Max-SKR,normal_0200,normal,2.0,1,Kolkata,Delhi,False,,62,pool_depleted,-151.27891495964292,-0.07113130356607995,-2.6195459367985703,-0.17481404806327136,-1.4769158978563444,0.26202366091969637,-0.09926571713917923,-0.09926571713917923,-38.0,-3.099999999999997,-29.400000000000027,0.0,-16.5,0.0,0.0,-60.0,0.0
GNN-PPO,normal_0200,normal,2.0,2,Kolkata,Delhi,True,21,21,,2.124241266742695,3.505047934193221,15.200000000000005,0.4544807339653832,6.86392142419137,-0.776078575808631,-0.28656512489932306,-0.28656512489932306,-24.0,-1.0500000000000003,-0.6,-0.4,-0.5,4.0,0.0,0.0,0.0
Random,normal_0200,normal,2.0,2,Kolkata,Delhi,False,,140,pool_depleted,-251.31630512411286,-0.4666553202541348,5.405085559475341,0.7196123472296009,3.07923122648826,-0.45461112444228,-0.649483906304844,-0.649483906304844,-95.0,-6.999999999999983,-58.8000000000001,-5.000000000000002,-32.5,0.0,0.0,-60.0,0.0
Dijkstra-km,normal_0200,normal,2.0,2,Kolkata,Delhi,True,156,156,,143.8207128299085,3.505047934193219,110.08474042923339,8.06316054081438,56.15999999999993,-6.240000000000005,-0.27611803716629424,-0.27611803716629424,-23.0,-7.79999999999998,0.0,-0.4,0.0,4.0,0.0,0.0,0.0
BFS-hop,normal_0200,normal,2.0,2,Kolkata,Delhi,True,21,21,,2.124241266742695,3.505047934193221,15.200000000000005,0.4544807339653832,6.86392142419137,-0.776078575808631,-0.28656512489932306,-0.28656512489932306,-24.0,-1.0500000000000003,-0.6,-0.4,-0.5,4.0,0.0,0.0,0.0
Max-SKR,normal_0200,normal,2.0,2,Kolkata,Delhi,False,,42,pool_depleted,-117.43158173512518,-0.11924220412552815,-4.284043539197729,-0.30615294984367813,-1.942735153514051,0.26982476371211855,-0.07461632607815019,-0.07461632607815019,-17.0,-2.1000000000000005,-19.800000000000004,0.0,-12.0,0.0,0.0,-60.0,0.0
GNN-PPO,normal_2200,normal,22.0,0,Kolkata,Delhi,True,19,19,,4.717049897204582,3.505047934193221,15.200000000000005,0.4545029233242165,6.840000000000002,-0.76,-0.28625048015642796,-0.28625048015642796,-23.0,-0.9500000000000003,0.0,0.0,0.0,4.0,0.0,0.0,0.0
Random,normal_2200,normal,22.0,0,Kolkata,Delhi,False,,122,pool_depleted,-211.20419148783935,-0.7755592175225197,-15.896444893916403,-1.1494843717982743,-8.160879127589908,0.9914166649437135,-0.3066202709779979,-0.3066202709779978,-28.0,-6.099999999999986,-53.400000000000084,-1.5999999999999999,-36.5,0.0,0.0,-60.0,0.0
Dijkstra-km,normal_2200,normal,22.0,0,Kolkata,Delhi,True,164,164,,152.43824225202704,3.5050479341932186,115.62342545740647,8.58170876379372,59.03999999999993,-6.560000000000005,-0.275969951683264,-0.275969951683264,-23.0,-8.199999999999982,0.0,0.0,0.0,4.0,0.0,0.0,0.0
BFS-hop,normal_2200,normal,22.0,0,Kolkata,Delhi,True,19,19,,4.717049897204582,3.505047934193221,15.200000000000005,0.4545029233242165,6.840000000000002,-0.76,-0.28625048015642796,-0.28625048015642796,-23.0,-0.9500000000000003,0.0,0.0,0.0,4.0,0.0,0.0,0.0
Max-SKR,normal_2200,normal,22.0,0,Kolkata,Delhi,False,,167,no_valid_neighbor,-227.06140941749052,-0.5619644487766927,-19.155881112665185,-1.3813099394473551,-9.725617218557309,1.2689565156406157,-0.25279660684235966,-0.25279660684235966,-59.0,-8.299999999999983,-76.19999999999999,0.0,-48.5,0.0,0.0,0.0,-5.0
GNN-PPO,normal_2200,normal,22.0,1,Kolkata,Delhi,False,,16,pool_depleted,-121.74647493193746,0.0,0.0,0.0,0.18108944937392724,-0.03782110125214549,-0.044871640029618666,-0.044871640029618666,-48.0,-0.8000000000000002,-8.999999999999998,0.0,-4.0,0.0,0.0,-60.0,0.0
Random,normal_2200,normal,22.0,1,Kolkata,Delhi,False,,18,no_valid_neighbor,-28.64467528102188,-0.0948509606787502,-3.6827415099056426,-0.22947490608722176,-1.8461562663041808,0.21829021260212503,-0.029870925324101506,-0.029870925324101506,-5.0,-0.8500000000000002,-6.599999999999999,0.0,-5.5,0.0,0.0,0.0,-5.0
Dijkstra-km,normal_2200,normal,22.0,1,Kolkata,Delhi,True,140,140,,126.77986618788951,3.505047934193219,99.00739658895625,7.221986767311844,50.39999999999994,-5.600000000000004,-0.2772825512859319,-0.2772825512859319,-23.0,-6.999999999999983,0.0,-1.2,0.0,4.0,0.0,0.0,0.0
BFS-hop,normal_2200,normal,22.0,1,Kolkata,Delhi,True,19,19,,4.717049897204582,3.505047934193221,15.200000000000005,0.4545029233242165,6.840000000000002,-0.76,-0.28625048015642796,-0.28625048015642796,-23.0,-0.9500000000000003,0.0,0.0,0.0,4.0,0.0,0.0,0.0
Max-SKR,normal_2200,normal,22.0,1,Kolkata,Delhi,False,,62,pool_depleted,-151.2787674110701,-0.07113130356607995,-2.6195459820178426,-0.17481516046888923,-1.4768914172780347,0.2621478865391106,-0.09926571713917923,-0.09926571713917923,-38.0,-3.099999999999997,-29.400000000000027,0.0,-16.5,0.0,0.0,-60.0,0.0
GNN-PPO,normal_2200,normal,22.0,2,Kolkata,Delhi,True,21,21,,2.1242413682768326,3.505047934193221,15.200000000000005,0.4544807362306257,6.863921473825818,-0.7760785261741837,-0.28656512489932306,-0.28656512489932306,-24.0,-1.0500000000000003,-0.6,-0.4,-0.5,4.0,0.0,0.0,0.0
Random,normal_2200,normal,22.0,2,Kolkata,Delhi,False,,140,pool_depleted,-251.31737092001444,-0.4666553202541348,5.405086367973543,0.721920304557801,3.0785168583711067,-0.45727131805299065,-0.649483906304844,-0.649483906304844,-95.0,-6.999999999999983,-58.8000000000001,-5.000000000000002,-32.5,0.0,0.0,-60.0,0.0
Dijkstra-km,normal_2200,normal,22.0,2,Kolkata,Delhi,True,156,156,,143.8545010419077,3.505047934193219,110.08475333516769,8.096935846879262,56.15999999999993,-6.240000000000005,-0.27611803716629424,-0.27611803716629424,-23.0,-7.79999999999998,0.0,-0.4,0.0,4.0,0.0,0.0,0.0
BFS-hop,normal_2200,normal,22.0,2,Kolkata,Delhi,True,21,21,,2.1242413682768326,3.505047934193221,15.200000000000005,0.4544807362306257,6.863921473825818,-0.7760785261741837,-0.28656512489932306,-0.28656512489932306,-24.0,-1.0500000000000003,-0.6,-0.4,-0.5,4.0,0.0,0.0,0.0
Max-SKR,normal_2200,normal,22.0,2,Kolkata,Delhi,False,,42,pool_depleted,-117.43153258713812,-0.11924220412552815,-4.284043555013027,-0.30614371412068064,-1.9427201498664168,0.2698496881438361,-0.07461632607815019,-0.07461632607815019,-17.0,-2.1000000000000005,-19.800000000000004,0.0,-12.0,0.0,0.0,-60.0,0.0
GNN-PPO,summer,summer,22.0,0,Kolkata,Delhi,True,19,19,,4.717049897204582,3.505047934193221,15.200000000000005,0.4545029233242165,6.840000000000002,-0.76,-0.28625048015642796,-0.28625048015642796,-23.0,-0.9500000000000003,0.0,0.0,0.0,4.0,0.0,0.0,0.0
Random,summer,summer,22.0,0,Kolkata,Delhi,False,,122,pool_depleted,-211.20400249629176,-0.7755592175225197,-15.896444420465986,-1.1491449968941203,-8.160820292766674,0.9912069733135104,-0.3066202709779979,-0.3066202709779978,-28.0,-6.099999999999986,-53.400000000000084,-1.5999999999999999,-36.5,0.0,0.0,-60.0,0.0
Dijkstra-km,summer,summer,22.0,0,Kolkata,Delhi,True,156,156,,143.84204839763888,3.5050479341932186,110.0847407705927,8.084583521473634,56.15999999999993,-6.240000000000005,-0.2761619143104087,-0.2761619143104087,-23.0,-7.79999999999998,0.0,-0.4,0.0,4.0,0.0,0.0,0.0
BFS-hop,summer,summer,22.0,0,Kolkata,Delhi,True,19,19,,4.717049897204582,3.505047934193221,15.200000000000005,0.4545029233242165,6.840000000000002,-0.76,-0.28625048015642796,-0.28625048015642796,-23.0,-0.9500000000000003,0.0,0.0,0.0,4.0,0.0,0.0,0.0
Max-SKR,summer,summer,22.0,0,Kolkata,Delhi,False,,167,no_valid_neighbor,-231.49412485739828,-0.5619644487766927,-18.677748293479507,-1.3783150967596485,-9.67531479963979,1.270044450226848,-0.23541333448476262,-0.23541333448476262,-64.0,-8.299999999999983,-76.19999999999999,0.0,-48.5,0.0,0.0,0.0,-5.0
GNN-PPO,summer,summer,22.0,1,Kolkata,Delhi,False,,16,pool_depleted,-121.74647493193746,0.0,0.0,0.0,0.18108944937392724,-0.03782110125214549,-0.044871640029618666,-0.044871640029618666,-48.0,-0.8000000000000002,-8.999999999999998,0.0,-4.0,0.0,0.0,-60.0,0.0
Random,summer,summer,22.0,1,Kolkata,Delhi,False,,18,no_valid_neighbor,-28.644633873042952,-0.0948509606787502,-3.682741496845188,-0.22943257089552546,-1.8461552494179554,0.21828825544267158,-0.029870925324101506,-0.029870925324101506,-5.0,-0.8500000000000002,-6.599999999999999,0.0,-5.5,0.0,0.0,0.0,-5.0
Dijkstra-km,summer,summer,22.0,1,Kolkata,Delhi,True,140,140,,126.77409646650055,3.505047934193219,99.00739442729711,7.21621920758202,50.39999999999994,-5.600000000000004,-0.2772825512859319,-0.2772825512859319,-23.0,-6.999999999999983,0.0,-1.2,0.0,4.0,0.0,0.0,0.0
BFS-hop,summer,summer,22.0,1,Kolkata,Delhi,True,19,19,,4.717049897204582,3.505047934193221,15.200000000000005,0.4545029233242165,6.840000000000002,-0.76,-0.28625048015642796,-0.28625048015642796,-23.0,-0.9500000000000003,0.0,0.0,0.0,4.0,0.0,0.0,0.0
Max-SKR,summer,summer,22.0,1,Kolkata,Delhi,False,,62,pool_depleted,-151.27877680304732,-0.07113130356607995,-2.6195459821185443,-0.17479328790337553,-1.4769079697400447,0.2621331745590645,-0.09926571713917923,-0.09926571713917923,-38.0,-3.099999999999997,-29.400000000000027,0.0,-16.5,0.0,0.0,-60.0,0.0
GNN-PPO,summer,summer,22.0,2,Kolkata,Delhi,True,21,21,,2.1242415137500803,3.505047934193221,15.200000000000005,0.4544807404451268,6.8639215444551915,-0.7760784555448106,-0.28656512489932306,-0.28656512489932306,-24.0,-1.0500000000000003,-0.6,-0.4,-0.5,4.0,0.0,0.0,0.0
Random,summer,summer,22.0,2,Kolkata,Delhi,False,,135,pool_depleted,-255.74212510553727,0.1026517439962613,-1.7073346908934948,-0.19235707848162298,-1.9764546637126497,0.28908860274888365,-0.6038595095973437,-0.6038595095973437,-87.0,-6.749999999999984,-59.4000000000001,-3.400000000000001,-34.5,0.0,0.0,-60.0,0.0
Dijkstra-km,summer,summer,22.0,2,Kolkata,Delhi,True,148,148,,135.33953935352903,3.5050479341932195,104.54608196895748,7.684118258672339,53.27999999999994,-5.920000000000004,-0.2778544041470105,-0.2778544041470105,-23.0,-7.399999999999982,0.0,-0.8,0.0,4.0,0.0,0.0,0.0
BFS-hop,summer,summer,22.0,2,Kolkata,Delhi,True,21,21,,2.1242415137500803,3.505047934193221,15.200000000000005,0.4544807404451268,6.8639215444551915,-0.7760784555448106,-0.28656512489932306,-0.28656512489932306,-24.0,-1.0500000000000003,-0.6,-0.4,-0.5,4.0,0.0,0.0,0.0
Max-SKR,summer,summer,22.0,2,Kolkata,Delhi,False,,42,pool_depleted,-117.43152195485446,-0.11924220412552815,-4.284043556778448,-0.3061141644214507,-1.94272218882715,0.26983281145441984,-0.07461632607815019,-0.07461632607815019,-17.0,-2.1000000000000005,-19.800000000000004,0.0,-12.0,0.0,0.0,-60.0,0.0
GNN-PPO,winter,winter,22.0,0,Kolkata,Delhi,True,19,19,,4.717049897204582,3.505047934193221,15.200000000000005,0.4545029233242165,6.840000000000002,-0.76,-0.28625048015642796,-0.28625048015642796,-23.0,-0.9500000000000003,0.0,0.0,0.0,4.0,0.0,0.0,0.0
Random,winter,winter,22.0,0,Kolkata,Delhi,False,,114,pool_depleted,-204.42257655166657,-0.7755592175225197,-16.528254211762857,-0.9359782414732185,-8.182793728161265,0.9822894145795342,-0.29114028366312744,-0.2911402836631274,-28.0,-5.699999999999988,-48.60000000000007,-1.5999999999999999,-34.5,0.0,0.0,-60.0,0.0
Dijkstra-km,winter,winter,22.0,0,Kolkata,Delhi,True,156,156,,142.25419718712152,3.5050479341932186,110.08400607622862,6.497467005320358,56.15999999999993,-6.240000000000005,-0.2761619143104087,-0.2761619143104087,-23.0,-7.79999999999998,0.0,-0.4,0.0,4.0,0.0,0.0,0.0
BFS-hop,winter,winter,22.0,0,Kolkata,Delhi,True,19,19,,4.717049897204582,3.505047934193221,15.200000000000005,0.4545029233242165,6.840000000000002,-0.76,-0.28625048015642796,-0.28625048015642796,-23.0,-0.9500000000000003,0.0,0.0,0.0,4.0,0.0,0.0,0.0
Max-SKR,winter,winter,22.0,0,Kolkata,Delhi,False,,18,pool_depleted,-124.33448265317297,0.0,0.0,-0.0001742346323116012,0.20748764465428454,-0.05142290597178816,-0.045186578611577134,-0.045186578611577134,-49.0,-0.9000000000000002,-9.599999999999998,-0.4,-4.5,0.0,0.0,-60.0,0.0
GNN-PPO,winter,winter,22.0,1,Kolkata,Delhi,False,,16,pool_depleted,-121.74647493193746,0.0,0.0,0.0,0.18108944937392724,-0.03782110125214549,-0.044871640029618666,-0.044871640029618666,-48.0,-0.8000000000000002,-8.999999999999998,0.0,-4.0,0.0,0.0,-60.0,0.0
Random,winter,winter,22.0,1,Kolkata,Delhi,False,,18,no_valid_neighbor,-28.607978068022128,-0.0948509606787502,-3.68272294356729,-0.1829897588271428,-1.8526949047220367,0.21502235042129683,-0.029870925324101506,-0.029870925324101506,-5.0,-0.8500000000000002,-6.599999999999999,0.0,-5.5,0.0,0.0,0.0,-5.0
Dijkstra-km,winter,winter,22.0,1,Kolkata,Delhi,True,140,140,,125.34999761266299,3.505047934193219,99.00673495353594,5.792779827505539,50.39999999999994,-5.600000000000004,-0.2772825512859319,-0.2772825512859319,-23.0,-6.999999999999983,0.0,-1.2,0.0,4.0,0.0,0.0,0.0
BFS-hop,winter,winter,22.0,1,Kolkata,Delhi,True,19,19,,4.717049897204582,3.505047934193221,15.200000000000005,0.4545029233242165,6.840000000000002,-0.76,-0.28625048015642796,-0.28625048015642796,-23.0,-0.9500000000000003,0.0,0.0,0.0,4.0,0.0,0.0,0.0
Max-SKR,winter,winter,22.0,1,Kolkata,Delhi,False,,16,pool_depleted,-121.74647493193746,0.0,0.0,0.0,0.18108944937392724,-0.03782110125214549,-0.044871640029618666,-0.044871640029618666,-48.0,-0.8000000000000002,-8.999999999999998,0.0,-4.0,0.0,0.0,-60.0,0.0
GNN-PPO,winter,winter,22.0,2,Kolkata,Delhi,True,21,21,,2.1307794115614076,3.505047934193221,15.200000000000005,0.4544807337029139,6.867190496731961,-0.7728095032680405,-0.28656512489932306,-0.28656512489932306,-24.0,-1.0500000000000003,-0.6,-0.4,-0.5,4.0,0.0,0.0,0.0
Random,winter,winter,22.0,2,Kolkata,Delhi,False,,133,pool_depleted,-254.05063590737817,0.1026517439962613,-1.780042268502939,-0.13203628675227863,-2.04685734942321,0.2556927304626065,-0.6000222385793551,-0.6000222385793551,-87.0,-6.649999999999984,-58.200000000000095,-3.400000000000001,-34.0,0.0,0.0,-60.0,0.0
Dijkstra-km,winter,winter,22.0,2,Kolkata,Delhi,True,156,156,,142.2404569334127,3.505047934193219,110.08400954695418,6.4836355265977526,56.15999999999993,-6.240000000000005,-0.27611803716629424,-0.27611803716629424,-23.0,-7.79999999999998,0.0,-0.4,0.0,4.0,0.0,0.0,0.0
BFS-hop,winter,winter,22.0,2,Kolkata,Delhi,True,21,21,,2.1307794115614076,3.505047934193221,15.200000000000005,0.4544807337029139,6.867190496731961,-0.7728095032680405,-0.28656512489932306,-0.28656512489932306,-24.0,-1.0500000000000003,-0.6,-0.4,-0.5,4.0,0.0,0.0,0.0
Max-SKR,winter,winter,22.0,2,Kolkata,Delhi,False,,16,pool_depleted,-121.74647493193746,0.0,0.0,0.0,0.18108944937392724,-0.03782110125214549,-0.044871640029618666,-0.044871640029618666,-48.0,-0.8000000000000002,-8.999999999999998,0.0,-4.0,0.0,0.0,-60.0,0.0
GNN-PPO,monsoon_0200,monsoon,2.0,0,Kolkata,Delhi,True,19,19,,4.717049897204582,3.505047934193221,15.200000000000005,0.4545029233242165,6.840000000000002,-0.76,-0.28625048015642796,-0.28625048015642796,-23.0,-0.9500000000000003,0.0,0.0,0.0,4.0,0.0,0.0,0.0
Random,monsoon_0200,monsoon,2.0,0,Kolkata,Delhi,False,,91,pool_depleted,-179.01994081569632,-1.3421896732939382,-13.467830715797648,-0.4364452704838241,-6.151562658311907,0.7398037152260294,-0.25585810651751983,-0.25585810651751983,-25.0,-4.549999999999992,-39.60000000000005,-1.2,-27.5,0.0,0.0,-60.0,0.0
Dijkstra-km,monsoon_0200,monsoon,2.0,0,Kolkata,Delhi,True,156,156,,139.66910005051292,3.5050479341932186,110.08148213435308,3.9148938105873463,56.15999999999993,-6.240000000000005,-0.2761619143104087,-0.2761619143104087,-23.0,-7.79999999999998,0.0,-0.4,0.0,4.0,0.0,0.0,0.0
BFS-hop,monsoon_0200,monsoon,2.0,0,Kolkata,Delhi,True,19,19,,4.717049897204582,3.505047934193221,15.200000000000005,0.4545029233242165,6.840000000000002,-0.76,-0.28625048015642796,-0.28625048015642796,-23.0,-0.9500000000000003,0.0,0.0,0.0,4.0,0.0,0.0,0.0
Max-SKR,monsoon_0200,monsoon,2.0,0,Kolkata,Delhi,False,,18,pool_depleted,-124.32590183762525,0.0,0.0,-0.00034846862925777544,0.2118651694266162,-0.04704538119945654,-0.045186578611577134,-0.045186578611577134,-49.0,-0.9000000000000002,-9.599999999999998,-0.4,-4.5,0.0,0.0,-60.0,0.0
GNN-PPO,monsoon_0200,monsoon,2.0,1,Kolkata,Delhi,False,,16,pool_depleted,-121.74647493193746,0.0,0.0,0.0,0.18108944937392724,-0.03782110125214549,-0.044871640029618666,-0.044871640029618666,-48.0,-0.8000000000000002,-8.999999999999998,0.0,-4.0,0.0,0.0,-60.0,0.0
Random,monsoon_0200,monsoon,2.0,1,Kolkata,Delhi,False,,100,no_valid_neighbor,-135.0108642207361,-0.5597642836401349,0.4930828112740436,-0.007516645837503794,-0.49783843359640084,0.01814505989295434,-0.30348636441452315,-0.3034863644145231,-51.0,-4.94999999999999,-46.20000000000007,-2.1999999999999997,-24.5,0.0,0.0,0.0,-5.0
Dijkstra-km,monsoon_0200,monsoon,2.0,1,Kolkata,Delhi,True,140,140,,123.12527049025111,3.505047934193219,99.00455118033166,3.570236478298016,50.39999999999994,-5.600000000000004,-0.2772825512859319,-0.2772825512859319,-23.0,-6.999999999999983,0.0,-1.2,0.0,4.0,0.0,0.0,0.0
BFS-hop,monsoon_0200,monsoon,2.0,1,Kolkata,Delhi,True,19,19,,4.717049897204582,3.505047934193221,15.200000000000005,0.4545029233242165,6.840000000000002,-0.76,-0.28625048015642796,-0.28625048015642796,-23.0,-0.9500000000000003,0.0,0.0,0.0,4.0,0.0,0.0,0.0
Max-SKR,monsoon_0200,monsoon,2.0,1,Kolkata,Delhi,False,,16,pool_depleted,-121.74647493193746,0.0,0.0,0.0,0.18108944937392724,-0.03782110125214549,-0.044871640029618666,-0.044871640029618666,-48.0,-0.8000000000000002,-8.999999999999998,0.0,-4.0,0.0,0.0,-60.0,0.0
GNN-PPO,monsoon_0200,monsoon,2.0,2,Kolkata,Delhi,True,21,21,,2.141096862793381,3.505047934193221,15.200000000000005,0.454458545492445,6.872360316453182,-0.7676396835468197,-0.28656512489932306,-0.28656512489932306,-24.0,-1.0500000000000003,-0.6,-0.4,-0.5,4.0,0.0,0.0,0.0
Random,monsoon_0200,monsoon,2.0,2,Kolkata,Delhi,False,,131,pool_depleted,-252.39215648273392,0.1026517439962613,-1.852688975300219,-0.027333179847364768,-2.1636920969253524,0.19127596046555856,-0.5961849675613665,-0.5961849675613665,-87.0,-6.549999999999985,-57.00000000000009,-3.400000000000001,-33.5,0.0,0.0,-60.0,0.0
Dijkstra-km,monsoon_0200,monsoon,2.0,2,Kolkata,Delhi,True,140,140,,123.5270921365043,3.5050479341932195,99.00460568055868,3.5743547323272447,50.39999999999994,-5.600000000000004,-0.27845810528746195,-0.2784581052874619,-23.0,-6.999999999999983,0.0,-0.8,0.0,4.0,0.0,0.0,0.0
BFS-hop,monsoon_0200,monsoon,2.0,2,Kolkata,Delhi,True,21,21,,2.141096862793381,3.505047934193221,15.200000000000005,0.454458545492445,6.872360316453182,-0.7676396835468197,-0.28656512489932306,-0.28656512489932306,-24.0,-1.0500000000000003,-0.6,-0.4,-0.5,4.0,0.0,0.0,0.0
Max-SKR,monsoon_0200,monsoon,2.0,2,Kolkata,Delhi,False,,16,pool_depleted,-121.74647493193746,0.0,0.0,0.0,0.18108944937392724,-0.03782110125214549,-0.044871640029618666,-0.044871640029618666,-48.0,-0.8000000000000002,-8.999999999999998,0.0,-4.0,0.0,0.0,-60.0,0.0
GNN-PPO,monsoon_2200,monsoon,22.0,0,Kolkata,Delhi,True,19,19,,4.717049897204582,3.505047934193221,15.200000000000005,0.4545029233242165,6.840000000000002,-0.76,-0.28625048015642796,-0.28625048015642796,-23.0,-0.9500000000000003,0.0,0.0,0.0,4.0,0.0,0.0,0.0
Random,monsoon_2200,monsoon,22.0,0,Kolkata,Delhi,False,,91,pool_depleted,-179.0192024783006,-1.3421896732939382,-13.467835888507492,-0.43769374536477756,-6.1508777905909175,0.7411108324916028,-0.25585810651751983,-0.25585810651751983,-25.0,-4.549999999999992,-39.60000000000005,-1.2,-27.5,0.0,0.0,-60.0,0.0
Dijkstra-km,monsoon_2200,monsoon,22.0,0,Kolkata,Delhi,True,156,156,,139.77244610081982,3.5050479341932186,110.08165147996334,4.018070515283948,56.15999999999993,-6.240000000000005,-0.2761619143104087,-0.2761619143104087,-23.0,-7.79999999999998,0.0,-0.4,0.0,4.0,0.0,0.0,0.0
BFS-hop,monsoon_2200,monsoon,22.0,0,Kolkata,Delhi,True,19,19,,4.717049897204582,3.505047934193221,15.200000000000005,0.4545029233242165,6.840000000000002,-0.76,-0.28625048015642796,-0.28625048015642796,-23.0,-0.9500000000000003,0.0,0.0,0.0,4.0,0.0,0.0,0.0
Max-SKR,monsoon_2200,monsoon,22.0,0,Kolkata,Delhi,False,,18,pool_depleted,-124.3259017667813,0.0,0.0,-0.00034846520753999133,0.2118652031377301,-0.0470453474883426,-0.045186578611577134,-0.045186578611577134,-49.0,-0.9000000000000002,-9.599999999999998,-0.4,-4.5,0.0,0.0,-60.0,0.0
GNN-PPO,monsoon_2200,monsoon,22.0,1,Kolkata,Delhi,False,,16,pool_depleted,-121.74647493193746,0.0,0.0,0.0,0.18108944937392724,-0.03782110125214549,-0.044871640029618666,-0.044871640029618666,-48.0,-0.8000000000000002,-8.999999999999998,0.0,-4.0,0.0,0.0,-60.0,0.0
Random,monsoon_2200,monsoon,22.0,1,Kolkata,Delhi,False,,100,no_valid_neighbor,-135.0106902813363,-0.5597642836401349,0.49308253829490634,-0.008198878574233952,-0.49725675874361797,0.018419830155799413,-0.30348636441452315,-0.3034863644145231,-51.0,-4.94999999999999,-46.20000000000007,-2.1999999999999997,-24.5,0.0,0.0,0.0,-5.0
Dijkstra-km,monsoon_2200,monsoon,22.0,1,Kolkata,Delhi,True,140,140,,123.18846352166462,3.505047934193219,99.00465428551851,3.6333264045246176,50.39999999999994,-5.600000000000004,-0.2772825512859319,-0.2772825512859319,-23.0,-6.999999999999983,0.0,-1.2,0.0,4.0,0.0,0.0,0.0
BFS-hop,monsoon_2200,monsoon,22.0,1,Kolkata,Delhi,True,19,19,,4.717049897204582,3.505047934193221,15.200000000000005,0.4545029233242165,6.840000000000002,-0.76,-0.28625048015642796,-0.28625048015642796,-23.0,-0.9500000000000003,0.0,0.0,0.0,4.0,0.0,0.0,0.0
Max-SKR,monsoon_2200,monsoon,22.0,1,Kolkata,Delhi,False,,16,pool_depleted,-121.74647493193746,0.0,0.0,0.0,0.18108944937392724,-0.03782110125214549,-0.044871640029618666,-0.044871640029618666,-48.0,-0.8000000000000002,-8.999999999999998,0.0,-4.0,0.0,0.0,-60.0,0.0
GNN-PPO,monsoon_2200,monsoon,22.0,2,Kolkata,Delhi,True,21,21,,2.1410971044634843,3.505047934193221,15.200000000000005,0.4544585513189344,6.872360434374989,-0.7676395656250125,-0.28656512489932306,-0.28656512489932306,-24.0,-1.0500000000000003,-0.6,-0.4,-0.5,4.0,0.0,0.0,0.0
Random,monsoon_2200,monsoon,22.0,2,Kolkata,Delhi,False,,131,pool_depleted,-252.38478963392498,0.1026517439962613,-1.8526865478952925,-0.03308250744363399,-2.1567230952410004,0.19742070778148585,-0.5961849675613665,-0.5961849675613665,-87.0,-6.549999999999985,-57.00000000000009,-3.400000000000001,-33.5,0.0,0.0,-60.0,0.0
Dijkstra-km,monsoon_2200,monsoon,22.0,2,Kolkata,Delhi,True,140,140,,123.60325897613514,3.5050479341932195,99.00472727892772,3.650399973589053,50.39999999999994,-5.600000000000004,-0.27845810528746195,-0.2784581052874619,-23.0,-6.999999999999983,0.0,-0.8,0.0,4.0,0.0,0.0,0.0
BFS-hop,monsoon_2200,monsoon,22.0,2,Kolkata,Delhi,True,21,21,,2.1410971044634843,3.505047934193221,15.200000000000005,0.4544585513189344,6.872360434374989,-0.7676395656250125,-0.28656512489932306,-0.28656512489932306,-24.0,-1.0500000000000003,-0.6,-0.4,-0.5,4.0,0.0,0.0,0.0
Max-SKR,monsoon_2200,monsoon,22.0,2,Kolkata,Delhi,False,,16,pool_depleted,-121.74647493193746,0.0,0.0,0.0,0.18108944937392724,-0.03782110125214549,-0.044871640029618666,-0.044871640029618666,-48.0,-0.8000000000000002,-8.999999999999998,0.0,-4.0,0.0,0.0,-60.0,0.0
GNN-PPO,normal_0200,normal,2.0,0,Bangalore,Hyderabad,True,8,8,,2.867134587159112,1.3414823510025975,6.3999999999999995,0.18807070118285552,2.88,-0.3199999999999999,-0.11120923251317084,-0.11120923251317083,-11.0,-0.39999999999999997,0.0,0.0,0.0,4.0,0.0,0.0,0.0
Random,normal_0200,normal,2.0,0,Bangalore,Hyderabad,False,,316,pool_depleted,-443.3050580204634,-0.37203840909493346,-12.993311374007217,-0.9534757976688375,-5.3662304584527725,0.6804791808340058,-1.3002405810367483,-1.3002405810367483,-113.0,-15.80000000000009,-139.7999999999994,-9.599999999999998,-83.5,0.0,0.0,-60.0,0.0
Dijkstra-km,normal_0200,normal,2.0,0,Bangalore,Hyderabad,True,65,65,,60.85370711387431,1.3414823510025973,45.89798851999553,3.275479470666931,23.39999999999998,-2.6000000000000014,-0.10562161389537503,-0.10562161389537503,-11.0,-3.2499999999999964,0.0,0.0,0.0,4.0,0.0,0.0,0.0
BFS-hop,normal_0200,normal,2.0,0,Bangalore,Hyderabad,True,8,8,,2.867134587159112,1.3414823510025975,6.3999999999999995,0.18807070118285552,2.88,-0.3199999999999999,-0.11120923251317084,-0.11120923251317083,-11.0,-0.39999999999999997,0.0,0.0,0.0,4.0,0.0,0.0,0.0
Max-SKR,normal_0200,normal,2.0,0,Bangalore,Hyderabad,False,,91,no_valid_neighbor,-152.13478582783983,-0.04699705449938876,-1.7424375528394433,-0.10927048065387236,-1.2827336320600284,0.27855479347044515,-0.1659509506287774,-0.1659509506287774,-72.0,-4.499999999999992,-44.40000000000006,0.0,-23.0,0.0,0.0,0.0,-5.0
GNN-PPO,normal_0200,normal,2.0,1,Bangalore,Hyderabad,True,8,8,,2.867134587159112,1.3414823510025975,6.3999999999999995,0.18807070118285552,2.88,-0.3199999999999999,-0.11120923251317084,-0.11120923251317083,-11.0,-0.39999999999999997,0.0,0.0,0.0,4.0,0.0,0.0,0.0
Random,normal_0200,normal,2.0,1,Bangalore,Hyderabad,False,,50,no_valid_neighbor,-77.90976131353686,-1.0099007391976125,-10.576702733565316,-0.6728435580127468,-4.959840108998026,0.5488073414341612,-0.19464075759866542,-0.19464075759866542,-16.0,-2.4499999999999993,-20.400000000000006,-1.0,-16.0,0.0,0.0,0.0,-5.0
Dijkstra-km,normal_0200,normal,2.0,1,Bangalore,Hyderabad,False,,43,pool_depleted,-60.376858239022916,0.5646672439732674,19.016035593835042,1.3994091231516814,9.548995663940524,-1.062008672118952,-0.04697859590223858,-0.046978595902238574,-14.0,-2.1500000000000004,-9.599999999999998,0.0,-4.0,0.0,0.0,-60.0,0.0
BFS-hop,normal_0200,normal,2.0,1,Bangalore,Hyderabad,True,8,8,,2.867134587159112,1.3414823510025975,6.3999999999999995,0.18807070118285552,2.88,-0.3199999999999999,-0.11120923251317084,-0.11120923251317083,-11.0,-0.39999999999999997,0.0,0.0,0.0,4.0,0.0,0.0,0.0
Max-SKR,normal_0200,normal,2.0,1,Bangalore,Hyderabad,False,,98,pool_depleted,-165.1253289768869,-0.30455872117154004,-8.873454670702566,-0.7450552778021102,-5.009330493836434,0.6431247963136373,-0.16802730484392342,-0.16802730484392342,-12.0,-4.899999999999991,-45.600000000000065,0.0,-28.0,0.0,0.0,-60.0,0.0
GNN-PPO,normal_0200,normal,2.0,2,Bangalore,Hyderabad,True,8,8,,2.867134587159112,1.3414823510025975,6.3999999999999995,0.18807070118285552,2.88,-0.3199999999999999,-0.11120923251317084,-0.11120923251317083,-11.0,-0.39999999999999997,0.0,0.0,0.0,4.0,0.0,0.0,0.0
Random,normal_0200,normal,2.0,2,Bangalore,Hyderabad,False,,321,pool_depleted,-404.1802238776377,-2.1680280635994995,-9.877029444294113,-0.3630222431002704,-3.8216858579769206,0.6058940370609439,-1.0031761528640275,-1.0031761528640275,-79.0,-16.050000000000093,-140.39999999999938,-7.600000000000004,-83.5,0.0,0.0,-60.0,0.0
Dijkstra-km,normal_0200,normal,2.0,2,Bangalore,Hyderabad,False,,70,pool_depleted,-35.2090527877298,1.1382087388704776,38.03205637509552,2.776915116028597,19.26934661563162,-2.1413067687367384,-0.09213643230965048,-0.09213643230965048,-17.0,-3.4999999999999956,-9.599999999999998,0.0,-4.0,0.0,0.0,-60.0,0.0
BFS-hop,normal_0200,normal,2.0,2,Bangalore,Hyderabad,True,8,8,,2.867134587159112,1.3414823510025975,6.3999999999999995,0.18807070118285552,2.88,-0.3199999999999999,-0.11120923251317084,-0.11120923251317083,-11.0,-0.39999999999999997,0.0,0.0,0.0,4.0,0.0,0.0,0.0
Max-SKR,normal_0200,normal,2.0,2,Bangalore,Hyderabad,False,,56,pool_depleted,-124.6487703664462,-0.08729575905685555,-3.444731686171063,-0.21936965946506393,-1.081632512831246,0.17743944330915612,-0.09659009611555411,-0.09659009611555411,-12.0,-2.799999999999998,-30.00000000000003,0.0,-15.0,0.0,0.0,-60.0,0.0
GNN-PPO,normal_2200,normal,22.0,0,Bangalore,Hyderabad,True,8,8,,2.867134587159112,1.3414823510025975,6.3999999999999995,0.18807070118285552,2.88,-0.3199999999999999,-0.11120923251317084,-0.11120923251317083,-11.0,-0.39999999999999997,0.0,0.0,0.0,4.0,0.0,0.0,0.0
Random,normal_2200,normal,22.0,0,Bangalore,Hyderabad,False,,316,pool_depleted,-443.31527507372454,-0.37203840909493346,-12.993316667429093,-0.959484208946876,-5.370210221073282,0.6802555948928894,-1.3002405810367483,-1.3002405810367483,-113.0,-15.80000000000009,-139.7999999999994,-9.599999999999998,-83.5,0.0,0.0,-60.0,0.0
Dijkstra-km,normal_2200,normal,22.0,0,Bangalore,Hyderabad,True,65,65,,60.855022554771885,1.3414823510025973,45.89798896416739,3.2767944673926235,23.39999999999998,-2.6000000000000014,-0.10562161389537503,-0.10562161389537503,-11.0,-3.2499999999999964,0.0,0.0,0.0,4.0,0.0,0.0,0.0
BFS-hop,normal_2200,normal,22.0,0,Bangalore,Hyderabad,True,8,8,,2.867134587159112,1.3414823510025975,6.3999999999999995,0.18807070118285552,2.88,-0.3199999999999999,-0.11120923251317084,-0.11120923251317083,-11.0,-0.39999999999999997,0.0,0.0,0.0,4.0,0.0,0.0,0.0
Max-SKR,normal_2200,normal,22.0,0,Bangalore,Hyderabad,False,,91,no_valid_neighbor,-152.13483806761005,-0.04699705449938876,-1.7424373981461918,-0.1096300283485975,-1.2824556291736922,0.27858394381539986,-0.1659509506287774,-0.1659509506287774,-72.0,-4.499999999999992,-44.40000000000006,0.0,-23.0,0.0,0.0,0.0,-5.0
GNN-PPO,normal_2200,normal,22.0,1,Bangalore,Hyderabad,True,8,8,,2.867134587159112,1.3414823510025975,6.3999999999999995,0.18807070118285552,2.88,-0.3199999999999999,-0.11120923251317084,-0.11120923251317083,-11.0,-0.39999999999999997,0.0,0.0,0.0,4.0,0.0,0.0,0.0
Random,normal_2200,normal,22.0,1,Bangalore,Hyderabad,False,,50,no_valid_neighbor,-77.90977184160204,-1.0099007391976125,-10.57670274280517,-0.6728458887294249,-4.959847001543253,0.5488060458707539,-0.19464075759866542,-0.19464075759866542,-16.0,-2.4499999999999993,-20.400000000000006,-1.0,-16.0,0.0,0.0,0.0,-5.0
Dijkstra-km,normal_2200,normal,22.0,1,Bangalore,Hyderabad,False,,43,pool_depleted,-60.376869038776796,0.5646672439732674,19.016035585035915,1.399399906133443,9.548995139295023,-1.0620097214099535,-0.04697859590223858,-0.046978595902238574,-14.0,-2.1500000000000004,-9.599999999999998,0.0,-4.0,0.0,0.0,-60.0,0.0
BFS-hop,normal_2200,normal,22.0,1,Bangalore,Hyderabad,True,8,8,,2.867134587159112,1.3414823510025975,6.3999999999999995,0.18807070118285552,2.88,-0.3199999999999999,-0.11120923251317084,-0.11120923251317083,-11.0,-0.39999999999999997,0.0,0.0,0.0,4.0,0.0,0.0,0.0
Max-SKR,normal_2200,normal,22.0,1,Bangalore,Hyderabad,False,,104,no_valid_neighbor,-110.9557348039958,-0.2837439232721826,-8.35454526064379,-0.6778503313400164,-4.418644853111464,0.49138457353473536,-0.1811675045815095,-0.1811675045815095,-15.0,-5.14999999999999,-43.20000000000006,0.0,-29.0,0.0,0.0,0.0,-5.0
GNN-PPO,normal_2200,normal,22.0,2,Bangalore,Hyderabad,True,8,8,,2.867134587159112,1.3414823510025975,6.3999999999999995,0.18807070118285552,2.88,-0.3199999999999999,-0.11120923251317084,-0.11120923251317083,-11.0,-0.39999999999999997,0.0,0.0,0.0,4.0,0.0,0.0,0.0
Random,normal_2200,normal,22.0,2,Bangalore,Hyderabad,False,,321,pool_depleted,-404.18825190376043,-2.1680280635994995,-9.877032672161759,-0.37097860298791985,-3.8231489356572004,0.6072886763740852,-1.0031761528640275,-1.0031761528640275,-79.0,-16.050000000000093,-140.39999999999938,-7.600000000000004,-83.5,0.0,0.0,-60.0,0.0
Dijkstra-km,normal_2200,normal,22.0,2,Bangalore,Hyderabad,False,,70,pool_depleted,-35.20857964151203,1.1382087388704776,38.03205653622791,2.777392245271888,19.269345234245662,-2.1413095315086594,-0.09213643230965048,-0.09213643230965048,-17.0,-3.4999999999999956,-9.599999999999998,0.0,-4.0,0.0,0.0,-60.0,0.0
BFS-hop,normal_2200,normal,22.0,2,Bangalore,Hyderabad,True,8,8,,2.867134587159112,1.3414823510025975,6.3999999999999995,0.18807070118285552,2.88,-0.3199999999999999,-0.11120923251317084,-0.11120923251317083,-11.0,-0.39999999999999997,0.0,0.0,0.0,4.0,0.0,0.0,0.0
Max-SKR,normal_2200,normal,22.0,2,Bangalore,Hyderabad,False,,56,pool_depleted,-124.64896487823896,-0.08729575905685555,-3.444731754258507,-0.219450505358736,-1.0817318116818755,0.1774251443481224,-0.09659009611555411,-0.09659009611555411,-12.0,-2.799999999999998,-30.00000000000003,0.0,-15.0,0.0,0.0,-60.0,0.0
GNN-PPO,summer,summer,22.0,0,Bangalore,Hyderabad,True,8,8,,2.867134587159112,1.3414823510025975,6.3999999999999995,0.18807070118285552,2.88,-0.3199999999999999,-0.11120923251317084,-0.11120923251317083,-11.0,-0.39999999999999997,0.0,0.0,0.0,4.0,0.0,0.0,0.0
Random,summer,summer,22.0,0,Bangalore,Hyderabad,False,,316,pool_depleted,-443.3040106734502,-0.37203840909493346,-12.993316540182926,-0.9506869979729251,-5.368461099806647,0.6809735356806252,-1.3002405810367483,-1.3002405810367483,-113.0,-15.80000000000009,-139.7999999999994,-9.599999999999998,-83.5,0.0,0.0,-60.0,0.0
Dijkstra-km,summer,summer,22.0,0,Bangalore,Hyderabad,True,65,65,,60.854842474784036,1.3414823510025973,45.897988891980184,3.27661445959201,23.39999999999998,-2.6000000000000014,-0.10562161389537503,-0.10562161389537503,-11.0,-3.2499999999999964,0.0,0.0,0.0,4.0,0.0,0.0,0.0
BFS-hop,summer,summer,22.0,0,Bangalore,Hyderabad,True,8,8,,2.867134587159112,1.3414823510025975,6.3999999999999995,0.18807070118285552,2.88,-0.3199999999999999,-0.11120923251317084,-0.11120923251317083,-11.0,-0.39999999999999997,0.0,0.0,0.0,4.0,0.0,0.0,0.0
Max-SKR,summer,summer,22.0,0,Bangalore,Hyderabad,False,,91,no_valid_neighbor,-152.13482922417097,-0.04699705449938876,-1.742437403043307,-0.10959672287423142,-1.2824753718175188,0.278579229321075,-0.1659509506287774,-0.1659509506287774,-72.0,-4.499999999999992,-44.40000000000006,0.0,-23.0,0.0,0.0,0.0,-5.0
GNN-PPO,summer,summer,22.0,1,Bangalore,Hyderabad,True,8,8,,2.867134587159112,1.3414823510025975,6.3999999999999995,0.18807070118285552,2.88,-0.3199999999999999,-0.11120923251317084,-0.11120923251317083,-11.0,-0.39999999999999997,0.0,0.0,0.0,4.0,0.0,0.0,0.0
Random,summer,summer,22.0,1,Bangalore,Hyderabad,False,,305,pool_depleted,-431.36078385108294,0.564667243973267,2.570223471663992,0.09004825722663447,-0.637479975705694,0.13507345113819483,-1.366658149689725,-1.366658149689725,-121.0,-15.250000000000082,-149.9999999999993,-9.599999999999998,-75.5,0.0,0.0,-60.0,0.0
Dijkstra-km,summer,summer,22.0,1,Bangalore,Hyderabad,False,,43,pool_depleted,-60.376971916213286,0.5646672439732674,19.016035546447164,1.3992969381852796,9.548995182328493,-1.062009635343009,-0.04697859590223858,-0.046978595902238574,-14.0,-2.1500000000000004,-9.599999999999998,0.0,-4.0,0.0,0.0,-60.0,0.0
BFS-hop,summer,summer,22.0,1,Bangalore,Hyderabad,True,8,8,,2.867134587159112,1.3414823510025975,6.3999999999999995,0.18807070118285552,2.88,-0.3199999999999999,-0.11120923251317084,-0.11120923251317083,-11.0,-0.39999999999999997,0.0,0.0,0.0,4.0,0.0,0.0,0.0
Max-SKR,summer,summer,22.0,1,Bangalore,Hyderabad,False,,98,pool_depleted,-169.1228371146795,-0.30455872117154004,-9.312788462586013,-0.7463350525571923,-5.14931783810697,0.6111931642971088,-0.16051510227744317,-0.16051510227744317,-13.0,-4.899999999999991,-48.00000000000007,0.0,-28.0,0.0,0.0,-60.0,0.0
GNN-PPO,summer,summer,22.0,2,Bangalore,Hyderabad,True,8,8,,2.867134587159112,1.3414823510025975,6.3999999999999995,0.18807070118285552,2.88,-0.3199999999999999,-0.11120923251317084,-0.11120923251317083,-11.0,-0.39999999999999997,0.0,0.0,0.0,4.0,0.0,0.0,0.0
Random,summer,summer,22.0,2,Bangalore,Hyderabad,False,,357,pool_depleted,-491.6794507152532,-2.9864333503512457,-27.61551997736444,-1.6714967743474256,-13.192518523447156,1.5404702157379278,-1.2519761527407007,-1.2519761527407007,-105.0,-17.85000000000012,-153.59999999999926,-9.799999999999997,-99.0,0.0,0.0,-60.0,0.0
Dijkstra-km,summer,summer,22.0,2,Bangalore,Hyderabad,False,,70,pool_depleted,-35.20874074296998,1.1382087388704776,38.03205646979054,2.777231099581299,19.26934527113566,-2.1413094577286604,-0.09213643230965048,-0.09213643230965048,-17.0,-3.4999999999999956,-9.599999999999998,0.0,-4.0,0.0,0.0,-60.0,0.0
BFS-hop,summer,summer,22.0,2,Bangalore,Hyderabad,True,8,8,,2.867134587159112,1.3414823510025975,6.3999999999999995,0.18807070118285552,2.88,-0.3199999999999999,-0.11120923251317084,-0.11120923251317083,-11.0,-0.39999999999999997,0.0,0.0,0.0,4.0,0.0,0.0,0.0
Max-SKR,summer,summer,22.0,2,Bangalore,Hyderabad,False,,56,pool_depleted,-124.64896449834673,-0.08729575905685555,-3.4447317484715727,-0.2194301250282705,-1.0817404614772665,0.1774137879183441,-0.09659009611555411,-0.09659009611555411,-12.0,-2.799999999999998,-30.00000000000003,0.0,-15.0,0.0,0.0,-60.0,0.0
GNN-PPO,winter,winter,22.0,0,Bangalore,Hyderabad,True,8,8,,2.867134587159112,1.3414823510025975,6.3999999999999995,0.18807070118285552,2.88,-0.3199999999999999,-0.11120923251317084,-0.11120923251317083,-11.0,-0.39999999999999997,0.0,0.0,0.0,4.0,0.0,0.0,0.0
Random,winter,winter,22.0,0,Bangalore,Hyderabad,False,,316,pool_depleted,-443.0182485957776,-0.37203840909493346,-12.993242211072843,-0.7754593486202903,-5.256846561971536,0.6798190970554214,-1.3002405810367483,-1.3002405810367483,-113.0,-15.80000000000009,-139.7999999999994,-9.599999999999998,-83.5,0.0,0.0,-60.0,0.0
Dijkstra-km,winter,winter,22.0,0,Bangalore,Hyderabad,True,65,65,,60.19701832116024,1.3414823510025973,45.89767732444701,2.6191018735013825,23.39999999999998,-2.6000000000000014,-0.10562161389537503,-0.10562161389537503,-11.0,-3.2499999999999964,0.0,0.0,0.0,4.0,0.0,0.0,0.0
BFS-hop,winter,winter,22.0,0,Bangalore,Hyderabad,True,8,8,,2.867134587159112,1.3414823510025975,6.3999999999999995,0.18807070118285552,2.88,-0.3199999999999999,-0.11120923251317084,-0.11120923251317083,-11.0,-0.39999999999999997,0.0,0.0,0.0,4.0,0.0,0.0,0.0
Max-SKR,winter,winter,22.0,0,Bangalore,Hyderabad,False,,91,no_valid_neighbor,-152.2294856255505,-0.04699705449938876,-1.7424401730481407,-0.08660473488559764,-1.3609003065122045,0.23935854465236786,-0.1659509506287774,-0.1659509506287774,-72.0,-4.499999999999992,-44.40000000000006,0.0,-23.0,0.0,0.0,0.0,-5.0
GNN-PPO,winter,winter,22.0,1,Bangalore,Hyderabad,True,8,8,,2.867134587159112,1.3414823510025975,6.3999999999999995,0.18807070118285552,2.88,-0.3199999999999999,-0.11120923251317084,-0.11120923251317083,-11.0,-0.39999999999999997,0.0,0.0,0.0,4.0,0.0,0.0,0.0
Random,winter,winter,22.0,1,Bangalore,Hyderabad,False,,233,pool_depleted,-338.4169831931058,0.27912153983492205,3.200063945802957,0.22608546668935345,-0.05303445392769808,0.042418787359476684,-1.0308192394324902,-1.0308192394324902,-94.0,-11.65000000000003,-110.39999999999966,-7.0000000000000036,-57.0,0.0,0.0,-60.0,0.0
Dijkstra-km,winter,winter,22.0,1,Bangalore,Hyderabad,False,,41,pool_depleted,-57.85491396802434,0.5646672439732674,19.015908070171935,1.122451087855464,9.54846231392386,-1.0630753721522859,-0.04666365589828512,-0.04666365589828511,-13.0,-2.0500000000000007,-8.399999999999999,0.0,-3.5,0.0,0.0,-60.0,0.0
BFS-hop,winter,winter,22.0,1,Bangalore,Hyderabad,True,8,8,,2.867134587159112,1.3414823510025975,6.3999999999999995,0.18807070118285552,2.88,-0.3199999999999999,-0.11120923251317084,-0.11120923251317083,-11.0,-0.39999999999999997,0.0,0.0,0.0,4.0,0.0,0.0,0.0
Max-SKR,winter,winter,22.0,1,Bangalore,Hyderabad,False,,104,no_valid_neighbor,-110.77710924124767,-0.2837439232721826,-8.354442656768718,-0.5417735592741569,-4.382725059294606,0.49791096652495204,-0.1811675045815095,-0.1811675045815095,-15.0,-5.14999999999999,-43.20000000000006,0.0,-29.0,0.0,0.0,0.0,-5.0
GNN-PPO,winter,winter,22.0,2,Bangalore,Hyderabad,True,8,8,,2.867134587159112,1.3414823510025975,6.3999999999999995,0.18807070118285552,2.88,-0.3199999999999999,-0.11120923251317084,-0.11120923251317083,-11.0,-0.39999999999999997,0.0,0.0,0.0,4.0,0.0,0.0,0.0
Random,winter,winter,22.0,2,Bangalore,Hyderabad,False,,319,pool_depleted,-402.2495141569531,-2.1680280635994995,-9.818763586495152,-0.35098573120803955,-3.7527669869631275,0.5896619437882589,-0.9993158662377462,-0.9993158662377462,-79.0,-15.950000000000092,-139.1999999999994,-7.600000000000004,-83.0,0.0,0.0,-60.0,0.0
Dijkstra-km,winter,winter,22.0,2,Bangalore,Hyderabad,False,,68,pool_depleted,-32.968967480306596,1.1382087388704776,38.03179327274132,2.2191653894922774,19.26850269720159,-2.1429946055968023,-0.09182148650772694,-0.09182148650772694,-16.0,-3.399999999999996,-8.399999999999999,0.0,-3.5,0.0,0.0,-60.0,0.0
BFS-hop,winter,winter,22.0,2,Bangalore,Hyderabad,True,8,8,,2.867134587159112,1.3414823510025975,6.3999999999999995,0.18807070118285552,2.88,-0.3199999999999999,-0.11120923251317084,-0.11120923251317083,-11.0,-0.39999999999999997,0.0,0.0,0.0,4.0,0.0,0.0,0.0
Max-SKR,winter,winter,22.0,2,Bangalore,Hyderabad,False,,32,pool_depleted,-94.8066548307732,-0.08729575905685555,-3.0630673705851095,-0.1758576540646843,-1.3473320520108851,0.1723896981626493,-0.05274584660915377,-0.05274584660915377,-4.0,-1.6000000000000008,-15.599999999999994,0.0,-9.0,0.0,0.0,-60.0,0.0
GNN-PPO,monsoon_0200,monsoon,2.0,0,Bangalore,Hyderabad,True,8,8,,2.867134587159112,1.3414823510025975,6.3999999999999995,0.18807070118285552,2.88,-0.3199999999999999,-0.11120923251317084,-0.11120923251317083,-11.0,-0.39999999999999997,0.0,0.0,0.0,4.0,0.0,0.0,0.0
Random,monsoon_0200,monsoon,2.0,0,Bangalore,Hyderabad,False,,139,pool_depleted,-235.90132870526742,-0.12028028653971834,-8.822209181145157,-0.3735108364764752,-3.8394419486567335,0.5107340065531156,-0.45331022950124,-0.45331022950123995,-51.0,-6.949999999999983,-63.00000000000011,-3.400000000000001,-38.0,0.0,0.0,-60.0,0.0
Dijkstra-km,monsoon_0200,monsoon,2.0,0,Bangalore,Hyderabad,True,65,65,,59.19377225944523,1.3414823510025973,45.89670580613299,1.6168273301003708,23.39999999999998,-2.6000000000000014,-0.10562161389537503,-0.10562161389537503,-11.0,-3.2499999999999964,0.0,0.0,0.0,4.0,0.0,0.0,0.0
BFS-hop,monsoon_0200,monsoon,2.0,0,Bangalore,Hyderabad,True,8,8,,2.867134587159112,1.3414823510025975,6.3999999999999995,0.18807070118285552,2.88,-0.3199999999999999,-0.11120923251317084,-0.11120923251317083,-11.0,-0.39999999999999997,0.0,0.0,0.0,4.0,0.0,0.0,0.0
Max-SKR,monsoon_0200,monsoon,2.0,0,Bangalore,Hyderabad,False,,65,pool_depleted,-167.84155265967337,-0.021711245493166314,-1.0872233509303555,-0.0010561921858709793,-0.8757062531499435,0.13312176870178694,-0.11948869330788209,-0.11948869330788209,-56.0,-3.2499999999999964,-30.00000000000003,0.0,-16.5,0.0,0.0,-60.0,0.0
GNN-PPO,monsoon_0200,monsoon,2.0,1,Bangalore,Hyderabad,True,8,8,,2.867134587159112,1.3414823510025975,6.3999999999999995,0.18807070118285552,2.88,-0.3199999999999999,-0.11120923251317084,-0.11120923251317083,-11.0,-0.39999999999999997,0.0,0.0,0.0,4.0,0.0,0.0,0.0
Random,monsoon_0200,monsoon,2.0,1,Bangalore,Hyderabad,False,,229,pool_depleted,-335.26147637311885,0.27912153983492205,3.202859553407338,0.14571881383935242,-0.3358243993909189,-0.055976691698541414,-1.0236875945554786,-1.0236875945554786,-94.0,-11.450000000000028,-107.99999999999969,-7.0000000000000036,-56.0,0.0,0.0,-60.0,0.0
Dijkstra-km,monsoon_0200,monsoon,2.0,1,Bangalore,Hyderabad,False,,39,pool_depleted,-55.44535034852714,0.5646672439732674,19.015548397392596,0.721847890195882,9.551761183899929,-1.0564776322001483,-0.046348715894331656,-0.04634871589433165,-12.0,-1.950000000000001,-7.199999999999998,0.0,-3.0,0.0,0.0,-60.0,0.0
BFS-hop,monsoon_0200,monsoon,2.0,1,Bangalore,Hyderabad,True,8,8,,2.867134587159112,1.3414823510025975,6.3999999999999995,0.18807070118285552,2.88,-0.3199999999999999,-0.11120923251317084,-0.11120923251317083,-11.0,-0.39999999999999997,0.0,0.0,0.0,4.0,0.0,0.0,0.0
Max-SKR,monsoon_0200,monsoon,2.0,1,Bangalore,Hyderabad,False,,79,pool_depleted,-153.55132205834116,-0.3700383981502111,-11.223148312062401,-0.47223260550582297,-5.350215291522332,0.6732043588009194,-0.12944590495065209,-0.12944590495065209,-12.0,-3.949999999999994,-36.600000000000044,0.0,-24.0,0.0,0.0,-60.0,0.0
GNN-PPO,monsoon_0200,monsoon,2.0,2,Bangalore,Hyderabad,True,8,8,,2.867134587159112,1.3414823510025975,6.3999999999999995,0.18807070118285552,2.88,-0.3199999999999999,-0.11120923251317084,-0.11120923251317083,-11.0,-0.39999999999999997,0.0,0.0,0.0,4.0,0.0,0.0,0.0
Random,monsoon_0200,monsoon,2.0,2,Bangalore,Hyderabad,False,,211,pool_depleted,-328.9220041210958,-1.7799541956987006,-18.25254543680025,-0.6587425733622165,-8.34367867157544,1.0465398650870137,-0.8418115543730417,-0.8418115543730417,-71.0,-10.550000000000015,-91.79999999999984,-6.400000000000003,-59.5,0.0,0.0,-60.0,0.0
Dijkstra-km,monsoon_0200,monsoon,2.0,2,Bangalore,Hyderabad,False,,66,pool_depleted,-31.015559945615845,1.1382087388704776,38.03097732603514,1.3668169818690534,19.270483363007006,-2.139033273985962,-0.0915065407058034,-0.0915065407058034,-15.0,-3.2999999999999963,-7.199999999999998,0.0,-3.0,0.0,0.0,-60.0,0.0
BFS-hop,monsoon_0200,monsoon,2.0,2,Bangalore,Hyderabad,True,8,8,,2.867134587159112,1.3414823510025975,6.3999999999999995,0.18807070118285552,2.88,-0.3199999999999999,-0.11120923251317084,-0.11120923251317083,-11.0,-0.39999999999999997,0.0,0.0,0.0,4.0,0.0,0.0,0.0
Max-SKR,monsoon_0200,monsoon,2.0,2,Bangalore,Hyderabad,False,,30,pool_depleted,-92.89600327368693,-0.08729575905685555,-2.9902918447789597,-0.11505387879175605,-1.3630953819345977,0.15983045386929948,-0.050048431497026466,-0.050048431497026466,-4.0,-1.5000000000000007,-14.399999999999995,0.0,-8.5,0.0,0.0,-60.0,0.0
GNN-PPO,monsoon_2200,monsoon,22.0,0,Bangalore,Hyderabad,True,8,8,,2.867134587159112,1.3414823510025975,6.3999999999999995,0.18807070118285552,2.88,-0.3199999999999999,-0.11120923251317084,-0.11120923251317083,-11.0,-0.39999999999999997,0.0,0.0,0.0,4.0,0.0,0.0,0.0
Random,monsoon_2200,monsoon,22.0,0,Bangalore,Hyderabad,False,,139,pool_depleted,-235.90487265226164,-0.12028028653971834,-8.822220090320146,-0.3816847999650485,-3.838809274316898,0.514742257882603,-0.45331022950124,-0.45331022950123995,-51.0,-6.949999999999983,-63.00000000000011,-3.400000000000001,-38.0,0.0,0.0,-60.0,0.0
Dijkstra-km,monsoon_2200,monsoon,22.0,0,Bangalore,Hyderabad,True,65,65,,59.19705266677606,1.3414823510025973,45.89671029083797,1.6201032527262234,23.39999999999998,-2.6000000000000014,-0.10562161389537503,-0.10562161389537503,-11.0,-3.2499999999999964,0.0,0.0,0.0,4.0,0.0,0.0,0.0
BFS-hop,monsoon_2200,monsoon,22.0,0,Bangalore,Hyderabad,True,8,8,,2.867134587159112,1.3414823510025975,6.3999999999999995,0.18807070118285552,2.88,-0.3199999999999999,-0.11120923251317084,-0.11120923251317083,-11.0,-0.39999999999999997,0.0,0.0,0.0,4.0,0.0,0.0,0.0
Max-SKR,monsoon_2200,monsoon,22.0,0,Bangalore,Hyderabad,False,,65,pool_depleted,-167.8406151714553,-0.021711245493166314,-1.0872226489003616,-0.0011693981718220343,-0.8751584663725052,0.13362397409826832,-0.11948869330788209,-0.11948869330788209,-56.0,-3.2499999999999964,-30.00000000000003,0.0,-16.5,0.0,0.0,-60.0,0.0
GNN-PPO,monsoon_2200,monsoon,22.0,1,Bangalore,Hyderabad,True,8,8,,2.867134587159112,1.3414823510025975,6.3999999999999995,0.18807070118285552,2.88,-0.3199999999999999,-0.11120923251317084,-0.11120923251317083,-11.0,-0.39999999999999997,0.0,0.0,0.0,4.0,0.0,0.0,0.0
Random,monsoon_2200,monsoon,22.0,1,Bangalore,Hyderabad,False,,229,pool_depleted,-335.23880998720614,0.27912153983492205,3.2028736500301944,0.15965359618217434,-0.3264013963301838,-0.05668218781221491,-1.0236875945554786,-1.0236875945554786,-94.0,-11.450000000000028,-107.99999999999969,-7.0000000000000036,-56.0,0.0,0.0,-60.0,0.0
Dijkstra-km,monsoon_2200,monsoon,22.0,1,Bangalore,Hyderabad,False,,39,pool_depleted,-55.445380633655276,0.5646672439732674,19.01554831655168,0.7218200739963067,9.551760387870711,-1.0564792242585765,-0.046348715894331656,-0.04634871589433165,-12.0,-1.950000000000001,-7.199999999999998,0.0,-3.0,0.0,0.0,-60.0,0.0
BFS-hop,monsoon_2200,monsoon,22.0,1,Bangalore,Hyderabad,True,8,8,,2.867134587159112,1.3414823510025975,6.3999999999999995,0.18807070118285552,2.88,-0.3199999999999999,-0.11120923251317084,-0.11120923251317083,-11.0,-0.39999999999999997,0.0,0.0,0.0,4.0,0.0,0.0,0.0
Max-SKR,monsoon_2200,monsoon,22.0,1,Bangalore,Hyderabad,False,,79,pool_depleted,-153.55219264794812,-0.3700383981502111,-11.223151126408915,-0.47304318206704343,-5.350799326605026,0.6737311951844119,-0.12944590495065209,-0.12944590495065209,-12.0,-3.949999999999994,-36.600000000000044,0.0,-24.0,0.0,0.0,-60.0,0.0
GNN-PPO,monsoon_2200,monsoon,22.0,2,Bangalore,Hyderabad,True,8,8,,2.867134587159112,1.3414823510025975,6.3999999999999995,0.18807070118285552,2.88,-0.3199999999999999,-0.11120923251317084,-0.11120923251317083,-11.0,-0.39999999999999997,0.0,0.0,0.0,4.0,0.0,0.0,0.0
Random,monsoon_2200,monsoon,22.0,2,Bangalore,Hyderabad,False,,211,pool_depleted,-328.9284864673024,-1.7799541956987006,-18.252555064397164,-0.6597800193968474,-8.347503331451865,1.0449292523884701,-0.8418115543730417,-0.8418115543730417,-71.0,-10.550000000000015,-91.79999999999984,-6.400000000000003,-59.5,0.0,0.0,-60.0,0.0
Dijkstra-km,monsoon_2200,monsoon,22.0,2,Bangalore,Hyderabad,False,,66,pool_depleted,-31.014379093038386,1.1382087388704776,38.03097895814338,1.3680043868879046,19.270480634823812,-2.1390387303523646,-0.0915065407058034,-0.0915065407058034,-15.0,-3.2999999999999963,-7.199999999999998,0.0,-3.0,0.0,0.0,-60.0,0.0
BFS-hop,monsoon_2200,monsoon,22.0,2,Bangalore,Hyderabad,True,8,8,,2.867134587159112,1.3414823510025975,6.3999999999999995,0.18807070118285552,2.88,-0.3199999999999999,-0.11120923251317084,-0.11120923251317083,-11.0,-0.39999999999999997,0.0,0.0,0.0,4.0,0.0,0.0,0.0
Max-SKR,monsoon_2200,monsoon,22.0,2,Bangalore,Hyderabad,False,,30,pool_depleted,-92.89597517144361,-0.08729575905685555,-2.9902917785503274,-0.11501630218635606,-1.3631062833681011,0.15983181471207591,-0.050048431497026466,-0.050048431497026466,-4.0,-1.5000000000000007,-14.399999999999995,0.0,-8.5,0.0,0.0,-60.0,0.0
GNN-PPO,normal_0200,normal,2.0,0,Jaipur,Kolkata,True,19,19,,4.791162891211867,3.6360751638288322,15.200000000000005,0.4159187275479798,6.840000000000002,-0.76,-0.2954155000824732,-0.2954155000824732,-23.0,-0.9500000000000003,0.0,0.0,0.0,4.0,0.0,0.0,0.0
Random,normal_0200,normal,2.0,0,Jaipur,Kolkata,False,,148,pool_depleted,-215.96632704634845,0.6398133420130966,2.2081952794826383,0.11675418816759339,1.584871700992504,-0.08345529357476672,-0.5162531317147074,-0.5162531317147074,-46.0,-7.399999999999982,-67.80000000000007,-2.1999999999999997,-36.0,0.0,0.0,-60.0,0.0
Dijkstra-km,normal_0200,normal,2.0,0,Jaipur,Kolkata,False,,52,pool_depleted,-52.95703563845468,0.7630712859031338,25.35470868320656,1.878185463969765,12.790732975453716,-1.4185340490925589,-0.06259999894764891,-0.06259999894764891,-16.0,-2.5999999999999988,-9.599999999999998,0.0,-4.0,0.0,0.0,-60.0,0.0
BFS-hop,normal_0200,normal,2.0,0,Jaipur,Kolkata,True,19,19,,4.791162891211867,3.6360751638288322,15.200000000000005,0.4159187275479798,6.840000000000002,-0.76,-0.2954155000824732,-0.2954155000824732,-23.0,-0.9500000000000003,0.0,0.0,0.0,4.0,0.0,0.0,0.0
Max-SKR,normal_0200,normal,2.0,0,Jaipur,Kolkata,False,,20,pool_depleted,-137.5874788331105,0.0,0.0,0.0,-0.18000000000000008,0.03999999999999976,-0.023739416555259924,-0.02373941655525992,-60.0,-1.0000000000000002,-11.399999999999997,0.0,-5.0,0.0,0.0,-60.0,0.0
GNN-PPO,normal_0200,normal,2.0,1,Jaipur,Kolkata,True,19,19,,4.791162891211867,3.6360751638288322,15.200000000000005,0.4159187275479798,6.840000000000002,-0.76,-0.2954155000824732,-0.2954155000824732,-23.0,-0.9500000000000003,0.0,0.0,0.0,4.0,0.0,0.0,0.0
Random,normal_0200,normal,2.0,1,Jaipur,Kolkata,False,,44,no_valid_neighbor,-93.01643138203627,-0.05227942819268496,-2.090550794961341,-0.12391625677492837,-1.185434158078033,0.17460390069744558,-0.14442732236336916,-0.14442732236336914,-53.0,-2.1500000000000004,-15.599999999999994,-2.1999999999999997,-11.5,0.0,0.0,0.0,-5.0
Dijkstra-km,normal_0200,normal,2.0,1,Jaipur,Kolkata,False,,70,pool_depleted,-36.146388731863965,1.1521169296957134,38.032064403468844,2.829433454693148,19.268815913301648,-2.142368173396684,-0.09322562981331714,-0.09322562981331714,-18.0,-3.4999999999999956,-9.599999999999998,0.0,-4.0,0.0,0.0,-60.0,0.0
BFS-hop,normal_0200,normal,2.0,1,Jaipur,Kolkata,True,19,19,,4.791162891211867,3.6360751638288322,15.200000000000005,0.4159187275479798,6.840000000000002,-0.76,-0.2954155000824732,-0.2954155000824732,-23.0,-0.9500000000000003,0.0,0.0,0.0,4.0,0.0,0.0,0.0
Max-SKR,normal_0200,normal,2.0,1,Jaipur,Kolkata,False,,20,pool_depleted,-137.5874788331105,0.0,0.0,0.0,-0.18000000000000008,0.03999999999999976,-0.023739416555259924,-0.02373941655525992,-60.0,-1.0000000000000002,-11.399999999999997,0.0,-5.0,0.0,0.0,-60.0,0.0
GNN-PPO,normal_0200,normal,2.0,2,Jaipur,Kolkata,True,21,21,,-2.413584992099185,3.6360751638288322,15.200000000000005,0.4159187275479798,6.820000000000002,-0.74,-0.29778944173799915,-0.29778944173799915,-29.0,-1.0500000000000003,-0.6,0.0,-0.5,4.0,0.0,0.0,0.0
Random,normal_0200,normal,2.0,2,Jaipur,Kolkata,False,,110,no_valid_neighbor,-133.78376245192845,-0.06306499926613757,-3.592155460470328,-0.15713413721569697,-1.7074160562699983,0.18497567094121523,-0.3494837348237395,-0.3494837348237395,-36.0,-5.449999999999989,-50.40000000000008,-2.4,-28.5,0.0,0.0,0.0,-5.0
Dijkstra-km,normal_0200,normal,2.0,2,Jaipur,Kolkata,False,,124,pool_depleted,14.32501858873254,2.3273569299595502,76.06412055036324,5.702373454835431,38.70756518429255,-4.3048696314148565,-0.18576394965174384,-0.18576394965174384,-24.0,-6.199999999999986,-9.599999999999998,0.0,-4.0,0.0,0.0,-60.0,0.0
BFS-hop,normal_0200,normal,2.0,2,Jaipur,Kolkata,True,21,21,,-2.413584992099185,3.6360751638288322,15.200000000000005,0.4159187275479798,6.820000000000002,-0.74,-0.29778944173799915,-0.29778944173799915,-29.0,-1.0500000000000003,-0.6,0.0,-0.5,4.0,0.0,0.0,0.0
Max-SKR,normal_0200,normal,2.0,2,Jaipur,Kolkata,False,,20,pool_depleted,-137.5874788331105,0.0,0.0,0.0,-0.18000000000000008,0.03999999999999976,-0.023739416555259924,-0.02373941655525992,-60.0,-1.0000000000000002,-11.399999999999997,0.0,-5.0,0.0,0.0,-60.0,0.0
GNN-PPO,normal_2200,normal,22.0,0,Jaipur,Kolkata,True,19,19,,4.791162891211867,3.6360751638288322,15.200000000000005,0.4159187275479798,6.840000000000002,-0.76,-0.2954155000824732,-0.2954155000824732,-23.0,-0.9500000000000003,0.0,0.0,0.0,4.0,0.0,0.0,0.0
Random,normal_2200,normal,22.0,0,Jaipur,Kolkata,False,,148,pool_depleted,-215.96568870905264,0.6398133420130966,2.2081959378039935,0.11424635530380983,1.5858578946242232,-0.08129597536842491,-0.5162531317147074,-0.5162531317147074,-46.0,-7.399999999999982,-67.80000000000007,-2.1999999999999997,-36.0,0.0,0.0,-60.0,0.0
Dijkstra-km,normal_2200,normal,22.0,0,Jaipur,Kolkata,False,,52,pool_depleted,-52.95701503078331,0.7630712859031338,25.354708688994005,1.8782077928370142,12.79073239979261,-1.4185352004147758,-0.06259999894764891,-0.06259999894764891,-16.0,-2.5999999999999988,-9.599999999999998,0.0,-4.0,0.0,0.0,-60.0,0.0
BFS-hop,normal_2200,normal,22.0,0,Jaipur,Kolkata,True,19,19,,4.791162891211867,3.6360751638288322,15.200000000000005,0.4159187275479798,6.840000000000002,-0.76,-0.2954155000824732,-0.2954155000824732,-23.0,-0.9500000000000003,0.0,0.0,0.0,4.0,0.0,0.0,0.0
Max-SKR,normal_2200,normal,22.0,0,Jaipur,Kolkata,False,,20,pool_depleted,-137.5874788331105,0.0,0.0,0.0,-0.18000000000000008,0.03999999999999976,-0.023739416555259924,-0.02373941655525992,-60.0,-1.0000000000000002,-11.399999999999997,0.0,-5.0,0.0,0.0,-60.0,0.0
GNN-PPO,normal_2200,normal,22.0,1,Jaipur,Kolkata,True,19,19,,4.791162891211867,3.6360751638288322,15.200000000000005,0.4159187275479798,6.840000000000002,-0.76,-0.2954155000824732,-0.2954155000824732,-23.0,-0.9500000000000003,0.0,0.0,0.0,4.0,0.0,0.0,0.0
Random,normal_2200,normal,22.0,1,Jaipur,Kolkata,False,,44,no_valid_neighbor,-93.01643441087083,-0.05227942819268496,-2.0905507997692236,-0.12392181663466877,-1.1854318101454386,0.17460408859790844,-0.14442732236336916,-0.14442732236336914,-53.0,-2.1500000000000004,-15.599999999999994,-2.1999999999999997,-11.5,0.0,0.0,0.0,-5.0
Dijkstra-km,normal_2200,normal,22.0,1,Jaipur,Kolkata,False,,70,pool_depleted,-36.145919593610216,1.1521169296957134,38.03206455445299,2.8299109027825695,19.26881309302836,-2.1423738139432555,-0.09322562981331714,-0.09322562981331714,-18.0,-3.4999999999999956,-9.599999999999998,0.0,-4.0,0.0,0.0,-60.0,0.0
BFS-hop,normal_2200,normal,22.0,1,Jaipur,Kolkata,True,19,19,,4.791162891211867,3.6360751638288322,15.200000000000005,0.4159187275479798,6.840000000000002,-0.76,-0.2954155000824732,-0.2954155000824732,-23.0,-0.9500000000000003,0.0,0.0,0.0,4.0,0.0,0.0,0.0
Max-SKR,normal_2200,normal,22.0,1,Jaipur,Kolkata,False,,20,pool_depleted,-137.5874788331105,0.0,0.0,0.0,-0.18000000000000008,0.03999999999999976,-0.023739416555259924,-0.02373941655525992,-60.0,-1.0000000000000002,-11.399999999999997,0.0,-5.0,0.0,0.0,-60.0,0.0
GNN-PPO,normal_2200,normal,22.0,2,Jaipur,Kolkata,True,21,21,,-2.413584992099185,3.6360751638288322,15.200000000000005,0.4159187275479798,6.820000000000002,-0.74,-0.29778944173799915,-0.29778944173799915,-29.0,-1.0500000000000003,-0.6,0.0,-0.5,4.0,0.0,0.0,0.0
Random,normal_2200,normal,22.0,2,Jaipur,Kolkata,False,,110,no_valid_neighbor,-133.7834657286834,-0.06306499926613757,-3.5921549382115088,-0.1578172857976204,-1.7066289154075251,0.1851678796469001,-0.3494837348237395,-0.3494837348237395,-36.0,-5.449999999999989,-50.40000000000008,-2.4,-28.5,0.0,0.0,0.0,-5.0
Dijkstra-km,normal_2200,normal,22.0,2,Jaipur,Kolkata,False,,124,pool_depleted,14.33981748099572,2.3273569299595502,76.06412593343438,5.717214713559687,38.70754926778179,-4.304901464436359,-0.18576394965174384,-0.18576394965174384,-24.0,-6.199999999999986,-9.599999999999998,0.0,-4.0,0.0,0.0,-60.0,0.0
BFS-hop,normal_2200,normal,22.0,2,Jaipur,Kolkata,True,21,21,,-2.413584992099185,3.6360751638288322,15.200000000000005,0.4159187275479798,6.820000000000002,-0.74,-0.29778944173799915,-0.29778944173799915,-29.0,-1.0500000000000003,-0.6,0.0,-0.5,4.0,0.0,0.0,0.0
Max-SKR,normal_2200,normal,22.0,2,Jaipur,Kolkata,False,,20,pool_depleted,-137.5874788331105,0.0,0.0,0.0,-0.18000000000000008,0.03999999999999976,-0.023739416555259924,-0.02373941655525992,-60.0,-1.0000000000000002,-11.399999999999997,0.0,-5.0,0.0,0.0,-60.0,0.0
GNN-PPO,summer,summer,22.0,0,Jaipur,Kolkata,True,19,19,,4.791162891211867,3.6360751638288322,15.200000000000005,0.4159187275479798,6.840000000000002,-0.76,-0.2954155000824732,-0.2954155000824732,-23.0,-0.9500000000000003,0.0,0.0,0.0,4.0,0.0,0.0,0.0
Random,summer,summer,22.0,0,Jaipur,Kolkata,False,,154,pool_depleted,-223.27218351767618,0.6398133420130964,3.796255582080666,0.23686590615430428,2.7003007389368925,-0.18206454864954608,-0.5816772691057844,-0.5816772691057843,-45.0,-7.699999999999981,-75.6,-4.000000000000001,-37.0,0.0,0.0,-60.0,0.0
Dijkstra-km,summer,summer,22.0,0,Jaipur,Kolkata,False,,52,pool_depleted,-52.95713693519262,0.7630712859031338,25.354708642874417,1.8780858764131245,12.790732419170661,-1.4185351616586652,-0.06259999894764891,-0.06259999894764891,-16.0,-2.5999999999999988,-9.599999999999998,0.0,-4.0,0.0,0.0,-60.0,0.0
BFS-hop,summer,summer,22.0,0,Jaipur,Kolkata,True,19,19,,4.791162891211867,3.6360751638288322,15.200000000000005,0.4159187275479798,6.840000000000002,-0.76,-0.2954155000824732,-0.2954155000824732,-23.0,-0.9500000000000003,0.0,0.0,0.0,4.0,0.0,0.0,0.0
Max-SKR,summer,summer,22.0,0,Jaipur,Kolkata,False,,20,pool_depleted,-137.5874788331105,0.0,0.0,0.0,-0.18000000000000008,0.03999999999999976,-0.023739416555259924,-0.02373941655525992,-60.0,-1.0000000000000002,-11.399999999999997,0.0,-5.0,0.0,0.0,-60.0,0.0
GNN-PPO,summer,summer,22.0,1,Jaipur,Kolkata,True,19,19,,4.791162891211867,3.6360751638288322,15.200000000000005,0.4159187275479798,6.840000000000002,-0.76,-0.2954155000824732,-0.2954155000824732,-23.0,-0.9500000000000003,0.0,0.0,0.0,4.0,0.0,0.0,0.0
Random,summer,summer,22.0,1,Jaipur,Kolkata,False,,36,no_valid_neighbor,-73.34471673238639,-0.06306499926613751,-3.9004466543346976,-0.16196177204937404,-1.9818142411511916,0.21754898486251614,-0.1524890252237463,-0.15248902522374627,-36.0,-1.7500000000000009,-12.599999999999996,-1.7999999999999998,-10.0,0.0,0.0,0.0,-5.0
Dijkstra-km,summer,summer,22.0,1,Jaipur,Kolkata,False,,25,pool_depleted,-78.14852649347395,0.19345357994258225,6.338678266673571,0.4777220348984405,3.0690406310484937,-0.34191873790301125,-0.017751134067017945,-0.017751134067017945,-13.0,-1.2500000000000004,-9.599999999999998,0.0,-4.0,0.0,0.0,-60.0,0.0
BFS-hop,summer,summer,22.0,1,Jaipur,Kolkata,True,19,19,,4.791162891211867,3.6360751638288322,15.200000000000005,0.4159187275479798,6.840000000000002,-0.76,-0.2954155000824732,-0.2954155000824732,-23.0,-0.9500000000000003,0.0,0.0,0.0,4.0,0.0,0.0,0.0
Max-SKR,summer,summer,22.0,1,Jaipur,Kolkata,False,,20,pool_depleted,-137.5874788331105,0.0,0.0,0.0,-0.18000000000000008,0.03999999999999976,-0.023739416555259924,-0.02373941655525992,-60.0,-1.0000000000000002,-11.399999999999997,0.0,-5.0,0.0,0.0,-60.0,0.0
GNN-PPO,summer,summer,22.0,2,Jaipur,Kolkata,True,21,21,,-2.413584992099185,3.6360751638288322,15.200000000000005,0.4159187275479798,6.820000000000002,-0.74,-0.29778944173799915,-0.29778944173799915,-29.0,-1.0500000000000003,-0.6,0.0,-0.5,4.0,0.0,0.0,0.0
Random,summer,summer,22.0,2,Jaipur,Kolkata,False,,110,no_valid_neighbor,-133.78368012153177,-0.06306499926613757,-3.5921550175495867,-0.15785227767555313,-1.7067601928237954,0.18511983543066915,-0.3494837348237395,-0.3494837348237395,-36.0,-5.449999999999989,-50.40000000000008,-2.4,-28.5,0.0,0.0,0.0,-5.0
Dijkstra-km,summer,summer,22.0,2,Jaipur,Kolkata,False,,124,pool_depleted,14.338359121958064,2.3273569299595502,76.06412541150931,5.715746149153863,38.70755284354622,-4.30489431290748,-0.18576394965174384,-0.18576394965174384,-24.0,-6.199999999999986,-9.599999999999998,0.0,-4.0,0.0,0.0,-60.0,0.0
BFS-hop,summer,summer,22.0,2,Jaipur,Kolkata,True,21,21,,-2.413584992099185,3.6360751638288322,15.200000000000005,0.4159187275479798,6.820000000000002,-0.74,-0.29778944173799915,-0.29778944173799915,-29.0,-1.0500000000000003,-0.6,0.0,-0.5,4.0,0.0,0.0,0.0
Max-SKR,summer,summer,22.0,2,Jaipur,Kolkata,False,,20,pool_depleted,-137.5874788331105,0.0,0.0,0.0,-0.18000000000000008,0.03999999999999976,-0.023739416555259924,-0.02373941655525992,-60.0,-1.0000000000000002,-11.399999999999997,0.0,-5.0,0.0,0.0,-60.0,0.0
GNN-PPO,winter,winter,22.0,0,Jaipur,Kolkata,True,19,19,,4.791162891211867,3.6360751638288322,15.200000000000005,0.4159187275479798,6.840000000000002,-0.76,-0.2954155000824732,-0.2954155000824732,-23.0,-0.9500000000000003,0.0,0.0,0.0,4.0,0.0,0.0,0.0
Random,winter,winter,22.0,0,Jaipur,Kolkata,False,,137,pool_depleted,-205.0330621850692,0.6637164207674487,2.8568907921047932,0.15188925080034002,1.6593906846024487,-0.12411312427965562,-0.4954181045322908,-0.4954181045322908,-46.0,-6.849999999999984,-61.2000000000001,-2.1999999999999997,-33.0,0.0,0.0,-60.0,0.0
Dijkstra-km,winter,winter,22.0,0,Jaipur,Kolkata,False,,50,pool_depleted,-50.53193103820649,0.7630712859031338,25.354535576869118,1.5040587669178391,12.790324478275457,-1.41935104344908,-0.06228505136147512,-0.06228505136147512,-15.0,-2.499999999999999,-8.399999999999999,0.0,-3.5,0.0,0.0,-60.0,0.0
BFS-hop,winter,winter,22.0,0,Jaipur,Kolkata,True,19,19,,4.791162891211867,3.6360751638288322,15.200000000000005,0.4159187275479798,6.840000000000002,-0.76,-0.2954155000824732,-0.2954155000824732,-23.0,-0.9500000000000003,0.0,0.0,0.0,4.0,0.0,0.0,0.0
Max-SKR,winter,winter,22.0,0,Jaipur,Kolkata,False,,20,pool_depleted,-137.5874788331105,0.0,0.0,0.0,-0.18000000000000008,0.03999999999999976,-0.023739416555259924,-0.02373941655525992,-60.0,-1.0000000000000002,-11.399999999999997,0.0,-5.0,0.0,0.0,-60.0,0.0
GNN-PPO,winter,winter,22.0,1,Jaipur,Kolkata,True,19,19,,4.791162891211867,3.6360751638288322,15.200000000000005,0.4159187275479798,6.840000000000002,-0.76,-0.2954155000824732,-0.2954155000824732,-23.0,-0.9500000000000003,0.0,0.0,0.0,4.0,0.0,0.0,0.0
Random,winter,winter,22.0,1,Jaipur,Kolkata,False,,36,no_valid_neighbor,-73.32032552917772,-0.06306499926613751,-3.90044132088864,-0.1310415288142867,-1.9850809473850675,0.21428131762390457,-0.1524890252237463,-0.15248902522374627,-36.0,-1.7500000000000009,-12.599999999999996,-1.7999999999999998,-10.0,0.0,0.0,0.0,-5.0
Dijkstra-km,winter,winter,22.0,1,Jaipur,Kolkata,False,,68,pool_depleted,-33.911928354475,1.1521169296957134,38.03180574773317,2.2650415608737795,19.268310080407627,-2.143379839184723,-0.09291141700029534,-0.09291141700029534,-17.0,-3.399999999999996,-8.399999999999999,0.0,-3.5,0.0,0.0,-60.0,0.0
BFS-hop,winter,winter,22.0,1,Jaipur,Kolkata,True,19,19,,4.791162891211867,3.6360751638288322,15.200000000000005,0.4159187275479798,6.840000000000002,-0.76,-0.2954155000824732,-0.2954155000824732,-23.0,-0.9500000000000003,0.0,0.0,0.0,4.0,0.0,0.0,0.0
Max-SKR,winter,winter,22.0,1,Jaipur,Kolkata,False,,20,pool_depleted,-137.5874788331105,0.0,0.0,0.0,-0.18000000000000008,0.03999999999999976,-0.023739416555259924,-0.02373941655525992,-60.0,-1.0000000000000002,-11.399999999999997,0.0,-5.0,0.0,0.0,-60.0,0.0
GNN-PPO,winter,winter,22.0,2,Jaipur,Kolkata,True,21,21,,-2.413584992099185,3.6360751638288322,15.200000000000005,0.4159187275479798,6.820000000000002,-0.74,-0.29778944173799915,-0.29778944173799915,-29.0,-1.0500000000000003,-0.6,0.0,-0.5,4.0,0.0,0.0,0.0
Random,winter,winter,22.0,2,Jaipur,Kolkata,False,,110,no_valid_neighbor,-133.70335778107915,-0.06306499926613757,-3.5921357503843634,-0.12687165006475518,-1.6607835835777174,0.18846567186127516,-0.3494837348237395,-0.3494837348237395,-36.0,-5.449999999999989,-50.40000000000008,-2.4,-28.5,0.0,0.0,0.0,-5.0
Dijkstra-km,winter,winter,22.0,2,Jaipur,Kolkata,False,,122,pool_depleted,15.997780663678135,2.3273569299595502,76.06360690319106,4.577061630182975,38.706884408211366,-4.306231183577199,-0.18544901214484052,-0.18544901214484052,-23.0,-6.099999999999986,-8.399999999999999,0.0,-3.5,0.0,0.0,-60.0,0.0
BFS-hop,winter,winter,22.0,2,Jaipur,Kolkata,True,21,21,,-2.413584992099185,3.6360751638288322,15.200000000000005,0.4159187275479798,6.820000000000002,-0.74,-0.29778944173799915,-0.29778944173799915,-29.0,-1.0500000000000003,-0.6,0.0,-0.5,4.0,0.0,0.0,0.0
Max-SKR,winter,winter,22.0,2,Jaipur,Kolkata,False,,20,pool_depleted,-137.5874788331105,0.0,0.0,0.0,-0.18000000000000008,0.03999999999999976,-0.023739416555259924,-0.02373941655525992,-60.0,-1.0000000000000002,-11.399999999999997,0.0,-5.0,0.0,0.0,-60.0,0.0
GNN-PPO,monsoon_0200,monsoon,2.0,0,Jaipur,Kolkata,True,19,19,,4.791162891211867,3.6360751638288322,15.200000000000005,0.4159187275479798,6.840000000000002,-0.76,-0.2954155000824732,-0.2954155000824732,-23.0,-0.9500000000000003,0.0,0.0,0.0,4.0,0.0,0.0,0.0
Random,monsoon_0200,monsoon,2.0,0,Jaipur,Kolkata,False,,141,pool_depleted,-210.6127039158433,0.6637164207674485,4.517503402826839,0.1723876152231701,2.7636836421905926,-0.26607418685046264,-0.556960405000428,-0.5569604050004279,-45.0,-7.049999999999983,-67.80000000000007,-4.000000000000001,-33.5,0.0,0.0,-60.0,0.0
Dijkstra-km,monsoon_0200,monsoon,2.0,0,Jaipur,Kolkata,False,,48,pool_depleted,-48.27157363671748,0.7630712859031338,25.354018731141014,0.9504267553872708,12.794949932800563,-1.410100134398863,-0.061970103775301336,-0.061970103775301336,-14.0,-2.3999999999999995,-7.199999999999998,0.0,-3.0,0.0,0.0,-60.0,0.0
BFS-hop,monsoon_0200,monsoon,2.0,0,Jaipur,Kolkata,True,19,19,,4.791162891211867,3.6360751638288322,15.200000000000005,0.4159187275479798,6.840000000000002,-0.76,-0.2954155000824732,-0.2954155000824732,-23.0,-0.9500000000000003,0.0,0.0,0.0,4.0,0.0,0.0,0.0
Max-SKR,monsoon_0200,monsoon,2.0,0,Jaipur,Kolkata,False,,20,pool_depleted,-137.5874788331105,0.0,0.0,0.0,-0.18000000000000008,0.03999999999999976,-0.023739416555259924,-0.02373941655525992,-60.0,-1.0000000000000002,-11.399999999999997,0.0,-5.0,0.0,0.0,-60.0,0.0
GNN-PPO,monsoon_0200,monsoon,2.0,1,Jaipur,Kolkata,True,19,19,,4.791162891211867,3.6360751638288322,15.200000000000005,0.4159187275479798,6.840000000000002,-0.76,-0.2954155000824732,-0.2954155000824732,-23.0,-0.9500000000000003,0.0,0.0,0.0,4.0,0.0,0.0,0.0
Random,monsoon_0200,monsoon,2.0,1,Jaipur,Kolkata,False,,36,no_valid_neighbor,-73.29509819963486,-0.06306499926613751,-3.9004339115839435,-0.09200208474701269,-1.991677995537321,0.20705884194703933,-0.1524890252237463,-0.15248902522374627,-36.0,-1.7500000000000009,-12.599999999999996,-1.7999999999999998,-10.0,0.0,0.0,0.0,-5.0
Dijkstra-km,monsoon_0200,monsoon,2.0,1,Jaipur,Kolkata,False,,21,pool_depleted,-72.77556830813828,0.19345357994258225,6.338515431643042,0.24440428851403473,3.070766958914099,-0.3384660821718009,-0.01712124249012056,-0.01712124249012056,-11.0,-1.0500000000000003,-7.199999999999998,0.0,-3.0,0.0,0.0,-60.0,0.0
BFS-hop,monsoon_0200,monsoon,2.0,1,Jaipur,Kolkata,True,19,19,,4.791162891211867,3.6360751638288322,15.200000000000005,0.4159187275479798,6.840000000000002,-0.76,-0.2954155000824732,-0.2954155000824732,-23.0,-0.9500000000000003,0.0,0.0,0.0,4.0,0.0,0.0,0.0
Max-SKR,monsoon_0200,monsoon,2.0,1,Jaipur,Kolkata,False,,20,pool_depleted,-137.5874788331105,0.0,0.0,0.0,-0.18000000000000008,0.03999999999999976,-0.023739416555259924,-0.02373941655525992,-60.0,-1.0000000000000002,-11.399999999999997,0.0,-5.0,0.0,0.0,-60.0,0.0
GNN-PPO,monsoon_0200,monsoon,2.0,2,Jaipur,Kolkata,True,21,21,,-2.413584992099185,3.6360751638288322,15.200000000000005,0.4159187275479798,6.820000000000002,-0.74,-0.29778944173799915,-0.29778944173799915,-29.0,-1.0500000000000003,-0.6,0.0,-0.5,4.0,0.0,0.0,0.0
Random,monsoon_0200,monsoon,2.0,2,Jaipur,Kolkata,False,,119,pool_depleted,-221.9216955496771,0.2908335566245325,-1.2588452566997834,-0.09820520785227016,-0.5926591283365,0.1089359252731414,-0.36087771934310503,-0.360877719343105,-66.0,-5.949999999999987,-54.000000000000085,-3.2000000000000006,-30.5,0.0,0.0,-60.0,0.0
Dijkstra-km,monsoon_0200,monsoon,2.0,2,Jaipur,Kolkata,False,,120,pool_depleted,17.06301293640331,2.3273569299595502,76.06199884888268,2.8386152279519905,38.708436692961605,-4.30312661407671,-0.1851340746379372,-0.1851340746379372,-22.0,-5.999999999999987,-7.199999999999998,0.0,-3.0,0.0,0.0,-60.0,0.0
BFS-hop,monsoon_0200,monsoon,2.0,2,Jaipur,Kolkata,True,21,21,,-2.413584992099185,3.6360751638288322,15.200000000000005,0.4159187275479798,6.820000000000002,-0.74,-0.29778944173799915,-0.29778944173799915,-29.0,-1.0500000000000003,-0.6,0.0,-0.5,4.0,0.0,0.0,0.0
Max-SKR,monsoon_0200,monsoon,2.0,2,Jaipur,Kolkata,False,,20,pool_depleted,-137.5874788331105,0.0,0.0,0.0,-0.18000000000000008,0.03999999999999976,-0.023739416555259924,-0.02373941655525992,-60.0,-1.0000000000000002,-11.399999999999997,0.0,-5.0,0.0,0.0,-60.0,0.0
GNN-PPO,monsoon_2200,monsoon,22.0,0,Jaipur,Kolkata,True,19,19,,4.791162891211867,3.6360751638288322,15.200000000000005,0.4159187275479798,6.840000000000002,-0.76,-0.2954155000824732,-0.2954155000824732,-23.0,-0.9500000000000003,0.0,0.0,0.0,4.0,0.0,0.0,0.0
Random,monsoon_2200,monsoon,22.0,0,Jaipur,Kolkata,False,,141,pool_depleted,-210.60435189830673,0.6637164207674485,4.51750748322721,0.16962496398587873,2.769563623415614,-0.2608435797019252,-0.556960405000428,-0.5569604050004279,-45.0,-7.049999999999983,-67.80000000000007,-4.000000000000001,-33.5,0.0,0.0,-60.0,0.0
Dijkstra-km,monsoon_2200,monsoon,22.0,0,Jaipur,Kolkata,False,,48,pool_depleted,-48.27151895160143,0.7630712859031338,25.35401877967853,0.9504833998928999,12.794949263491533,-1.410101473016922,-0.061970103775301336,-0.061970103775301336,-14.0,-2.3999999999999995,-7.199999999999998,0.0,-3.0,0.0,0.0,-60.0,0.0
BFS-hop,monsoon_2200,monsoon,22.0,0,Jaipur,Kolkata,True,19,19,,4.791162891211867,3.6360751638288322,15.200000000000005,0.4159187275479798,6.840000000000002,-0.76,-0.2954155000824732,-0.2954155000824732,-23.0,-0.9500000000000003,0.0,0.0,0.0,4.0,0.0,0.0,0.0
Max-SKR,monsoon_2200,monsoon,22.0,0,Jaipur,Kolkata,False,,20,pool_depleted,-137.5874788331105,0.0,0.0,0.0,-0.18000000000000008,0.03999999999999976,-0.023739416555259924,-0.02373941655525992,-60.0,-1.0000000000000002,-11.399999999999997,0.0,-5.0,0.0,0.0,-60.0,0.0
GNN-PPO,monsoon_2200,monsoon,22.0,1,Jaipur,Kolkata,True,19,19,,4.791162891211867,3.6360751638288322,15.200000000000005,0.4159187275479798,6.840000000000002,-0.76,-0.2954155000824732,-0.2954155000824732,-23.0,-0.9500000000000003,0.0,0.0,0.0,4.0,0.0,0.0,0.0
Random,monsoon_2200,monsoon,22.0,1,Jaipur,Kolkata,False,,36,no_valid_neighbor,-73.29506549762395,-0.06306499926613751,-3.900433859118408,-0.09199890825936635,-1.991657370069139,0.20706768953659022,-0.1524890252237463,-0.15248902522374627,-36.0,-1.7500000000000009,-12.599999999999996,-1.7999999999999998,-10.0,0.0,0.0,0.0,-5.0
Dijkstra-km,monsoon_2200,monsoon,22.0,1,Jaipur,Kolkata,False,,21,pool_depleted,-72.77568168745192,0.19345357994258225,6.338515256901518,0.24429093004677407,3.0707670102124807,-0.33846597957503843,-0.01712124249012056,-0.01712124249012056,-11.0,-1.0500000000000003,-7.199999999999998,0.0,-3.0,0.0,0.0,-60.0,0.0
BFS-hop,monsoon_2200,monsoon,22.0,1,Jaipur,Kolkata,True,19,19,,4.791162891211867,3.6360751638288322,15.200000000000005,0.4159187275479798,6.840000000000002,-0.76,-0.2954155000824732,-0.2954155000824732,-23.0,-0.9500000000000003,0.0,0.0,0.0,4.0,0.0,0.0,0.0
Max-SKR,monsoon_2200,monsoon,22.0,1,Jaipur,Kolkata,False,,20,pool_depleted,-137.5874788331105,0.0,0.0,0.0,-0.18000000000000008,0.03999999999999976,-0.023739416555259924,-0.02373941655525992,-60.0,-1.0000000000000002,-11.399999999999997,0.0,-5.0,0.0,0.0,-60.0,0.0
GNN-PPO,monsoon_2200,monsoon,22.0,2,Jaipur,Kolkata,True,21,21,,-2.413584992099185,3.6360751638288322,15.200000000000005,0.4159187275479798,6.820000000000002,-0.74,-0.29778944173799915,-0.29778944173799915,-29.0,-1.0500000000000003,-0.6,0.0,-0.5,4.0,0.0,0.0,0.0
Random,monsoon_2200,monsoon,22.0,2,Jaipur,Kolkata,False,,119,pool_depleted,-221.9201739242618,0.2908335566245325,-1.2588515661025144,-0.09877566512758958,-0.5930995586489131,0.11147474767882667,-0.36087771934310503,-0.360877719343105,-66.0,-5.949999999999987,-54.000000000000085,-3.2000000000000006,-30.5,0.0,0.0,-60.0,0.0
Dijkstra-km,monsoon_2200,monsoon,22.0,2,Jaipur,Kolkata,False,,120,pool_depleted,17.099436708161733,2.3273569299595502,76.06205402397474,2.875067342309274,38.708408853731285,-4.303182292537354,-0.1851340746379372,-0.1851340746379372,-22.0,-5.999999999999987,-7.199999999999998,0.0,-3.0,0.0,0.0,-60.0,0.0
BFS-hop,monsoon_2200,monsoon,22.0,2,Jaipur,Kolkata,True,21,21,,-2.413584992099185,3.6360751638288322,15.200000000000005,0.4159187275479798,6.820000000000002,-0.74,-0.29778944173799915,-0.29778944173799915,-29.0,-1.0500000000000003,-0.6,0.0,-0.5,4.0,0.0,0.0,0.0
Max-SKR,monsoon_2200,monsoon,22.0,2,Jaipur,Kolkata,False,,20,pool_depleted,-137.5874788331105,0.0,0.0,0.0,-0.18000000000000008,0.03999999999999976,-0.023739416555259924,-0.02373941655525992,-60.0,-1.0000000000000002,-11.399999999999997,0.0,-5.0,0.0,0.0,-60.0,0.0
GNN-PPO,normal_0200,normal,2.0,0,Hyderabad,Mumbai,True,9,9,,2.213214037105003,1.6537139515516568,7.199999999999999,0.205620652334949,3.2399999999999998,-0.3599999999999999,-0.1380602833908017,-0.1380602833908017,-13.0,-0.44999999999999996,0.0,0.0,0.0,4.0,0.0,0.0,0.0
Random,normal_0200,normal,2.0,0,Hyderabad,Mumbai,False,,107,pool_depleted,-186.28219466982327,-0.2700321121781024,-3.370993637719214,-0.25783586331185854,-1.229684032433795,0.1303276614648707,-0.2669883428225776,-0.2669883428225776,-32.0,-5.349999999999989,-53.400000000000084,-1.9999999999999998,-28.0,0.0,0.0,-60.0,0.0
Dijkstra-km,normal_0200,normal,2.0,0,Hyderabad,Mumbai,True,79,79,,73.43284018687065,1.6537139515516561,55.661971335187914,4.047565238520697,28.439999999999973,-3.160000000000002,-0.13020516919483935,-0.13020516919483935,-13.0,-3.949999999999994,0.0,0.0,0.0,4.0,0.0,0.0,0.0
BFS-hop,normal_0200,normal,2.0,0,Hyderabad,Mumbai,True,9,9,,2.213214037105003,1.6537139515516568,7.199999999999999,0.205620652334949,3.2399999999999998,-0.3599999999999999,-0.1380602833908017,-0.1380602833908017,-13.0,-0.44999999999999996,0.0,0.0,0.0,4.0,0.0,0.0,0.0
Max-SKR,normal_0200,normal,2.0,0,Hyderabad,Mumbai,False,,20,pool_depleted,-137.5792092592334,0.0,0.0,0.0,-0.18000000000000008,0.03999999999999976,-0.019604629616708155,-0.019604629616708155,-60.0,-1.0000000000000002,-11.399999999999997,0.0,-5.0,0.0,0.0,-60.0,0.0
GNN-PPO,normal_0200,normal,2.0,1,Hyderabad,Mumbai,True,13,13,,-7.667169418440129,1.6537139515516568,7.127257511379923,0.20309123352613676,3.2432871514110118,-0.35671284858898844,-0.1439032088599347,-0.14390320885993468,-20.0,-0.65,-1.2,-0.4,-1.0,4.0,0.0,0.0,0.0
Random,normal_0200,normal,2.0,1,Hyderabad,Mumbai,False,,131,pool_depleted,-212.25678136064562,-0.8565865319489836,-11.96689647408296,-0.7992182665706793,-5.522843002962234,0.6049525176612747,-0.28309480137103343,-0.28309480137103343,-33.0,-6.549999999999985,-54.60000000000009,-1.9999999999999998,-37.0,0.0,0.0,-60.0,0.0
Dijkstra-km,normal_0200,normal,2.0,1,Hyderabad,Mumbai,True,79,79,,73.45048257990639,1.6537139515516561,55.66198221693816,4.065196749806228,28.439999999999973,-3.160000000000002,-0.13020516919483935,-0.13020516919483935,-13.0,-3.949999999999994,0.0,0.0,0.0,4.0,0.0,0.0,0.0
BFS-hop,normal_0200,normal,2.0,1,Hyderabad,Mumbai,True,13,13,,-7.5978067770500255,1.6537139515516568,7.199999999999999,0.20570925116911393,3.1967206962905528,-0.323279303709447,-0.14033568617595168,-0.14033568617595166,-20.0,-0.65,-1.2,-0.4,-1.0,4.0,0.0,0.0,0.0
Max-SKR,normal_0200,normal,2.0,1,Hyderabad,Mumbai,False,,20,pool_depleted,-137.5792092592334,0.0,0.0,0.0,-0.18000000000000008,0.03999999999999976,-0.019604629616708155,-0.019604629616708155,-60.0,-1.0000000000000002,-11.399999999999997,0.0,-5.0,0.0,0.0,-60.0,0.0
GNN-PPO,normal_0200,normal,2.0,2,Hyderabad,Mumbai,True,9,9,,2.213214037105003,1.6537139515516568,7.199999999999999,0.205620652334949,3.2399999999999998,-0.3599999999999999,-0.1380602833908017,-0.1380602833908017,-13.0,-0.44999999999999996,0.0,0.0,0.0,4.0,0.0,0.0,0.0
Random,normal_0200,normal,2.0,2,Hyderabad,Mumbai,False,,18,no_valid_neighbor,-24.171102512896134,0.23129438618339238,2.0010214967746895,0.14753172821164878,1.0566059970816815,-0.16780387309923506,-0.04487612402415466,-0.04487612402415466,-11.0,-0.8500000000000002,-6.599999999999999,-0.4,-3.5,0.0,0.0,0.0,-5.0
Dijkstra-km,normal_0200,normal,2.0,2,Hyderabad,Mumbai,True,79,79,,73.42958105813926,1.6537139515516561,55.6619748929805,4.044302551996769,28.439999999999973,-3.160000000000002,-0.13020516919483935,-0.13020516919483935,-13.0,-3.949999999999994,0.0,0.0,0.0,4.0,0.0,0.0,0.0
BFS-hop,normal_0200,normal,2.0,2,Hyderabad,Mumbai,True,9,9,,2.213214037105003,1.6537139515516568,7.199999999999999,0.205620652334949,3.2399999999999998,-0.3599999999999999,-0.1380602833908017,-0.1380602833908017,-13.0,-0.44999999999999996,0.0,0.0,0.0,4.0,0.0,0.0,0.0
Max-SKR,normal_0200,normal,2.0,2,Hyderabad,Mumbai,False,,22,pool_depleted,-146.8780293770479,-0.00867328700697044,-1.5272583687914698,-0.021522679498261005,-0.8599999999999997,0.0800000000000002,-0.02028752087559751,-0.02028752087559751,-65.0,-1.1000000000000003,-11.999999999999996,-0.4,-6.0,0.0,0.0,-60.0,0.0
GNN-PPO,normal_2200,normal,22.0,0,Hyderabad,Mumbai,True,9,9,,2.213214037105003,1.6537139515516568,7.199999999999999,0.205620652334949,3.2399999999999998,-0.3599999999999999,-0.1380602833908017,-0.1380602833908017,-13.0,-0.44999999999999996,0.0,0.0,0.0,4.0,0.0,0.0,0.0
Random,normal_2200,normal,22.0,0,Hyderabad,Mumbai,False,,107,pool_depleted,-186.2846072220432,-0.2700321121781024,-3.3709945400813837,-0.2595069478836938,-1.2303731893148915,0.13027625305998222,-0.2669883428225776,-0.2669883428225776,-32.0,-5.349999999999989,-53.400000000000084,-1.9999999999999998,-28.0,0.0,0.0,-60.0,0.0
Dijkstra-km,normal_2200,normal,22.0,0,Hyderabad,Mumbai,True,79,79,,73.43597562831303,1.6537139515516561,55.66197253496533,4.050699480185706,28.439999999999973,-3.160000000000002,-0.13020516919483935,-0.13020516919483935,-13.0,-3.949999999999994,0.0,0.0,0.0,4.0,0.0,0.0,0.0
BFS-hop,normal_2200,normal,22.0,0,Hyderabad,Mumbai,True,9,9,,2.213214037105003,1.6537139515516568,7.199999999999999,0.205620652334949,3.2399999999999998,-0.3599999999999999,-0.1380602833908017,-0.1380602833908017,-13.0,-0.44999999999999996,0.0,0.0,0.0,4.0,0.0,0.0,0.0
Max-SKR,normal_2200,normal,22.0,0,Hyderabad,Mumbai,False,,20,pool_depleted,-137.5792092592334,0.0,0.0,0.0,-0.18000000000000008,0.03999999999999976,-0.019604629616708155,-0.019604629616708155,-60.0,-1.0000000000000002,-11.399999999999997,0.0,-5.0,0.0,0.0,-60.0,0.0
GNN-PPO,normal_2200,normal,22.0,1,Hyderabad,Mumbai,True,13,13,,-7.667159719677428,1.6537139515516568,7.127257509753829,0.20309530590555014,3.243289965415702,-0.3567100345842981,-0.1439032088599347,-0.14390320885993468,-20.0,-0.65,-1.2,-0.4,-1.0,4.0,0.0,0.0,0.0
Random,normal_2200,normal,22.0,1,Hyderabad,Mumbai,False,,131,pool_depleted,-212.2625574883237,-0.8565865319489836,-11.966896521738397,-0.8001340984663766,-5.525366246543908,0.6026155131159765,-0.28309480137103343,-0.28309480137103343,-33.0,-6.549999999999985,-54.60000000000009,-1.9999999999999998,-37.0,0.0,0.0,-60.0,0.0
Dijkstra-km,normal_2200,normal,22.0,1,Hyderabad,Mumbai,True,79,79,,73.4527006753333,1.6537139515516561,55.66198306214832,4.067414000022988,28.439999999999973,-3.160000000000002,-0.13020516919483935,-0.13020516919483935,-13.0,-3.949999999999994,0.0,0.0,0.0,4.0,0.0,0.0,0.0
BFS-hop,normal_2200,normal,22.0,1,Hyderabad,Mumbai,True,13,13,,-7.597806800354564,1.6537139515516568,7.199999999999999,0.20570925108474966,3.196720684680466,-0.32327931531953363,-0.14033568617595168,-0.14033568617595166,-20.0,-0.65,-1.2,-0.4,-1.0,4.0,0.0,0.0,0.0
Max-SKR,normal_2200,normal,22.0,1,Hyderabad,Mumbai,False,,20,pool_depleted,-137.5792092592334,0.0,0.0,0.0,-0.18000000000000008,0.03999999999999976,-0.019604629616708155,-0.019604629616708155,-60.0,-1.0000000000000002,-11.399999999999997,0.0,-5.0,0.0,0.0,-60.0,0.0
GNN-PPO,normal_2200,normal,22.0,2,Hyderabad,Mumbai,True,9,9,,2.213214037105003,1.6537139515516568,7.199999999999999,0.205620652334949,3.2399999999999998,-0.3599999999999999,-0.1380602833908017,-0.1380602833908017,-13.0,-0.44999999999999996,0.0,0.0,0.0,4.0,0.0,0.0,0.0
Random,normal_2200,normal,22.0,2,Hyderabad,Mumbai,False,,18,no_valid_neighbor,-24.171104888581294,0.23129438618339238,2.001021491800131,0.14752130986309067,1.0566085564227412,-0.16779838480234022,-0.04487612402415466,-0.04487612402415466,-11.0,-0.8500000000000002,-6.599999999999999,-0.4,-3.5,0.0,0.0,0.0,-5.0
Dijkstra-km,normal_2200,normal,22.0,2,Hyderabad,Mumbai,True,79,79,,73.4318943896558,1.6537139515516561,55.66197575837798,4.046615018115798,28.439999999999973,-3.160000000000002,-0.13020516919483935,-0.13020516919483935,-13.0,-3.949999999999994,0.0,0.0,0.0,4.0,0.0,0.0,0.0
BFS-hop,normal_2200,normal,22.0,2,Hyderabad,Mumbai,True,9,9,,2.213214037105003,1.6537139515516568,7.199999999999999,0.205620652334949,3.2399999999999998,-0.3599999999999999,-0.1380602833908017,-0.1380602833908017,-13.0,-0.44999999999999996,0.0,0.0,0.0,4.0,0.0,0.0,0.0
Max-SKR,normal_2200,normal,22.0,2,Hyderabad,Mumbai,False,,22,pool_depleted,-146.87802936204073,-0.00867328700697044,-1.5272583687735481,-0.021522664509027192,-0.8599999999999997,0.0800000000000002,-0.02028752087559751,-0.02028752087559751,-65.0,-1.1000000000000003,-11.999999999999996,-0.4,-6.0,0.0,0.0,-60.0,0.0
GNN-PPO,summer,summer,22.0,0,Hyderabad,Mumbai,True,9,9,,2.213214037105003,1.6537139515516568,7.199999999999999,0.205620652334949,3.2399999999999998,-0.3599999999999999,-0.1380602833908017,-0.1380602833908017,-13.0,-0.44999999999999996,0.0,0.0,0.0,4.0,0.0,0.0,0.0
Random,summer,summer,22.0,0,Hyderabad,Mumbai,False,,107,pool_depleted,-186.28429702550756,-0.2700321121781024,-3.37099441512089,-0.25929474928358104,-1.2302911114607418,0.13029204818087187,-0.2669883428225776,-0.2669883428225776,-32.0,-5.349999999999989,-53.400000000000084,-1.9999999999999998,-28.0,0.0,0.0,-60.0,0.0
Dijkstra-km,summer,summer,22.0,0,Hyderabad,Mumbai,True,79,79,,73.43573339973702,1.6537139515516561,55.66197243697065,4.0504573496043434,28.439999999999973,-3.160000000000002,-0.13020516919483935,-0.13020516919483935,-13.0,-3.949999999999994,0.0,0.0,0.0,4.0,0.0,0.0,0.0
BFS-hop,summer,summer,22.0,0,Hyderabad,Mumbai,True,9,9,,2.213214037105003,1.6537139515516568,7.199999999999999,0.205620652334949,3.2399999999999998,-0.3599999999999999,-0.1380602833908017,-0.1380602833908017,-13.0,-0.44999999999999996,0.0,0.0,0.0,4.0,0.0,0.0,0.0
Max-SKR,summer,summer,22.0,0,Hyderabad,Mumbai,False,,20,pool_depleted,-137.5792092592334,0.0,0.0,0.0,-0.18000000000000008,0.03999999999999976,-0.019604629616708155,-0.019604629616708155,-60.0,-1.0000000000000002,-11.399999999999997,0.0,-5.0,0.0,0.0,-60.0,0.0
GNN-PPO,summer,summer,22.0,1,Hyderabad,Mumbai,True,13,13,,-7.608970789844059,1.6537139515516568,7.199999999999999,0.20570925089268247,3.19350297149599,-0.3264970285040098,-0.14269996764018936,-0.14269996764018933,-20.0,-0.65,-1.2,-0.4,-1.0,4.0,0.0,0.0,0.0
Random,summer,summer,22.0,1,Hyderabad,Mumbai,False,,131,pool_depleted,-212.2613305934644,-0.8565865319489836,-11.966896606920734,-0.800014896457494,-5.524837552994574,0.6031945975994311,-0.28309480137103343,-0.28309480137103343,-33.0,-6.549999999999985,-54.60000000000009,-1.9999999999999998,-37.0,0.0,0.0,-60.0,0.0
Dijkstra-km,summer,summer,22.0,1,Hyderabad,Mumbai,False,,43,pool_depleted,-61.36440969153735,0.5706349094978385,19.01603330057726,1.4073734077868567,9.548815202605514,-1.0623695947889715,-0.04744845860792177,-0.04744845860792177,-15.0,-2.1500000000000004,-9.599999999999998,0.0,-4.0,0.0,0.0,-60.0,0.0
BFS-hop,summer,summer,22.0,1,Hyderabad,Mumbai,True,13,13,,-7.597806828564402,1.6537139515516568,7.199999999999999,0.20570925089268247,3.19672067067158,-0.32327932932841996,-0.14033568617595168,-0.14033568617595166,-20.0,-0.65,-1.2,-0.4,-1.0,4.0,0.0,0.0,0.0
Max-SKR,summer,summer,22.0,1,Hyderabad,Mumbai,False,,20,pool_depleted,-137.5792092592334,0.0,0.0,0.0,-0.18000000000000008,0.03999999999999976,-0.019604629616708155,-0.019604629616708155,-60.0,-1.0000000000000002,-11.399999999999997,0.0,-5.0,0.0,0.0,-60.0,0.0
GNN-PPO,summer,summer,22.0,2,Hyderabad,Mumbai,True,9,9,,2.213214037105003,1.6537139515516568,7.199999999999999,0.205620652334949,3.2399999999999998,-0.3599999999999999,-0.1380602833908017,-0.1380602833908017,-13.0,-0.44999999999999996,0.0,0.0,0.0,4.0,0.0,0.0,0.0
Random,summer,summer,22.0,2,Hyderabad,Mumbai,False,,18,no_valid_neighbor,-24.171110542003447,0.23129438618339238,2.001021484844994,0.14750817450111983,1.0566098184550463,-0.16779215793969232,-0.04487612402415466,-0.04487612402415466,-11.0,-0.8500000000000002,-6.599999999999999,-0.4,-3.5,0.0,0.0,0.0,-5.0
Dijkstra-km,summer,summer,22.0,2,Hyderabad,Mumbai,True,79,79,,73.43170933017296,1.6537139515516561,55.66197568994658,4.046430027064346,28.439999999999973,-3.160000000000002,-0.13020516919483935,-0.13020516919483935,-13.0,-3.949999999999994,0.0,0.0,0.0,4.0,0.0,0.0,0.0
BFS-hop,summer,summer,22.0,2,Hyderabad,Mumbai,True,9,9,,2.213214037105003,1.6537139515516568,7.199999999999999,0.205620652334949,3.2399999999999998,-0.3599999999999999,-0.1380602833908017,-0.1380602833908017,-13.0,-0.44999999999999996,0.0,0.0,0.0,4.0,0.0,0.0,0.0
Max-SKR,summer,summer,22.0,2,Hyderabad,Mumbai,False,,22,pool_depleted,-146.87802924817504,-0.00867328700697044,-1.527258368686567,-0.021522550730286277,-0.8599999999999997,0.0800000000000002,-0.02028752087559751,-0.02028752087559751,-65.0,-1.1000000000000003,-11.999999999999996,-0.4,-6.0,0.0,0.0,-60.0,0.0
GNN-PPO,winter,winter,22.0,0,Hyderabad,Mumbai,True,9,9,,2.213214037105003,1.6537139515516568,7.199999999999999,0.205620652334949,3.2399999999999998,-0.3599999999999999,-0.1380602833908017,-0.1380602833908017,-13.0,-0.44999999999999996,0.0,0.0,0.0,4.0,0.0,0.0,0.0
Random,winter,winter,22.0,0,Hyderabad,Mumbai,False,,95,pool_depleted,-173.72175192516883,-0.2700321121781024,-3.647738083635196,-0.2142018006196928,-1.2916598648990316,0.1419665930322797,-0.24504332843455295,-0.24504332843455293,-30.0,-4.749999999999991,-46.20000000000007,-1.9999999999999998,-25.0,0.0,0.0,-60.0,0.0
Dijkstra-km,winter,winter,22.0,0,Hyderabad,Mumbai,True,79,79,,72.62483092579488,1.6537139515516561,55.661586996821,3.239940315811912,28.439999999999973,-3.160000000000002,-0.13020516919483935,-0.13020516919483935,-13.0,-3.949999999999994,0.0,0.0,0.0,4.0,0.0,0.0,0.0
BFS-hop,winter,winter,22.0,0,Hyderabad,Mumbai,True,9,9,,2.213214037105003,1.6537139515516568,7.199999999999999,0.205620652334949,3.2399999999999998,-0.3599999999999999,-0.1380602833908017,-0.1380602833908017,-13.0,-0.44999999999999996,0.0,0.0,0.0,4.0,0.0,0.0,0.0
Max-SKR,winter,winter,22.0,0,Hyderabad,Mumbai,False,,20,pool_depleted,-137.5792092592334,0.0,0.0,0.0,-0.18000000000000008,0.03999999999999976,-0.019604629616708155,-0.019604629616708155,-60.0,-1.0000000000000002,-11.399999999999997,0.0,-5.0,0.0,0.0,-60.0,0.0
GNN-PPO,winter,winter,22.0,1,Hyderabad,Mumbai,True,13,13,,-7.671796611234577,1.6537139515516568,7.127253612566866,0.2030922991735039,3.2433392530608702,-0.3566607469391296,-0.14626749032417238,-0.14626749032417236,-20.0,-0.65,-1.2,-0.4,-1.0,4.0,0.0,0.0,0.0
Random,winter,winter,22.0,1,Hyderabad,Mumbai,False,,129,pool_depleted,-210.1194294919279,-0.8565865319489836,-11.904927441036632,-0.6533779480246158,-5.415674987532775,0.6196051751021371,-0.279233879243509,-0.279233879243509,-33.0,-6.449999999999985,-53.400000000000084,-1.9999999999999998,-36.5,0.0,0.0,-60.0,0.0
Dijkstra-km,winter,winter,22.0,1,Hyderabad,Mumbai,True,79,79,,72.64159748553085,1.6537139515516561,55.6616033880028,3.256690484366081,28.439999999999973,-3.160000000000002,-0.13020516919483935,-0.13020516919483935,-13.0,-3.949999999999994,0.0,0.0,0.0,4.0,0.0,0.0,0.0
BFS-hop,winter,winter,22.0,1,Hyderabad,Mumbai,True,13,13,,-7.604344914300817,1.6537139515516568,7.199999999999999,0.20570925119247474,3.193451627653477,-0.32654837234652306,-0.14033568617595168,-0.14033568617595166,-20.0,-0.65,-1.2,-0.4,-1.0,4.0,0.0,0.0,0.0
Max-SKR,winter,winter,22.0,1,Hyderabad,Mumbai,False,,20,pool_depleted,-137.5792092592334,0.0,0.0,0.0,-0.18000000000000008,0.03999999999999976,-0.019604629616708155,-0.019604629616708155,-60.0,-1.0000000000000002,-11.399999999999997,0.0,-5.0,0.0,0.0,-60.0,0.0
GNN-PPO,winter,winter,22.0,2,Hyderabad,Mumbai,True,9,9,,2.213214037105003,1.6537139515516568,7.199999999999999,0.205620652334949,3.2399999999999998,-0.3599999999999999,-0.1380602833908017,-0.1380602833908017,-13.0,-0.44999999999999996,0.0,0.0,0.0,4.0,0.0,0.0,0.0
Random,winter,winter,22.0,2,Hyderabad,Mumbai,False,,18,no_valid_neighbor,-24.188615335480073,0.23129438618339238,2.001003103438215,0.1234956202398659,1.053338828661029,-0.1579950259542637,-0.04487612402415466,-0.04487612402415466,-11.0,-0.8500000000000002,-6.599999999999999,-0.4,-3.5,0.0,0.0,0.0,-5.0
Dijkstra-km,winter,winter,22.0,2,Hyderabad,Mumbai,True,79,79,,72.62071697838356,1.6537139515516561,55.661591800994344,3.235821564227206,28.439999999999973,-3.160000000000002,-0.13020516919483935,-0.13020516919483935,-13.0,-3.949999999999994,0.0,0.0,0.0,4.0,0.0,0.0,0.0
BFS-hop,winter,winter,22.0,2,Hyderabad,Mumbai,True,9,9,,2.213214037105003,1.6537139515516568,7.199999999999999,0.205620652334949,3.2399999999999998,-0.3599999999999999,-0.1380602833908017,-0.1380602833908017,-13.0,-0.44999999999999996,0.0,0.0,0.0,4.0,0.0,0.0,0.0
Max-SKR,winter,winter,22.0,2,Hyderabad,Mumbai,False,,22,pool_depleted,-144.7942941464364,0.0,0.0,0.0,-0.20321769917558993,0.05678230082440988,-0.023929374042616636,-0.023929374042616636,-66.0,-1.1000000000000003,-11.999999999999996,0.0,-5.5,0.0,0.0,-60.0,0.0
GNN-PPO,monsoon_0200,monsoon,2.0,0,Hyderabad,Mumbai,True,9,9,,2.213214037105003,1.6537139515516568,7.199999999999999,0.205620652334949,3.2399999999999998,-0.3599999999999999,-0.1380602833908017,-0.1380602833908017,-13.0,-0.44999999999999996,0.0,0.0,0.0,4.0,0.0,0.0,0.0
Random,monsoon_0200,monsoon,2.0,0,Hyderabad,Mumbai,False,,73,pool_depleted,-149.37215134646982,-0.2700321121781024,-3.7790077363626997,-0.1615897432280458,-1.532501525427443,0.16404773250451174,-0.22153398088904575,-0.22153398088904572,-24.0,-3.649999999999995,-34.20000000000004,-1.9999999999999998,-19.5,0.0,0.0,-60.0,0.0
Dijkstra-km,monsoon_0200,monsoon,2.0,0,Hyderabad,Mumbai,True,79,79,,71.39560670894065,1.6537139515516561,55.6603711374126,2.0119319583660507,28.439999999999973,-3.160000000000002,-0.13020516919483935,-0.13020516919483935,-13.0,-3.949999999999994,0.0,0.0,0.0,4.0,0.0,0.0,0.0
BFS-hop,monsoon_0200,monsoon,2.0,0,Hyderabad,Mumbai,True,9,9,,2.213214037105003,1.6537139515516568,7.199999999999999,0.205620652334949,3.2399999999999998,-0.3599999999999999,-0.1380602833908017,-0.1380602833908017,-13.0,-0.44999999999999996,0.0,0.0,0.0,4.0,0.0,0.0,0.0
Max-SKR,monsoon_0200,monsoon,2.0,0,Hyderabad,Mumbai,False,,20,pool_depleted,-137.5792092592334,0.0,0.0,0.0,-0.18000000000000008,0.03999999999999976,-0.019604629616708155,-0.019604629616708155,-60.0,-1.0000000000000002,-11.399999999999997,0.0,-5.0,0.0,0.0,-60.0,0.0
GNN-PPO,monsoon_0200,monsoon,2.0,1,Hyderabad,Mumbai,True,13,13,,-7.624475670636154,1.6537139515516568,7.199999999999999,0.20579784985026583,3.185706231621151,-0.33429376837884883,-0.14269996764018936,-0.14269996764018933,-20.0,-0.65,-1.2,-0.4,-1.0,4.0,0.0,0.0,0.0
Random,monsoon_0200,monsoon,2.0,1,Hyderabad,Mumbai,False,,122,pool_depleted,-202.13791523264484,-0.8334991040583187,-10.975992176338615,-0.39990738628917694,-5.231965699465726,0.6351157819248392,-0.26583332420893996,-0.26583332420893996,-33.0,-6.099999999999986,-49.200000000000074,-1.9999999999999998,-34.5,0.0,0.0,-60.0,0.0
Dijkstra-km,monsoon_0200,monsoon,2.0,1,Hyderabad,Mumbai,False,,39,pool_depleted,-56.45009701461291,0.5706349094978385,19.015531499935953,0.7163118493500736,9.550353961508383,-1.0592920769832304,-0.04681857896096345,-0.04681857896096345,-13.0,-1.950000000000001,-7.199999999999998,0.0,-3.0,0.0,0.0,-60.0,0.0
BFS-hop,monsoon_0200,monsoon,2.0,1,Hyderabad,Mumbai,True,13,13,,-7.6133117093564975,1.6537139515516568,7.199999999999999,0.20579784985026583,3.188923930796741,-0.33107606920325894,-0.14033568617595168,-0.14033568617595166,-20.0,-0.65,-1.2,-0.4,-1.0,4.0,0.0,0.0,0.0
Max-SKR,monsoon_0200,monsoon,2.0,1,Hyderabad,Mumbai,False,,20,pool_depleted,-137.5792092592334,0.0,0.0,0.0,-0.18000000000000008,0.03999999999999976,-0.019604629616708155,-0.019604629616708155,-60.0,-1.0000000000000002,-11.399999999999997,0.0,-5.0,0.0,0.0,-60.0,0.0
GNN-PPO,monsoon_0200,monsoon,2.0,2,Hyderabad,Mumbai,True,9,9,,2.213214037105003,1.6537139515516568,7.199999999999999,0.205620652334949,3.2399999999999998,-0.3599999999999999,-0.1380602833908017,-0.1380602833908017,-13.0,-0.44999999999999996,0.0,0.0,0.0,4.0,0.0,0.0,0.0
Random,monsoon_0200,monsoon,2.0,2,Hyderabad,Mumbai,False,,18,no_valid_neighbor,-24.207018893333686,0.23129438618339238,2.0009506279081624,0.09384971649160118,1.0486945790442057,-0.14205595491273876,-0.04487612402415466,-0.04487612402415466,-11.0,-0.8500000000000002,-6.599999999999999,-0.4,-3.5,0.0,0.0,0.0,-5.0
Dijkstra-km,monsoon_0200,monsoon,2.0,2,Hyderabad,Mumbai,True,79,79,,71.38951840597836,1.6537139515516561,55.66038700470546,2.0058277881108904,28.439999999999973,-3.160000000000002,-0.13020516919483935,-0.13020516919483935,-13.0,-3.949999999999994,0.0,0.0,0.0,4.0,0.0,0.0,0.0
BFS-hop,monsoon_0200,monsoon,2.0,2,Hyderabad,Mumbai,True,9,9,,2.213214037105003,1.6537139515516568,7.199999999999999,0.205620652334949,3.2399999999999998,-0.3599999999999999,-0.1380602833908017,-0.1380602833908017,-13.0,-0.44999999999999996,0.0,0.0,0.0,4.0,0.0,0.0,0.0
Max-SKR,monsoon_0200,monsoon,2.0,2,Hyderabad,Mumbai,False,,22,pool_depleted,-144.7942941464364,0.0,0.0,0.0,-0.20321769917558993,0.05678230082440988,-0.023929374042616636,-0.023929374042616636,-66.0,-1.1000000000000003,-11.999999999999996,0.0,-5.5,0.0,0.0,-60.0,0.0
GNN-PPO,monsoon_2200,monsoon,22.0,0,Hyderabad,Mumbai,True,9,9,,2.213214037105003,1.6537139515516568,7.199999999999999,0.205620652334949,3.2399999999999998,-0.3599999999999999,-0.1380602833908017,-0.1380602833908017,-13.0,-0.44999999999999996,0.0,0.0,0.0,4.0,0.0,0.0,0.0
Random,monsoon_2200,monsoon,22.0,0,Hyderabad,Mumbai,False,,73,pool_depleted,-149.3722154553411,-0.2700321121781024,-3.7790075460981054,-0.1621541665426828,-1.532355291024818,0.16440162228069033,-0.22153398088904575,-0.22153398088904572,-24.0,-3.649999999999995,-34.20000000000004,-1.9999999999999998,-19.5,0.0,0.0,-60.0,0.0
Dijkstra-km,monsoon_2200,monsoon,22.0,0,Hyderabad,Mumbai,True,79,79,,71.40331588673513,1.6537139515516561,55.66038352912965,2.019628744443487,28.439999999999973,-3.160000000000002,-0.13020516919483935,-0.13020516919483935,-13.0,-3.949999999999994,0.0,0.0,0.0,4.0,0.0,0.0,0.0
BFS-hop,monsoon_2200,monsoon,22.0,0,Hyderabad,Mumbai,True,9,9,,2.213214037105003,1.6537139515516568,7.199999999999999,0.205620652334949,3.2399999999999998,-0.3599999999999999,-0.1380602833908017,-0.1380602833908017,-13.0,-0.44999999999999996,0.0,0.0,0.0,4.0,0.0,0.0,0.0
Max-SKR,monsoon_2200,monsoon,22.0,0,Hyderabad,Mumbai,False,,20,pool_depleted,-137.5792092592334,0.0,0.0,0.0,-0.18000000000000008,0.03999999999999976,-0.019604629616708155,-0.019604629616708155,-60.0,-1.0000000000000002,-11.399999999999997,0.0,-5.0,0.0,0.0,-60.0,0.0
GNN-PPO,monsoon_2200,monsoon,22.0,1,Hyderabad,Mumbai,True,13,13,,-7.624475733274605,1.6537139515516568,7.199999999999999,0.20579784917713848,3.185706200638489,-0.33429379936151077,-0.14269996764018936,-0.14269996764018933,-20.0,-0.65,-1.2,-0.4,-1.0,4.0,0.0,0.0,0.0
Random,monsoon_2200,monsoon,22.0,1,Hyderabad,Mumbai,False,,122,pool_depleted,-202.14537663949397,-0.8334991040583187,-10.975995502503764,-0.40080013848409174,-5.234470663459542,0.631055417429591,-0.26583332420893996,-0.26583332420893996,-33.0,-6.099999999999986,-49.200000000000074,-1.9999999999999998,-34.5,0.0,0.0,-60.0,0.0
Dijkstra-km,monsoon_2200,monsoon,22.0,1,Hyderabad,Mumbai,False,,39,pool_depleted,-56.45033857339039,0.5706349094978385,19.015531089485172,0.7160726709815699,9.550353304855655,-1.059293390288692,-0.04681857896096345,-0.04681857896096345,-13.0,-1.950000000000001,-7.199999999999998,0.0,-3.0,0.0,0.0,-60.0,0.0
BFS-hop,monsoon_2200,monsoon,22.0,1,Hyderabad,Mumbai,True,13,13,,-7.613311771994948,1.6537139515516568,7.199999999999999,0.20579784917713848,3.188923899814079,-0.3310761001859209,-0.14033568617595168,-0.14033568617595166,-20.0,-0.65,-1.2,-0.4,-1.0,4.0,0.0,0.0,0.0
Max-SKR,monsoon_2200,monsoon,22.0,1,Hyderabad,Mumbai,False,,20,pool_depleted,-137.5792092592334,0.0,0.0,0.0,-0.18000000000000008,0.03999999999999976,-0.019604629616708155,-0.019604629616708155,-60.0,-1.0000000000000002,-11.399999999999997,0.0,-5.0,0.0,0.0,-60.0,0.0
GNN-PPO,monsoon_2200,monsoon,22.0,2,Hyderabad,Mumbai,True,9,9,,2.213214037105003,1.6537139515516568,7.199999999999999,0.205620652334949,3.2399999999999998,-0.3599999999999999,-0.1380602833908017,-0.1380602833908017,-13.0,-0.44999999999999996,0.0,0.0,0.0,4.0,0.0,0.0,0.0
Random,monsoon_2200,monsoon,22.0,2,Hyderabad,Mumbai,False,,18,no_valid_neighbor,-24.207027543447495,0.23129438618339238,2.0009505789281525,0.09382114760050916,1.0487010764985873,-0.14204248460982466,-0.04487612402415466,-0.04487612402415466,-11.0,-0.8500000000000002,-6.599999999999999,-0.4,-3.5,0.0,0.0,0.0,-5.0
Dijkstra-km,monsoon_2200,monsoon,22.0,2,Hyderabad,Mumbai,True,79,79,,71.395187952427,1.6537139515516561,55.66039590820543,2.0114884310595667,28.439999999999973,-3.160000000000002,-0.13020516919483935,-0.13020516919483935,-13.0,-3.949999999999994,0.0,0.0,0.0,4.0,0.0,0.0,0.0
BFS-hop,monsoon_2200,monsoon,22.0,2,Hyderabad,Mumbai,True,9,9,,2.213214037105003,1.6537139515516568,7.199999999999999,0.205620652334949,3.2399999999999998,-0.3599999999999999,-0.1380602833908017,-0.1380602833908017,-13.0,-0.44999999999999996,0.0,0.0,0.0,4.0,0.0,0.0,0.0
Max-SKR,monsoon_2200,monsoon,22.0,2,Hyderabad,Mumbai,False,,22,pool_depleted,-144.7942941464364,0.0,0.0,0.0,-0.20321769917558993,0.05678230082440988,-0.023929374042616636,-0.023929374042616636,-66.0,-1.1000000000000003,-11.999999999999996,0.0,-5.5,0.0,0.0,-60.0,0.0
