policy,season,seed,source,destination,success,hops,reward,revisits,checked_edges,valid_edges,invalid_actions,no_valid_action_states,fallbacks,fiber_edges,fso_edges,route
GNN-PPO,normal,60000,Delhi,Chennai,True,28,4.438360311244686,0,28,28,0,0,0,28,0,"[""Delhi"", ""Delhi--Hyderabad_F1"", ""Delhi--Hyderabad_F2"", ""Delhi--Hyderabad_F3"", ""Delhi--Hyderabad_F4"", ""Delhi--Hyderabad_F5"", ""Delhi--Hyderabad_F6"", ""Delhi--Hyderabad_F7"", ""Delhi--Hyderabad_F8"", ""Delhi--Hyderabad_F9"", ""Delhi--Hyderabad_F10"", ""Delhi--Hyderabad_F11"", ""Delhi--Hyderabad_F12"", ""Delhi--Hyderabad_F13"", ""Delhi--Hyderabad_F14"", ""Delhi--Hyderabad_F15"", ""Delhi--Hyderabad_F16"", ""Delhi--Hyderabad_F17"", ""Delhi--Hyderabad_F18"", ""Delhi--Hyderabad_F19"", ""Hyderabad"", ""Chennai--Hyderabad_F7"", ""Chennai--Hyderabad_F6"", ""Chennai--Hyderabad_F5"", ""Chennai--Hyderabad_F4"", ""Chennai--Hyderabad_F3"", ""Chennai--Hyderabad_F2"", ""Chennai--Hyderabad_F1"", ""Chennai""]"
Random,normal,60000,Delhi,Chennai,False,,-345.62960948900826,210,254,254,0,0,0,19,235,"[""Delhi"", ""Delhi--Kolkata_D1_F1"", ""Delhi--Kolkata_D1_F2"", ""Delhi--Kolkata_D1_F1"", ""Delhi"", ""Delhi--Kolkata_D1_F1"", ""Delhi--Kolkata_D1_F2"", ""Delhi--Kolkata_D1_F1"", ""Delhi--Kolkata_D1_F2"", ""Delhi--Kolkata_D1_F3"", ""Delhi--Kolkata_D1_F2"", ""Delhi--Kolkata_D1_F3"", ""Delhi--Kolkata_D1_F4"", ""Delhi--Kolkata_D1_F3"", ""Delhi--Kolkata_D1_F4"", ""Delhi--Kolkata_D1_F3"", ""Delhi--Kolkata_D1_F4"", ""Delhi--Kolkata_D1_F3"", ""Delhi--Kolkata_D1_F2"", ""Delhi--Kolkata_D1_F1"", ""Delhi"", ""Delhi--Kolkata_D1_F1"", ""Delhi"", ""Delhi--Kolkata_D1_F1"", ""Delhi--Kolkata_D1_F2"", ""Delhi--Kolkata_D1_F1"", ""Delhi"", ""Delhi--Hyderabad_F1"", ""Delhi--Hyderabad_F2"", ""Delhi--Hyderabad_D3_F1"", ""Delhi--Hyderabad_F2"", ""Delhi--Hyderabad_F1"", ""Delhi--Hyderabad_D2_F1"", ""Delhi--Hyderabad_D2_F2"", ""Delhi--Hyderabad_D2_F3"", ""Delhi--Hyderabad_D2_F2"", ""Delhi--Hyderabad_D2_F3"", ""Delhi--Hyderabad_D2_F4"", ""Delhi--Hyderabad_D2_F3"", ""Delhi--Hyderabad_D2_F2"", ""Delhi--Hyderabad_D2_F3"", ""Delhi--Hyderabad_D2_F4"", ""Delhi--Hyderabad_D2_F5"", ""Delhi--Hyderabad_D2_F6"", ""Delhi--Hyderabad_D2_F5"", ""Delhi--Hyderabad_D2_F4"", ""Delhi--Hyderabad_D2_F3"", ""Delhi--Hyderabad_D2_F4"", ""Delhi--Hyderabad_D2_F3"", ""Delhi--Hyderabad_D2_F2"", ""Delhi--Hyderabad_D2_F1"", ""Delhi--Hyderabad_D2_F2"", ""Delhi--Hyderabad_D2_F1"", ""Delhi--Hyderabad_D2_F2"", ""Delhi--Hyderabad_D2_F1"", ""Delhi--Hyderabad_D2_F2"", ""Delhi--Hyderabad_D2_F1"", ""Delhi--Hyderabad_D2_F2"", ""Delhi--Hyderabad_D2_F1"", ""Delhi--Hyderabad_F1"", ""Delhi"", ""Delhi--Jaipur_F1"", ""Delhi"", ""Delhi--Hyderabad_D1_F1"", ""Delhi--Hyderabad_D1_F2"", ""Delhi--Hyderabad_D1_F1"", ""Delhi--Hyderabad_D1_F2"", ""Delhi--Hyderabad_D1_F1"", ""Delhi--Hyderabad_D1_F2"", ""Delhi--Hyderabad_D1_F1"", ""Delhi--Hyderabad_D1_F2"", ""Delhi--Hyderabad_D1_F3"", ""Delhi--Hyderabad_D1_F2"", ""Delhi--Hyderabad_D1_F1"", ""Delhi"", ""Delhi--Jaipur_D1_F1"", ""Delhi"", ""Delhi--Hyderabad_D1_F1"", ""Delhi"", ""Delhi--Jaipur_D1_F1"", ""Delhi"", ""Delhi--Jaipur_F1"", ""Delhi--Jaipur_D1_F8"", ""Delhi--Jaipur_F1"", ""Delhi--Jaipur_D1_F8"", ""Delhi--Jaipur_F1"", ""Delhi"", ""Delhi--Hyderabad_D1_F1"", ""Delhi"", ""Delhi--Kolkata_D1_F1"", ""Delhi"", ""Delhi--Kolkata_F1"", ""Delhi"", ""Delhi--Hyderabad_F1"", ""Delhi--Hyderabad_D1_F8"", ""Delhi--Hyderabad_D1_F7"", ""Delhi--Hyderabad_D1_F6"", ""Delhi--Hyderabad_D1_F7"", ""Delhi--Hyderabad_D1_F8"", ""Delhi--Hyderabad_D1_F7"", ""Delhi--Hyderabad_D1_F8"", ""Delhi--Hyderabad_F1"", ""Delhi--Hyderabad_F2"", ""Delhi--Hyderabad_D3_F1"", ""Delhi--Hyderabad_D3_F2"", ""Delhi--Hyderabad_D3_F3"", ""Delhi--Hyderabad_D3_F2"", ""Delhi--Hyderabad_D3_F1"", ""Delhi--Hyderabad_D3_F2"", ""Delhi--Hyderabad_D3_F3"", ""Delhi--Hyderabad_D3_F4"", ""Delhi--Hyderabad_D3_F5"", ""Delhi--Hyderabad_D3_F6"", ""Delhi--Hyderabad_D3_F5"", ""Delhi--Hyderabad_D3_F6"", ""Delhi--Hyderabad_D3_F5"", ""Delhi--Hyderabad_D3_F4"", ""Delhi--Hyderabad_D3_F5"", ""Delhi--Hyderabad_D3_F6"", ""Delhi--Hyderabad_D3_F5"", ""Delhi--Hyderabad_D3_F6"", ""Delhi--Hyderabad_D3_F5"", ""Delhi--Hyderabad_D3_F6"", ""Delhi--Hyderabad_D3_F7"", ""Delhi--Hyderabad_D3_F8"", ""Delhi--Hyderabad_D3_F7"", ""Delhi--Hyderabad_D3_F6"", ""Delhi--Hyderabad_D3_F5"", ""Delhi--Hyderabad_D3_F4"", ""Delhi--Hyderabad_D3_F5"", ""Delhi--Hyderabad_D3_F6"", ""Delhi--Hyderabad_D3_F5"", ""Delhi--Hyderabad_D3_F4"", ""Delhi--Hyderabad_D3_F3"", ""Delhi--Hyderabad_D3_F2"", ""Delhi--Hyderabad_D3_F3"", ""Delhi--Hyderabad_D3_F2"", ""Delhi--Hyderabad_D3_F1"", ""Delhi--Hyderabad_D3_F2"", ""Delhi--Hyderabad_D3_F3"", ""Delhi--Hyderabad_D3_F2"", ""Delhi--Hyderabad_D3_F1"", ""Delhi--Hyderabad_D3_F2"", ""Delhi--Hyderabad_D3_F3"", ""Delhi--Hyderabad_D3_F4"", ""Delhi--Hyderabad_D3_F5"", ""Delhi--Hyderabad_D3_F4"", ""Delhi--Hyderabad_D3_F5"", ""Delhi--Hyderabad_D3_F4"", ""Delhi--Hyderabad_D3_F5"", ""Delhi--Hyderabad_D3_F4"", ""Delhi--Hyderabad_D3_F3"", ""Delhi--Hyderabad_D3_F2"", ""Delhi--Hyderabad_D3_F3"", ""Delhi--Hyderabad_D3_F4"", ""Delhi--Hyderabad_D3_F3"", ""Delhi--Hyderabad_D3_F4"", ""Delhi--Hyderabad_D3_F5"", ""Delhi--Hyderabad_D3_F6"", ""Delhi--Hyderabad_D3_F7"", ""Delhi--Hyderabad_D3_F6"", ""Delhi--Hyderabad_D3_F7"", ""Delhi--Hyderabad_D3_F6"", ""Delhi--Hyderabad_D3_F7"", ""Delhi--Hyderabad_D3_F8"", ""Delhi--Hyderabad_F3"", ""Delhi--Hyderabad_F4"", ""Delhi--Hyderabad_D5_F1"", ""Delhi--Hyderabad_D5_F2"", ""Delhi--Hyderabad_D5_F3"", ""Delhi--Hyderabad_D5_F4"", ""Delhi--Hyderabad_D5_F5"", ""Delhi--Hyderabad_D5_F6"", ""Delhi--Hyderabad_D5_F5"", ""Delhi--Hyderabad_D5_F6"", ""Delhi--Hyderabad_D5_F5"", ""Delhi--Hyderabad_D5_F4"", ""Delhi--Hyderabad_D5_F5"", ""Delhi--Hyderabad_D5_F6"", ""Delhi--Hyderabad_D5_F5"", ""Delhi--Hyderabad_D5_F6"", ""Delhi--Hyderabad_D5_F7"", ""Delhi--Hyderabad_D5_F6"", ""Delhi--Hyderabad_D5_F7"", ""Delhi--Hyderabad_D5_F8"", ""Delhi--Hyderabad_F5"", ""Delhi--Hyderabad_D5_F8"", ""Delhi--Hyderabad_F5"", ""Delhi--Hyderabad_D5_F8"", ""Delhi--Hyderabad_F5"", ""Delhi--Hyderabad_F4"", ""Delhi--Hyderabad_D5_F1"", ""Delhi--Hyderabad_D5_F2"", ""Delhi--Hyderabad_D5_F1"", ""Delhi--Hyderabad_F4"", ""Delhi--Hyderabad_D4_F8"", ""Delhi--Hyderabad_F4"", ""Delhi--Hyderabad_F3"", ""Delhi--Hyderabad_F2"", ""Delhi--Hyderabad_D2_F8"", ""Delhi--Hyderabad_F2"", ""Delhi--Hyderabad_D2_F8"", ""Delhi--Hyderabad_D2_F7"", ""Delhi--Hyderabad_D2_F6"", ""Delhi--Hyderabad_D2_F5"", ""Delhi--Hyderabad_D2_F6"", ""Delhi--Hyderabad_D2_F7"", ""Delhi--Hyderabad_D2_F8"", ""Delhi--Hyderabad_D2_F7"", ""Delhi--Hyderabad_D2_F8"", ""Delhi--Hyderabad_F2"", ""Delhi--Hyderabad_F3"", ""Delhi--Hyderabad_F4"", ""Delhi--Hyderabad_F5"", ""Delhi--Hyderabad_D5_F8"", ""Delhi--Hyderabad_D5_F7"", ""Delhi--Hyderabad_D5_F6"", ""Delhi--Hyderabad_D5_F5"", ""Delhi--Hyderabad_D5_F6"", ""Delhi--Hyderabad_D5_F5"", ""Delhi--Hyderabad_D5_F4"", ""Delhi--Hyderabad_D5_F5"", ""Delhi--Hyderabad_D5_F6"", ""Delhi--Hyderabad_D5_F5"", ""Delhi--Hyderabad_D5_F6"", ""Delhi--Hyderabad_D5_F7"", ""Delhi--Hyderabad_D5_F8"", ""Delhi--Hyderabad_D5_F7"", ""Delhi--Hyderabad_D5_F8"", ""Delhi--Hyderabad_D5_F7"", ""Delhi--Hyderabad_D5_F6"", ""Delhi--Hyderabad_D5_F5"", ""Delhi--Hyderabad_D5_F6"", ""Delhi--Hyderabad_D5_F7"", ""Delhi--Hyderabad_D5_F6"", ""Delhi--Hyderabad_D5_F7"", ""Delhi--Hyderabad_D5_F6"", ""Delhi--Hyderabad_D5_F7"", ""Delhi--Hyderabad_D5_F6"", ""Delhi--Hyderabad_D5_F5"", ""Delhi--Hyderabad_D5_F4"", ""Delhi--Hyderabad_D5_F5"", ""Delhi--Hyderabad_D5_F4"", ""Delhi--Hyderabad_D5_F5"", ""Delhi--Hyderabad_D5_F4"", ""Delhi--Hyderabad_D5_F5"", ""Delhi--Hyderabad_D5_F4"", ""Delhi--Hyderabad_D5_F3"", ""Delhi--Hyderabad_D5_F2"", ""Delhi--Hyderabad_D5_F1"", ""Delhi--Hyderabad_D5_F2"", ""Delhi--Hyderabad_D5_F3"", ""Delhi--Hyderabad_D5_F4"", ""Delhi--Hyderabad_D5_F5"", ""Delhi--Hyderabad_D5_F6""]"
Dijkstra-km,normal,60000,Delhi,Chennai,False,,27.664470274825664,16,89,89,0,0,0,1,88,"[""Delhi"", ""Delhi--Hyderabad_D1_F1"", ""Delhi--Hyderabad_D1_F2"", ""Delhi--Hyderabad_D1_F3"", ""Delhi--Hyderabad_D1_F4"", ""Delhi--Hyderabad_D1_F5"", ""Delhi--Hyderabad_D1_F6"", ""Delhi--Hyderabad_D1_F7"", ""Delhi--Hyderabad_D1_F8"", ""Delhi--Hyderabad_F1"", ""Delhi--Hyderabad_D2_F1"", ""Delhi--Hyderabad_D2_F2"", ""Delhi--Hyderabad_D2_F3"", ""Delhi--Hyderabad_D2_F4"", ""Delhi--Hyderabad_D2_F5"", ""Delhi--Hyderabad_D2_F6"", ""Delhi--Hyderabad_D2_F7"", ""Delhi--Hyderabad_D2_F8"", ""Delhi--Hyderabad_F2"", ""Delhi--Hyderabad_D3_F1"", ""Delhi--Hyderabad_D3_F2"", ""Delhi--Hyderabad_D3_F3"", ""Delhi--Hyderabad_D3_F4"", ""Delhi--Hyderabad_D3_F5"", ""Delhi--Hyderabad_D3_F6"", ""Delhi--Hyderabad_D3_F7"", ""Delhi--Hyderabad_D3_F8"", ""Delhi--Hyderabad_F3"", ""Delhi--Hyderabad_D4_F1"", ""Delhi--Hyderabad_D4_F2"", ""Delhi--Hyderabad_D4_F3"", ""Delhi--Hyderabad_D4_F4"", ""Delhi--Hyderabad_D4_F5"", ""Delhi--Hyderabad_D4_F6"", ""Delhi--Hyderabad_D4_F7"", ""Delhi--Hyderabad_D4_F8"", ""Delhi--Hyderabad_F4"", ""Delhi--Hyderabad_D5_F1"", ""Delhi--Hyderabad_D5_F2"", ""Delhi--Hyderabad_D5_F3"", ""Delhi--Hyderabad_D5_F4"", ""Delhi--Hyderabad_D5_F5"", ""Delhi--Hyderabad_D5_F6"", ""Delhi--Hyderabad_D5_F7"", ""Delhi--Hyderabad_D5_F8"", ""Delhi--Hyderabad_F5"", ""Delhi--Hyderabad_F6"", ""Delhi--Hyderabad_D7_F1"", ""Delhi--Hyderabad_D7_F2"", ""Delhi--Hyderabad_D7_F3"", ""Delhi--Hyderabad_D7_F4"", ""Delhi--Hyderabad_D7_F5"", ""Delhi--Hyderabad_D7_F6"", ""Delhi--Hyderabad_D7_F7"", ""Delhi--Hyderabad_D7_F8"", ""Delhi--Hyderabad_F7"", ""Delhi--Hyderabad_D8_F1"", ""Delhi--Hyderabad_D8_F2"", ""Delhi--Hyderabad_D8_F3"", ""Delhi--Hyderabad_D8_F4"", ""Delhi--Hyderabad_D8_F5"", ""Delhi--Hyderabad_D8_F6"", ""Delhi--Hyderabad_D8_F7"", ""Delhi--Hyderabad_D8_F8"", ""Delhi--Hyderabad_F8"", ""Delhi--Hyderabad_D9_F1"", ""Delhi--Hyderabad_D9_F2"", ""Delhi--Hyderabad_D9_F3"", ""Delhi--Hyderabad_D9_F4"", ""Delhi--Hyderabad_D9_F5"", ""Delhi--Hyderabad_D9_F6"", ""Delhi--Hyderabad_D9_F7"", ""Delhi--Hyderabad_D9_F8"", ""Delhi--Hyderabad_F9"", ""Delhi--Hyderabad_D9_F8"", ""Delhi--Hyderabad_F9"", ""Delhi--Hyderabad_D9_F8"", ""Delhi--Hyderabad_F9"", ""Delhi--Hyderabad_D9_F8"", ""Delhi--Hyderabad_F9"", ""Delhi--Hyderabad_D9_F8"", ""Delhi--Hyderabad_F9"", ""Delhi--Hyderabad_D9_F8"", ""Delhi--Hyderabad_F9"", ""Delhi--Hyderabad_D9_F8"", ""Delhi--Hyderabad_F9"", ""Delhi--Hyderabad_D9_F8"", ""Delhi--Hyderabad_F9"", ""Delhi--Hyderabad_D9_F8"", ""Delhi--Hyderabad_F9""]"
BFS-hop,normal,60000,Delhi,Chennai,True,28,4.438360311244686,0,28,28,0,0,0,28,0,"[""Delhi"", ""Delhi--Hyderabad_F1"", ""Delhi--Hyderabad_F2"", ""Delhi--Hyderabad_F3"", ""Delhi--Hyderabad_F4"", ""Delhi--Hyderabad_F5"", ""Delhi--Hyderabad_F6"", ""Delhi--Hyderabad_F7"", ""Delhi--Hyderabad_F8"", ""Delhi--Hyderabad_F9"", ""Delhi--Hyderabad_F10"", ""Delhi--Hyderabad_F11"", ""Delhi--Hyderabad_F12"", ""Delhi--Hyderabad_F13"", ""Delhi--Hyderabad_F14"", ""Delhi--Hyderabad_F15"", ""Delhi--Hyderabad_F16"", ""Delhi--Hyderabad_F17"", ""Delhi--Hyderabad_F18"", ""Delhi--Hyderabad_F19"", ""Hyderabad"", ""Chennai--Hyderabad_F7"", ""Chennai--Hyderabad_F6"", ""Chennai--Hyderabad_F5"", ""Chennai--Hyderabad_F4"", ""Chennai--Hyderabad_F3"", ""Chennai--Hyderabad_F2"", ""Chennai--Hyderabad_F1"", ""Chennai""]"
Max-SKR,normal,60000,Delhi,Chennai,False,,-155.84440215010792,78,95,95,0,1,0,0,95,"[""Delhi"", ""Delhi--Hyderabad_D1_F1"", ""Delhi--Hyderabad_D1_F2"", ""Delhi--Hyderabad_D1_F1"", ""Delhi"", ""Delhi--Hyderabad_D1_F1"", ""Delhi"", ""Delhi--Kolkata_D1_F1"", ""Delhi"", ""Delhi--Hyderabad_D1_F1"", ""Delhi"", ""Delhi--Kolkata_D1_F1"", ""Delhi"", ""Delhi--Kolkata_D1_F1"", ""Delhi"", ""Delhi--Kolkata_D1_F1"", ""Delhi--Kolkata_D1_F2"", ""Delhi--Kolkata_D1_F3"", ""Delhi--Kolkata_D1_F2"", ""Delhi--Kolkata_D1_F3"", ""Delhi--Kolkata_D1_F2"", ""Delhi--Kolkata_D1_F3"", ""Delhi--Kolkata_D1_F4"", ""Delhi--Kolkata_D1_F5"", ""Delhi--Kolkata_D1_F6"", ""Delhi--Kolkata_D1_F7"", ""Delhi--Kolkata_D1_F8"", ""Delhi--Kolkata_F1"", ""Delhi--Kolkata_D1_F8"", ""Delhi--Kolkata_F1"", ""Delhi--Kolkata_D1_F8"", ""Delhi--Kolkata_D1_F7"", ""Delhi--Kolkata_D1_F6"", ""Delhi--Kolkata_D1_F7"", ""Delhi--Kolkata_D1_F8"", ""Delhi--Kolkata_F1"", ""Delhi--Kolkata_D1_F8"", ""Delhi--Kolkata_D1_F7"", ""Delhi--Kolkata_D1_F8"", ""Delhi--Kolkata_F1"", ""Delhi--Kolkata_D2_F1"", ""Delhi--Kolkata_F1"", ""Delhi--Kolkata_D2_F1"", ""Delhi--Kolkata_D2_F2"", ""Delhi--Kolkata_D2_F3"", ""Delhi--Kolkata_D2_F2"", ""Delhi--Kolkata_D2_F3"", ""Delhi--Kolkata_D2_F4"", ""Delhi--Kolkata_D2_F3"", ""Delhi--Kolkata_D2_F2"", ""Delhi--Kolkata_D2_F3"", ""Delhi--Kolkata_D2_F2"", ""Delhi--Kolkata_D2_F3"", ""Delhi--Kolkata_D2_F4"", ""Delhi--Kolkata_D2_F5"", ""Delhi--Kolkata_D2_F4"", ""Delhi--Kolkata_D2_F3"", ""Delhi--Kolkata_D2_F2"", ""Delhi--Kolkata_D2_F1"", ""Delhi--Kolkata_D2_F2"", ""Delhi--Kolkata_D2_F3"", ""Delhi--Kolkata_D2_F4"", ""Delhi--Kolkata_D2_F3"", ""Delhi--Kolkata_D2_F2"", ""Delhi--Kolkata_D2_F3"", ""Delhi--Kolkata_D2_F4"", ""Delhi--Kolkata_D2_F3"", ""Delhi--Kolkata_D2_F2"", ""Delhi--Kolkata_D2_F1"", ""Delhi--Kolkata_D2_F2"", ""Delhi--Kolkata_D2_F1"", ""Delhi--Kolkata_D2_F2"", ""Delhi--Kolkata_D2_F1"", ""Delhi--Kolkata_F1"", ""Delhi--Kolkata_D1_F8"", ""Delhi--Kolkata_F1"", ""Delhi--Kolkata_D2_F1"", ""Delhi--Kolkata_D2_F2"", ""Delhi--Kolkata_D2_F3"", ""Delhi--Kolkata_D2_F2"", ""Delhi--Kolkata_D2_F3"", ""Delhi--Kolkata_D2_F4"", ""Delhi--Kolkata_D2_F5"", ""Delhi--Kolkata_D2_F4"", ""Delhi--Kolkata_D2_F5"", ""Delhi--Kolkata_D2_F6"", ""Delhi--Kolkata_D2_F5"", ""Delhi--Kolkata_D2_F6"", ""Delhi--Kolkata_D2_F5"", ""Delhi--Kolkata_D2_F6"", ""Delhi--Kolkata_D2_F5"", ""Delhi--Kolkata_D2_F6"", ""Delhi--Kolkata_D2_F5"", ""Delhi--Kolkata_D2_F6"", ""Delhi--Kolkata_D2_F5"", ""Delhi--Kolkata_D2_F6""]"
GNN-PPO,normal,60001,Delhi,Chennai,True,28,4.438360311244686,0,28,28,0,0,0,28,0,"[""Delhi"", ""Delhi--Hyderabad_F1"", ""Delhi--Hyderabad_F2"", ""Delhi--Hyderabad_F3"", ""Delhi--Hyderabad_F4"", ""Delhi--Hyderabad_F5"", ""Delhi--Hyderabad_F6"", ""Delhi--Hyderabad_F7"", ""Delhi--Hyderabad_F8"", ""Delhi--Hyderabad_F9"", ""Delhi--Hyderabad_F10"", ""Delhi--Hyderabad_F11"", ""Delhi--Hyderabad_F12"", ""Delhi--Hyderabad_F13"", ""Delhi--Hyderabad_F14"", ""Delhi--Hyderabad_F15"", ""Delhi--Hyderabad_F16"", ""Delhi--Hyderabad_F17"", ""Delhi--Hyderabad_F18"", ""Delhi--Hyderabad_F19"", ""Hyderabad"", ""Chennai--Hyderabad_F7"", ""Chennai--Hyderabad_F6"", ""Chennai--Hyderabad_F5"", ""Chennai--Hyderabad_F4"", ""Chennai--Hyderabad_F3"", ""Chennai--Hyderabad_F2"", ""Chennai--Hyderabad_F1"", ""Chennai""]"
Random,normal,60001,Delhi,Chennai,False,,-239.94945820052334,132,156,156,0,1,0,18,138,"[""Delhi"", ""Delhi--Kolkata_F1"", ""Delhi"", ""Delhi--Jaipur_F1"", ""Delhi--Jaipur_F2"", ""Delhi--Jaipur_D3_F1"", ""Delhi--Jaipur_D3_F2"", ""Delhi--Jaipur_D3_F1"", ""Delhi--Jaipur_D3_F2"", ""Delhi--Jaipur_D3_F3"", ""Delhi--Jaipur_D3_F2"", ""Delhi--Jaipur_D3_F3"", ""Delhi--Jaipur_D3_F2"", ""Delhi--Jaipur_D3_F3"", ""Delhi--Jaipur_D3_F4"", ""Delhi--Jaipur_D3_F3"", ""Delhi--Jaipur_D3_F2"", ""Delhi--Jaipur_D3_F1"", ""Delhi--Jaipur_F2"", ""Delhi--Jaipur_D2_F8"", ""Delhi--Jaipur_F2"", ""Delhi--Jaipur_F1"", ""Delhi--Jaipur_D2_F1"", ""Delhi--Jaipur_D2_F2"", ""Delhi--Jaipur_D2_F3"", ""Delhi--Jaipur_D2_F4"", ""Delhi--Jaipur_D2_F5"", ""Delhi--Jaipur_D2_F6"", ""Delhi--Jaipur_D2_F5"", ""Delhi--Jaipur_D2_F6"", ""Delhi--Jaipur_D2_F7"", ""Delhi--Jaipur_D2_F6"", ""Delhi--Jaipur_D2_F5"", ""Delhi--Jaipur_D2_F6"", ""Delhi--Jaipur_D2_F5"", ""Delhi--Jaipur_D2_F4"", ""Delhi--Jaipur_D2_F5"", ""Delhi--Jaipur_D2_F4"", ""Delhi--Jaipur_D2_F5"", ""Delhi--Jaipur_D2_F4"", ""Delhi--Jaipur_D2_F3"", ""Delhi--Jaipur_D2_F2"", ""Delhi--Jaipur_D2_F1"", ""Delhi--Jaipur_D2_F2"", ""Delhi--Jaipur_D2_F1"", ""Delhi--Jaipur_F1"", ""Delhi--Jaipur_F2"", ""Delhi--Jaipur_D3_F1"", ""Delhi--Jaipur_D3_F2"", ""Delhi--Jaipur_D3_F1"", ""Delhi--Jaipur_D3_F2"", ""Delhi--Jaipur_D3_F1"", ""Delhi--Jaipur_D3_F2"", ""Delhi--Jaipur_D3_F1"", ""Delhi--Jaipur_D3_F2"", ""Delhi--Jaipur_D3_F1"", ""Delhi--Jaipur_F2"", ""Delhi--Jaipur_D2_F8"", ""Delhi--Jaipur_D2_F7"", ""Delhi--Jaipur_D2_F8"", ""Delhi--Jaipur_D2_F7"", ""Delhi--Jaipur_D2_F6"", ""Delhi--Jaipur_D2_F7"", ""Delhi--Jaipur_D2_F6"", ""Delhi--Jaipur_D2_F7"", ""Delhi--Jaipur_D2_F6"", ""Delhi--Jaipur_D2_F7"", ""Delhi--Jaipur_D2_F6"", ""Delhi--Jaipur_D2_F5"", ""Delhi--Jaipur_D2_F6"", ""Delhi--Jaipur_D2_F7"", ""Delhi--Jaipur_D2_F8"", ""Delhi--Jaipur_D2_F7"", ""Delhi--Jaipur_D2_F6"", ""Delhi--Jaipur_D2_F7"", ""Delhi--Jaipur_D2_F6"", ""Delhi--Jaipur_D2_F5"", ""Delhi--Jaipur_D2_F4"", ""Delhi--Jaipur_D2_F3"", ""Delhi--Jaipur_D2_F2"", ""Delhi--Jaipur_D2_F3"", ""Delhi--Jaipur_D2_F4"", ""Delhi--Jaipur_D2_F3"", ""Delhi--Jaipur_D2_F2"", ""Delhi--Jaipur_D2_F1"", ""Delhi--Jaipur_F1"", ""Delhi--Jaipur_D1_F8"", ""Delhi--Jaipur_D1_F7"", ""Delhi--Jaipur_D1_F8"", ""Delhi--Jaipur_F1"", ""Delhi--Jaipur_F2"", ""Delhi--Jaipur_F1"", ""Delhi--Jaipur_D1_F8"", ""Delhi--Jaipur_D1_F7"", ""Delhi--Jaipur_D1_F6"", ""Delhi--Jaipur_D1_F5"", ""Delhi--Jaipur_D1_F4"", ""Delhi--Jaipur_D1_F3"", ""Delhi--Jaipur_D1_F2"", ""Delhi--Jaipur_D1_F3"", ""Delhi--Jaipur_D1_F4"", ""Delhi--Jaipur_D1_F3"", ""Delhi--Jaipur_D1_F4"", ""Delhi--Jaipur_D1_F3"", ""Delhi--Jaipur_D1_F2"", ""Delhi--Jaipur_D1_F1"", ""Delhi"", ""Delhi--Jaipur_F1"", ""Delhi--Jaipur_F2"", ""Delhi--Jaipur_D3_F1"", ""Delhi--Jaipur_F2"", ""Delhi--Jaipur_F3"", ""Delhi--Jaipur_F2"", ""Delhi--Jaipur_F1"", ""Delhi"", ""Delhi--Jaipur_F1"", ""Delhi--Jaipur_F2"", ""Delhi--Jaipur_F1"", ""Delhi--Jaipur_D2_F1"", ""Delhi--Jaipur_F1"", ""Delhi"", ""Delhi--Jaipur_D1_F1"", ""Delhi--Jaipur_D1_F2"", ""Delhi--Jaipur_D1_F1"", ""Delhi--Jaipur_D1_F2"", ""Delhi--Jaipur_D1_F1"", ""Delhi--Jaipur_D1_F2"", ""Delhi--Jaipur_D1_F3"", ""Delhi--Jaipur_D1_F4"", ""Delhi--Jaipur_D1_F5"", ""Delhi--Jaipur_D1_F6"", ""Delhi--Jaipur_D1_F7"", ""Delhi--Jaipur_D1_F8"", ""Delhi--Jaipur_D1_F7"", ""Delhi--Jaipur_D1_F8"", ""Delhi--Jaipur_D1_F7"", ""Delhi--Jaipur_D1_F6"", ""Delhi--Jaipur_D1_F7"", ""Delhi--Jaipur_D1_F8"", ""Delhi--Jaipur_D1_F7"", ""Delhi--Jaipur_D1_F6"", ""Delhi--Jaipur_D1_F5"", ""Delhi--Jaipur_D1_F6"", ""Delhi--Jaipur_D1_F5"", ""Delhi--Jaipur_D1_F4"", ""Delhi--Jaipur_D1_F3"", ""Delhi--Jaipur_D1_F2"", ""Delhi--Jaipur_D1_F3"", ""Delhi--Jaipur_D1_F2"", ""Delhi--Jaipur_D1_F1"", ""Delhi--Jaipur_D1_F2"", ""Delhi--Jaipur_D1_F1"", ""Delhi--Jaipur_D1_F2"", ""Delhi--Jaipur_D1_F1"", ""Delhi--Jaipur_D1_F2"", ""Delhi--Jaipur_D1_F1"", ""Delhi--Jaipur_D1_F2""]"
Dijkstra-km,normal,60001,Delhi,Chennai,False,,35.572293265607975,16,98,98,0,0,0,1,97,"[""Delhi"", ""Delhi--Hyderabad_D1_F1"", ""Delhi--Hyderabad_D1_F2"", ""Delhi--Hyderabad_D1_F3"", ""Delhi--Hyderabad_D1_F4"", ""Delhi--Hyderabad_D1_F5"", ""Delhi--Hyderabad_D1_F6"", ""Delhi--Hyderabad_D1_F7"", ""Delhi--Hyderabad_D1_F8"", ""Delhi--Hyderabad_F1"", ""Delhi--Hyderabad_D2_F1"", ""Delhi--Hyderabad_D2_F2"", ""Delhi--Hyderabad_D2_F3"", ""Delhi--Hyderabad_D2_F4"", ""Delhi--Hyderabad_D2_F5"", ""Delhi--Hyderabad_D2_F6"", ""Delhi--Hyderabad_D2_F7"", ""Delhi--Hyderabad_D2_F8"", ""Delhi--Hyderabad_F2"", ""Delhi--Hyderabad_D3_F1"", ""Delhi--Hyderabad_D3_F2"", ""Delhi--Hyderabad_D3_F3"", ""Delhi--Hyderabad_D3_F4"", ""Delhi--Hyderabad_D3_F5"", ""Delhi--Hyderabad_D3_F6"", ""Delhi--Hyderabad_D3_F7"", ""Delhi--Hyderabad_D3_F8"", ""Delhi--Hyderabad_F3"", ""Delhi--Hyderabad_D4_F1"", ""Delhi--Hyderabad_D4_F2"", ""Delhi--Hyderabad_D4_F3"", ""Delhi--Hyderabad_D4_F4"", ""Delhi--Hyderabad_D4_F5"", ""Delhi--Hyderabad_D4_F6"", ""Delhi--Hyderabad_D4_F7"", ""Delhi--Hyderabad_D4_F8"", ""Delhi--Hyderabad_F4"", ""Delhi--Hyderabad_D5_F1"", ""Delhi--Hyderabad_D5_F2"", ""Delhi--Hyderabad_D5_F3"", ""Delhi--Hyderabad_D5_F4"", ""Delhi--Hyderabad_D5_F5"", ""Delhi--Hyderabad_D5_F6"", ""Delhi--Hyderabad_D5_F7"", ""Delhi--Hyderabad_D5_F8"", ""Delhi--Hyderabad_F5"", ""Delhi--Hyderabad_D6_F1"", ""Delhi--Hyderabad_D6_F2"", ""Delhi--Hyderabad_D6_F3"", ""Delhi--Hyderabad_D6_F4"", ""Delhi--Hyderabad_D6_F5"", ""Delhi--Hyderabad_D6_F6"", ""Delhi--Hyderabad_D6_F7"", ""Delhi--Hyderabad_D6_F8"", ""Delhi--Hyderabad_F6"", ""Delhi--Hyderabad_D7_F1"", ""Delhi--Hyderabad_D7_F2"", ""Delhi--Hyderabad_D7_F3"", ""Delhi--Hyderabad_D7_F4"", ""Delhi--Hyderabad_D7_F5"", ""Delhi--Hyderabad_D7_F6"", ""Delhi--Hyderabad_D7_F7"", ""Delhi--Hyderabad_D7_F8"", ""Delhi--Hyderabad_F7"", ""Delhi--Hyderabad_F8"", ""Delhi--Hyderabad_D9_F1"", ""Delhi--Hyderabad_D9_F2"", ""Delhi--Hyderabad_D9_F3"", ""Delhi--Hyderabad_D9_F4"", ""Delhi--Hyderabad_D9_F5"", ""Delhi--Hyderabad_D9_F6"", ""Delhi--Hyderabad_D9_F7"", ""Delhi--Hyderabad_D9_F8"", ""Delhi--Hyderabad_F9"", ""Delhi--Hyderabad_D10_F1"", ""Delhi--Hyderabad_D10_F2"", ""Delhi--Hyderabad_D10_F3"", ""Delhi--Hyderabad_D10_F4"", ""Delhi--Hyderabad_D10_F5"", ""Delhi--Hyderabad_D10_F6"", ""Delhi--Hyderabad_D10_F7"", ""Delhi--Hyderabad_D10_F8"", ""Delhi--Hyderabad_F10"", ""Delhi--Hyderabad_D10_F8"", ""Delhi--Hyderabad_F10"", ""Delhi--Hyderabad_D10_F8"", ""Delhi--Hyderabad_F10"", ""Delhi--Hyderabad_D10_F8"", ""Delhi--Hyderabad_F10"", ""Delhi--Hyderabad_D10_F8"", ""Delhi--Hyderabad_F10"", ""Delhi--Hyderabad_D10_F8"", ""Delhi--Hyderabad_F10"", ""Delhi--Hyderabad_D10_F8"", ""Delhi--Hyderabad_F10"", ""Delhi--Hyderabad_D10_F8"", ""Delhi--Hyderabad_F10"", ""Delhi--Hyderabad_D10_F8"", ""Delhi--Hyderabad_F10""]"
BFS-hop,normal,60001,Delhi,Chennai,True,28,4.438360311244686,0,28,28,0,0,0,28,0,"[""Delhi"", ""Delhi--Hyderabad_F1"", ""Delhi--Hyderabad_F2"", ""Delhi--Hyderabad_F3"", ""Delhi--Hyderabad_F4"", ""Delhi--Hyderabad_F5"", ""Delhi--Hyderabad_F6"", ""Delhi--Hyderabad_F7"", ""Delhi--Hyderabad_F8"", ""Delhi--Hyderabad_F9"", ""Delhi--Hyderabad_F10"", ""Delhi--Hyderabad_F11"", ""Delhi--Hyderabad_F12"", ""Delhi--Hyderabad_F13"", ""Delhi--Hyderabad_F14"", ""Delhi--Hyderabad_F15"", ""Delhi--Hyderabad_F16"", ""Delhi--Hyderabad_F17"", ""Delhi--Hyderabad_F18"", ""Delhi--Hyderabad_F19"", ""Hyderabad"", ""Chennai--Hyderabad_F7"", ""Chennai--Hyderabad_F6"", ""Chennai--Hyderabad_F5"", ""Chennai--Hyderabad_F4"", ""Chennai--Hyderabad_F3"", ""Chennai--Hyderabad_F2"", ""Chennai--Hyderabad_F1"", ""Chennai""]"
Max-SKR,normal,60001,Delhi,Chennai,False,,-27.247323825248156,11,14,14,0,1,0,0,14,"[""Delhi"", ""Delhi--Kolkata_D1_F1"", ""Delhi"", ""Delhi--Kolkata_D1_F1"", ""Delhi--Kolkata_D1_F2"", ""Delhi--Kolkata_D1_F3"", ""Delhi--Kolkata_D1_F2"", ""Delhi--Kolkata_D1_F1"", ""Delhi--Kolkata_D1_F2"", ""Delhi--Kolkata_D1_F1"", ""Delhi--Kolkata_D1_F2"", ""Delhi--Kolkata_D1_F1"", ""Delhi--Kolkata_D1_F2"", ""Delhi--Kolkata_D1_F1"", ""Delhi--Kolkata_D1_F2""]"
GNN-PPO,normal,60002,Delhi,Chennai,True,30,1.166162234842945,1,30,30,0,0,0,28,2,"[""Delhi"", ""Delhi--Hyderabad_F1"", ""Delhi--Hyderabad_F2"", ""Delhi--Hyderabad_F3"", ""Delhi--Hyderabad_D4_F1"", ""Delhi--Hyderabad_F3"", ""Delhi--Hyderabad_F4"", ""Delhi--Hyderabad_F5"", ""Delhi--Hyderabad_F6"", ""Delhi--Hyderabad_F7"", ""Delhi--Hyderabad_F8"", ""Delhi--Hyderabad_F9"", ""Delhi--Hyderabad_F10"", ""Delhi--Hyderabad_F11"", ""Delhi--Hyderabad_F12"", ""Delhi--Hyderabad_F13"", ""Delhi--Hyderabad_F14"", ""Delhi--Hyderabad_F15"", ""Delhi--Hyderabad_F16"", ""Delhi--Hyderabad_F17"", ""Delhi--Hyderabad_F18"", ""Delhi--Hyderabad_F19"", ""Hyderabad"", ""Chennai--Hyderabad_F7"", ""Chennai--Hyderabad_F6"", ""Chennai--Hyderabad_F5"", ""Chennai--Hyderabad_F4"", ""Chennai--Hyderabad_F3"", ""Chennai--Hyderabad_F2"", ""Chennai--Hyderabad_F1"", ""Chennai""]"
Random,normal,60002,Delhi,Chennai,False,,-534.1092937250783,306,372,372,0,1,0,20,352,"[""Delhi"", ""Delhi--Jaipur_D1_F1"", ""Delhi"", ""Delhi--Kolkata_F1"", ""Delhi--Kolkata_D1_F8"", ""Delhi--Kolkata_D1_F7"", ""Delhi--Kolkata_D1_F6"", ""Delhi--Kolkata_D1_F7"", ""Delhi--Kolkata_D1_F8"", ""Delhi--Kolkata_F1"", ""Delhi"", ""Delhi--Hyderabad_F1"", ""Delhi--Hyderabad_F2"", ""Delhi--Hyderabad_D2_F8"", ""Delhi--Hyderabad_F2"", ""Delhi--Hyderabad_D2_F8"", ""Delhi--Hyderabad_D2_F7"", ""Delhi--Hyderabad_D2_F8"", ""Delhi--Hyderabad_F2"", ""Delhi--Hyderabad_D2_F8"", ""Delhi--Hyderabad_D2_F7"", ""Delhi--Hyderabad_D2_F6"", ""Delhi--Hyderabad_D2_F5"", ""Delhi--Hyderabad_D2_F6"", ""Delhi--Hyderabad_D2_F5"", ""Delhi--Hyderabad_D2_F4"", ""Delhi--Hyderabad_D2_F3"", ""Delhi--Hyderabad_D2_F2"", ""Delhi--Hyderabad_D2_F1"", ""Delhi--Hyderabad_F1"", ""Delhi--Hyderabad_D1_F8"", ""Delhi--Hyderabad_F1"", ""Delhi--Hyderabad_D2_F1"", ""Delhi--Hyderabad_D2_F2"", ""Delhi--Hyderabad_D2_F3"", ""Delhi--Hyderabad_D2_F2"", ""Delhi--Hyderabad_D2_F3"", ""Delhi--Hyderabad_D2_F4"", ""Delhi--Hyderabad_D2_F3"", ""Delhi--Hyderabad_D2_F2"", ""Delhi--Hyderabad_D2_F1"", ""Delhi--Hyderabad_D2_F2"", ""Delhi--Hyderabad_D2_F1"", ""Delhi--Hyderabad_F1"", ""Delhi--Hyderabad_D2_F1"", ""Delhi--Hyderabad_D2_F2"", ""Delhi--Hyderabad_D2_F1"", ""Delhi--Hyderabad_D2_F2"", ""Delhi--Hyderabad_D2_F3"", ""Delhi--Hyderabad_D2_F2"", ""Delhi--Hyderabad_D2_F1"", ""Delhi--Hyderabad_F1"", ""Delhi--Hyderabad_D1_F8"", ""Delhi--Hyderabad_D1_F7"", ""Delhi--Hyderabad_D1_F6"", ""Delhi--Hyderabad_D1_F5"", ""Delhi--Hyderabad_D1_F6"", ""Delhi--Hyderabad_D1_F5"", ""Delhi--Hyderabad_D1_F6"", ""Delhi--Hyderabad_D1_F5"", ""Delhi--Hyderabad_D1_F6"", ""Delhi--Hyderabad_D1_F5"", ""Delhi--Hyderabad_D1_F4"", ""Delhi--Hyderabad_D1_F3"", ""Delhi--Hyderabad_D1_F2"", ""Delhi--Hyderabad_D1_F1"", ""Delhi--Hyderabad_D1_F2"", ""Delhi--Hyderabad_D1_F3"", ""Delhi--Hyderabad_D1_F4"", ""Delhi--Hyderabad_D1_F3"", ""Delhi--Hyderabad_D1_F2"", ""Delhi--Hyderabad_D1_F3"", ""Delhi--Hyderabad_D1_F2"", ""Delhi--Hyderabad_D1_F1"", ""Delhi--Hyderabad_D1_F2"", ""Delhi--Hyderabad_D1_F3"", ""Delhi--Hyderabad_D1_F4"", ""Delhi--Hyderabad_D1_F3"", ""Delhi--Hyderabad_D1_F2"", ""Delhi--Hyderabad_D1_F3"", ""Delhi--Hyderabad_D1_F2"", ""Delhi--Hyderabad_D1_F3"", ""Delhi--Hyderabad_D1_F2"", ""Delhi--Hyderabad_D1_F3"", ""Delhi--Hyderabad_D1_F4"", ""Delhi--Hyderabad_D1_F3"", ""Delhi--Hyderabad_D1_F4"", ""Delhi--Hyderabad_D1_F5"", ""Delhi--Hyderabad_D1_F6"", ""Delhi--Hyderabad_D1_F7"", ""Delhi--Hyderabad_D1_F6"", ""Delhi--Hyderabad_D1_F5"", ""Delhi--Hyderabad_D1_F6"", ""Delhi--Hyderabad_D1_F7"", ""Delhi--Hyderabad_D1_F6"", ""Delhi--Hyderabad_D1_F7"", ""Delhi--Hyderabad_D1_F6"", ""Delhi--Hyderabad_D1_F7"", ""Delhi--Hyderabad_D1_F8"", ""Delhi--Hyderabad_F1"", ""Delhi"", ""Delhi--Jaipur_D1_F1"", ""Delhi--Jaipur_D1_F2"", ""Delhi--Jaipur_D1_F3"", ""Delhi--Jaipur_D1_F4"", ""Delhi--Jaipur_D1_F5"", ""Delhi--Jaipur_D1_F6"", ""Delhi--Jaipur_D1_F5"", ""Delhi--Jaipur_D1_F6"", ""Delhi--Jaipur_D1_F5"", ""Delhi--Jaipur_D1_F4"", ""Delhi--Jaipur_D1_F3"", ""Delhi--Jaipur_D1_F2"", ""Delhi--Jaipur_D1_F1"", ""Delhi"", ""Delhi--Hyderabad_D1_F1"", ""Delhi--Hyderabad_D1_F2"", ""Delhi--Hyderabad_D1_F1"", ""Delhi"", ""Delhi--Kolkata_D1_F1"", ""Delhi"", ""Delhi--Jaipur_D1_F1"", ""Delhi--Jaipur_D1_F2"", ""Delhi--Jaipur_D1_F3"", ""Delhi--Jaipur_D1_F4"", ""Delhi--Jaipur_D1_F3"", ""Delhi--Jaipur_D1_F2"", ""Delhi--Jaipur_D1_F3"", ""Delhi--Jaipur_D1_F2"", ""Delhi--Jaipur_D1_F1"", ""Delhi"", ""Delhi--Hyderabad_F1"", ""Delhi--Hyderabad_F2"", ""Delhi--Hyderabad_D3_F1"", ""Delhi--Hyderabad_F2"", ""Delhi--Hyderabad_D3_F1"", ""Delhi--Hyderabad_F2"", ""Delhi--Hyderabad_D2_F8"", ""Delhi--Hyderabad_F2"", ""Delhi--Hyderabad_D2_F8"", ""Delhi--Hyderabad_F2"", ""Delhi--Hyderabad_F3"", ""Delhi--Hyderabad_F2"", ""Delhi--Hyderabad_D3_F1"", ""Delhi--Hyderabad_D3_F2"", ""Delhi--Hyderabad_D3_F1"", ""Delhi--Hyderabad_D3_F2"", ""Delhi--Hyderabad_D3_F1"", ""Delhi--Hyderabad_D3_F2"", ""Delhi--Hyderabad_D3_F3"", ""Delhi--Hyderabad_D3_F4"", ""Delhi--Hyderabad_D3_F3"", ""Delhi--Hyderabad_D3_F2"", ""Delhi--Hyderabad_D3_F1"", ""Delhi--Hyderabad_D3_F2"", ""Delhi--Hyderabad_D3_F3"", ""Delhi--Hyderabad_D3_F4"", ""Delhi--Hyderabad_D3_F5"", ""Delhi--Hyderabad_D3_F6"", ""Delhi--Hyderabad_D3_F7"", ""Delhi--Hyderabad_D3_F6"", ""Delhi--Hyderabad_D3_F7"", ""Delhi--Hyderabad_D3_F6"", ""Delhi--Hyderabad_D3_F5"", ""Delhi--Hyderabad_D3_F4"", ""Delhi--Hyderabad_D3_F3"", ""Delhi--Hyderabad_D3_F2"", ""Delhi--Hyderabad_D3_F1"", ""Delhi--Hyderabad_F2"", ""Delhi--Hyderabad_F3"", ""Delhi--Hyderabad_F4"", ""Delhi--Hyderabad_F5"", ""Delhi--Hyderabad_D5_F8"", ""Delhi--Hyderabad_D5_F7"", ""Delhi--Hyderabad_D5_F6"", ""Delhi--Hyderabad_D5_F5"", ""Delhi--Hyderabad_D5_F4"", ""Delhi--Hyderabad_D5_F3"", ""Delhi--Hyderabad_D5_F4"", ""Delhi--Hyderabad_D5_F5"", ""Delhi--Hyderabad_D5_F6"", ""Delhi--Hyderabad_D5_F5"", ""Delhi--Hyderabad_D5_F4"", ""Delhi--Hyderabad_D5_F5"", ""Delhi--Hyderabad_D5_F4"", ""Delhi--Hyderabad_D5_F5"", ""Delhi--Hyderabad_D5_F6"", ""Delhi--Hyderabad_D5_F7"", ""Delhi--Hyderabad_D5_F8"", ""Delhi--Hyderabad_F5"", ""Delhi--Hyderabad_F6"", ""Delhi--Hyderabad_D7_F1"", ""Delhi--Hyderabad_F6"", ""Delhi--Hyderabad_D6_F8"", ""Delhi--Hyderabad_F6"", ""Delhi--Hyderabad_D6_F8"", ""Delhi--Hyderabad_F6"", ""Delhi--Hyderabad_D7_F1"", ""Delhi--Hyderabad_D7_F2"", ""Delhi--Hyderabad_D7_F1"", ""Delhi--Hyderabad_D7_F2"", ""Delhi--Hyderabad_D7_F1"", ""Delhi--Hyderabad_D7_F2"", ""Delhi--Hyderabad_D7_F3"", ""Delhi--Hyderabad_D7_F2"", ""Delhi--Hyderabad_D7_F1"", ""Delhi--Hyderabad_F6"", ""Delhi--Hyderabad_D7_F1"", ""Delhi--Hyderabad_D7_F2"", ""Delhi--Hyderabad_D7_F3"", ""Delhi--Hyderabad_D7_F2"", ""Delhi--Hyderabad_D7_F1"", ""Delhi--Hyderabad_D7_F2"", ""Delhi--Hyderabad_D7_F3"", ""Delhi--Hyderabad_D7_F2"", ""Delhi--Hyderabad_D7_F3"", ""Delhi--Hyderabad_D7_F2"", ""Delhi--Hyderabad_D7_F3"", ""Delhi--Hyderabad_D7_F4"", ""Delhi--Hyderabad_D7_F5"", ""Delhi--Hyderabad_D7_F6"", ""Delhi--Hyderabad_D7_F7"", ""Delhi--Hyderabad_D7_F6"", ""Delhi--Hyderabad_D7_F5"", ""Delhi--Hyderabad_D7_F6"", ""Delhi--Hyderabad_D7_F7"", ""Delhi--Hyderabad_D7_F6"", ""Delhi--Hyderabad_D7_F5"", ""Delhi--Hyderabad_D7_F4"", ""Delhi--Hyderabad_D7_F5"", ""Delhi--Hyderabad_D7_F4"", ""Delhi--Hyderabad_D7_F5"", ""Delhi--Hyderabad_D7_F6"", ""Delhi--Hyderabad_D7_F7"", ""Delhi--Hyderabad_D7_F6"", ""Delhi--Hyderabad_D7_F5"", ""Delhi--Hyderabad_D7_F6"", ""Delhi--Hyderabad_D7_F5"", ""Delhi--Hyderabad_D7_F6"", ""Delhi--Hyderabad_D7_F5"", ""Delhi--Hyderabad_D7_F4"", ""Delhi--Hyderabad_D7_F5"", ""Delhi--Hyderabad_D7_F4"", ""Delhi--Hyderabad_D7_F5"", ""Delhi--Hyderabad_D7_F6"", ""Delhi--Hyderabad_D7_F7"", ""Delhi--Hyderabad_D7_F6"", ""Delhi--Hyderabad_D7_F5"", ""Delhi--Hyderabad_D7_F4"", ""Delhi--Hyderabad_D7_F5"", ""Delhi--Hyderabad_D7_F4"", ""Delhi--Hyderabad_D7_F3"", ""Delhi--Hyderabad_D7_F2"", ""Delhi--Hyderabad_D7_F1"", ""Delhi--Hyderabad_D7_F2"", ""Delhi--Hyderabad_D7_F1"", ""Delhi--Hyderabad_F6"", ""Delhi--Hyderabad_D7_F1"", ""Delhi--Hyderabad_F6"", ""Delhi--Hyderabad_D6_F8"", ""Delhi--Hyderabad_F6"", ""Delhi--Hyderabad_F7"", ""Delhi--Hyderabad_D7_F8"", ""Delhi--Hyderabad_F7"", ""Delhi--Hyderabad_D8_F1"", ""Delhi--Hyderabad_D8_F2"", ""Delhi--Hyderabad_D8_F1"", ""Delhi--Hyderabad_D8_F2"", ""Delhi--Hyderabad_D8_F3"", ""Delhi--Hyderabad_D8_F2"", ""Delhi--Hyderabad_D8_F1"", ""Delhi--Hyderabad_F7"", ""Delhi--Hyderabad_D7_F8"", ""Delhi--Hyderabad_F7"", ""Delhi--Hyderabad_F6"", ""Delhi--Hyderabad_F5"", ""Delhi--Hyderabad_D5_F8"", ""Delhi--Hyderabad_D5_F7"", ""Delhi--Hyderabad_D5_F6"", ""Delhi--Hyderabad_D5_F5"", ""Delhi--Hyderabad_D5_F4"", ""Delhi--Hyderabad_D5_F5"", ""Delhi--Hyderabad_D5_F6"", ""Delhi--Hyderabad_D5_F5"", ""Delhi--Hyderabad_D5_F6"", ""Delhi--Hyderabad_D5_F5"", ""Delhi--Hyderabad_D5_F4"", ""Delhi--Hyderabad_D5_F3"", ""Delhi--Hyderabad_D5_F2"", ""Delhi--Hyderabad_D5_F3"", ""Delhi--Hyderabad_D5_F4"", ""Delhi--Hyderabad_D5_F3"", ""Delhi--Hyderabad_D5_F4"", ""Delhi--Hyderabad_D5_F3"", ""Delhi--Hyderabad_D5_F2"", ""Delhi--Hyderabad_D5_F1"", ""Delhi--Hyderabad_D5_F2"", ""Delhi--Hyderabad_D5_F1"", ""Delhi--Hyderabad_F4"", ""Delhi--Hyderabad_D5_F1"", ""Delhi--Hyderabad_F4"", ""Delhi--Hyderabad_D4_F8"", ""Delhi--Hyderabad_F4"", ""Delhi--Hyderabad_F3"", ""Delhi--Hyderabad_F2"", ""Delhi--Hyderabad_F1"", ""Delhi"", ""Delhi--Kolkata_D1_F1"", ""Delhi--Kolkata_D1_F2"", ""Delhi--Kolkata_D1_F3"", ""Delhi--Kolkata_D1_F2"", ""Delhi--Kolkata_D1_F3"", ""Delhi--Kolkata_D1_F4"", ""Delhi--Kolkata_D1_F3"", ""Delhi--Kolkata_D1_F4"", ""Delhi--Kolkata_D1_F3"", ""Delhi--Kolkata_D1_F4"", ""Delhi--Kolkata_D1_F3"", ""Delhi--Kolkata_D1_F4"", ""Delhi--Kolkata_D1_F5"", ""Delhi--Kolkata_D1_F6"", ""Delhi--Kolkata_D1_F5"", ""Delhi--Kolkata_D1_F4"", ""Delhi--Kolkata_D1_F3"", ""Delhi--Kolkata_D1_F4"", ""Delhi--Kolkata_D1_F5"", ""Delhi--Kolkata_D1_F4"", ""Delhi--Kolkata_D1_F3"", ""Delhi--Kolkata_D1_F4"", ""Delhi--Kolkata_D1_F5"", ""Delhi--Kolkata_D1_F6"", ""Delhi--Kolkata_D1_F7"", ""Delhi--Kolkata_D1_F8"", ""Delhi--Kolkata_D1_F7"", ""Delhi--Kolkata_D1_F6"", ""Delhi--Kolkata_D1_F5"", ""Delhi--Kolkata_D1_F4"", ""Delhi--Kolkata_D1_F5"", ""Delhi--Kolkata_D1_F6"", ""Delhi--Kolkata_D1_F7"", ""Delhi--Kolkata_D1_F6"", ""Delhi--Kolkata_D1_F7"", ""Delhi--Kolkata_D1_F6"", ""Delhi--Kolkata_D1_F7"", ""Delhi--Kolkata_D1_F8"", ""Delhi--Kolkata_F1"", ""Delhi--Kolkata_D1_F8"", ""Delhi--Kolkata_D1_F7"", ""Delhi--Kolkata_D1_F8"", ""Delhi--Kolkata_D1_F7"", ""Delhi--Kolkata_D1_F6"", ""Delhi--Kolkata_D1_F7"", ""Delhi--Kolkata_D1_F6"", ""Delhi--Kolkata_D1_F5"", ""Delhi--Kolkata_D1_F4"", ""Delhi--Kolkata_D1_F3"", ""Delhi--Kolkata_D1_F2"", ""Delhi--Kolkata_D1_F3"", ""Delhi--Kolkata_D1_F2"", ""Delhi--Kolkata_D1_F3"", ""Delhi--Kolkata_D1_F4"", ""Delhi--Kolkata_D1_F3"", ""Delhi--Kolkata_D1_F2"", ""Delhi--Kolkata_D1_F3"", ""Delhi--Kolkata_D1_F2"", ""Delhi--Kolkata_D1_F3"", ""Delhi--Kolkata_D1_F2"", ""Delhi--Kolkata_D1_F1"", ""Delhi--Kolkata_D1_F2"", ""Delhi--Kolkata_D1_F3"", ""Delhi--Kolkata_D1_F2"", ""Delhi--Kolkata_D1_F3"", ""Delhi--Kolkata_D1_F2""]"
Dijkstra-km,normal,60002,Delhi,Chennai,False,,107.24238935841495,16,178,178,0,0,0,0,178,"[""Delhi"", ""Delhi--Hyderabad_D1_F1"", ""Delhi--Hyderabad_D1_F2"", ""Delhi--Hyderabad_D1_F3"", ""Delhi--Hyderabad_D1_F4"", ""Delhi--Hyderabad_D1_F5"", ""Delhi--Hyderabad_D1_F6"", ""Delhi--Hyderabad_D1_F7"", ""Delhi--Hyderabad_D1_F8"", ""Delhi--Hyderabad_F1"", ""Delhi--Hyderabad_D2_F1"", ""Delhi--Hyderabad_D2_F2"", ""Delhi--Hyderabad_D2_F3"", ""Delhi--Hyderabad_D2_F4"", ""Delhi--Hyderabad_D2_F5"", ""Delhi--Hyderabad_D2_F6"", ""Delhi--Hyderabad_D2_F7"", ""Delhi--Hyderabad_D2_F8"", ""Delhi--Hyderabad_F2"", ""Delhi--Hyderabad_D3_F1"", ""Delhi--Hyderabad_D3_F2"", ""Delhi--Hyderabad_D3_F3"", ""Delhi--Hyderabad_D3_F4"", ""Delhi--Hyderabad_D3_F5"", ""Delhi--Hyderabad_D3_F6"", ""Delhi--Hyderabad_D3_F7"", ""Delhi--Hyderabad_D3_F8"", ""Delhi--Hyderabad_F3"", ""Delhi--Hyderabad_D4_F1"", ""Delhi--Hyderabad_D4_F2"", ""Delhi--Hyderabad_D4_F3"", ""Delhi--Hyderabad_D4_F4"", ""Delhi--Hyderabad_D4_F5"", ""Delhi--Hyderabad_D4_F6"", ""Delhi--Hyderabad_D4_F7"", ""Delhi--Hyderabad_D4_F8"", ""Delhi--Hyderabad_F4"", ""Delhi--Hyderabad_D5_F1"", ""Delhi--Hyderabad_D5_F2"", ""Delhi--Hyderabad_D5_F3"", ""Delhi--Hyderabad_D5_F4"", ""Delhi--Hyderabad_D5_F5"", ""Delhi--Hyderabad_D5_F6"", ""Delhi--Hyderabad_D5_F7"", ""Delhi--Hyderabad_D5_F8"", ""Delhi--Hyderabad_F5"", ""Delhi--Hyderabad_D6_F1"", ""Delhi--Hyderabad_D6_F2"", ""Delhi--Hyderabad_D6_F3"", ""Delhi--Hyderabad_D6_F4"", ""Delhi--Hyderabad_D6_F5"", ""Delhi--Hyderabad_D6_F6"", ""Delhi--Hyderabad_D6_F7"", ""Delhi--Hyderabad_D6_F8"", ""Delhi--Hyderabad_F6"", ""Delhi--Hyderabad_D7_F1"", ""Delhi--Hyderabad_D7_F2"", ""Delhi--Hyderabad_D7_F3"", ""Delhi--Hyderabad_D7_F4"", ""Delhi--Hyderabad_D7_F5"", ""Delhi--Hyderabad_D7_F6"", ""Delhi--Hyderabad_D7_F7"", ""Delhi--Hyderabad_D7_F8"", ""Delhi--Hyderabad_F7"", ""Delhi--Hyderabad_D8_F1"", ""Delhi--Hyderabad_D8_F2"", ""Delhi--Hyderabad_D8_F3"", ""Delhi--Hyderabad_D8_F4"", ""Delhi--Hyderabad_D8_F5"", ""Delhi--Hyderabad_D8_F6"", ""Delhi--Hyderabad_D8_F7"", ""Delhi--Hyderabad_D8_F8"", ""Delhi--Hyderabad_F8"", ""Delhi--Hyderabad_D9_F1"", ""Delhi--Hyderabad_D9_F2"", ""Delhi--Hyderabad_D9_F3"", ""Delhi--Hyderabad_D9_F4"", ""Delhi--Hyderabad_D9_F5"", ""Delhi--Hyderabad_D9_F6"", ""Delhi--Hyderabad_D9_F7"", ""Delhi--Hyderabad_D9_F8"", ""Delhi--Hyderabad_F9"", ""Delhi--Hyderabad_D10_F1"", ""Delhi--Hyderabad_D10_F2"", ""Delhi--Hyderabad_D10_F3"", ""Delhi--Hyderabad_D10_F4"", ""Delhi--Hyderabad_D10_F5"", ""Delhi--Hyderabad_D10_F6"", ""Delhi--Hyderabad_D10_F7"", ""Delhi--Hyderabad_D10_F8"", ""Delhi--Hyderabad_F10"", ""Delhi--Hyderabad_D11_F1"", ""Delhi--Hyderabad_D11_F2"", ""Delhi--Hyderabad_D11_F3"", ""Delhi--Hyderabad_D11_F4"", ""Delhi--Hyderabad_D11_F5"", ""Delhi--Hyderabad_D11_F6"", ""Delhi--Hyderabad_D11_F7"", ""Delhi--Hyderabad_D11_F8"", ""Delhi--Hyderabad_F11"", ""Delhi--Hyderabad_D12_F1"", ""Delhi--Hyderabad_D12_F2"", ""Delhi--Hyderabad_D12_F3"", ""Delhi--Hyderabad_D12_F4"", ""Delhi--Hyderabad_D12_F5"", ""Delhi--Hyderabad_D12_F6"", ""Delhi--Hyderabad_D12_F7"", ""Delhi--Hyderabad_D12_F8"", ""Delhi--Hyderabad_F12"", ""Delhi--Hyderabad_D13_F1"", ""Delhi--Hyderabad_D13_F2"", ""Delhi--Hyderabad_D13_F3"", ""Delhi--Hyderabad_D13_F4"", ""Delhi--Hyderabad_D13_F5"", ""Delhi--Hyderabad_D13_F6"", ""Delhi--Hyderabad_D13_F7"", ""Delhi--Hyderabad_D13_F8"", ""Delhi--Hyderabad_F13"", ""Delhi--Hyderabad_D14_F1"", ""Delhi--Hyderabad_D14_F2"", ""Delhi--Hyderabad_D14_F3"", ""Delhi--Hyderabad_D14_F4"", ""Delhi--Hyderabad_D14_F5"", ""Delhi--Hyderabad_D14_F6"", ""Delhi--Hyderabad_D14_F7"", ""Delhi--Hyderabad_D14_F8"", ""Delhi--Hyderabad_F14"", ""Delhi--Hyderabad_D15_F1"", ""Delhi--Hyderabad_D15_F2"", ""Delhi--Hyderabad_D15_F3"", ""Delhi--Hyderabad_D15_F4"", ""Delhi--Hyderabad_D15_F5"", ""Delhi--Hyderabad_D15_F6"", ""Delhi--Hyderabad_D15_F7"", ""Delhi--Hyderabad_D15_F8"", ""Delhi--Hyderabad_F15"", ""Delhi--Hyderabad_D16_F1"", ""Delhi--Hyderabad_D16_F2"", ""Delhi--Hyderabad_D16_F3"", ""Delhi--Hyderabad_D16_F4"", ""Delhi--Hyderabad_D16_F5"", ""Delhi--Hyderabad_D16_F6"", ""Delhi--Hyderabad_D16_F7"", ""Delhi--Hyderabad_D16_F8"", ""Delhi--Hyderabad_F16"", ""Delhi--Hyderabad_D17_F1"", ""Delhi--Hyderabad_D17_F2"", ""Delhi--Hyderabad_D17_F3"", ""Delhi--Hyderabad_D17_F4"", ""Delhi--Hyderabad_D17_F5"", ""Delhi--Hyderabad_D17_F6"", ""Delhi--Hyderabad_D17_F7"", ""Delhi--Hyderabad_D17_F8"", ""Delhi--Hyderabad_F17"", ""Delhi--Hyderabad_D18_F1"", ""Delhi--Hyderabad_D18_F2"", ""Delhi--Hyderabad_D18_F3"", ""Delhi--Hyderabad_D18_F4"", ""Delhi--Hyderabad_D18_F5"", ""Delhi--Hyderabad_D18_F6"", ""Delhi--Hyderabad_D18_F7"", ""Delhi--Hyderabad_D18_F8"", ""Delhi--Hyderabad_F18"", ""Delhi--Hyderabad_D18_F8"", ""Delhi--Hyderabad_F18"", ""Delhi--Hyderabad_D18_F8"", ""Delhi--Hyderabad_F18"", ""Delhi--Hyderabad_D18_F8"", ""Delhi--Hyderabad_F18"", ""Delhi--Hyderabad_D18_F8"", ""Delhi--Hyderabad_F18"", ""Delhi--Hyderabad_D18_F8"", ""Delhi--Hyderabad_F18"", ""Delhi--Hyderabad_D18_F8"", ""Delhi--Hyderabad_F18"", ""Delhi--Hyderabad_D18_F8"", ""Delhi--Hyderabad_F18"", ""Delhi--Hyderabad_D18_F8"", ""Delhi--Hyderabad_F18""]"
BFS-hop,normal,60002,Delhi,Chennai,True,30,1.2299718471294634,1,30,30,0,0,0,28,2,"[""Delhi"", ""Delhi--Hyderabad_F1"", ""Delhi--Hyderabad_F2"", ""Delhi--Hyderabad_F3"", ""Delhi--Hyderabad_D3_F8"", ""Delhi--Hyderabad_F3"", ""Delhi--Hyderabad_F4"", ""Delhi--Hyderabad_F5"", ""Delhi--Hyderabad_F6"", ""Delhi--Hyderabad_F7"", ""Delhi--Hyderabad_F8"", ""Delhi--Hyderabad_F9"", ""Delhi--Hyderabad_F10"", ""Delhi--Hyderabad_F11"", ""Delhi--Hyderabad_F12"", ""Delhi--Hyderabad_F13"", ""Delhi--Hyderabad_F14"", ""Delhi--Hyderabad_F15"", ""Delhi--Hyderabad_F16"", ""Delhi--Hyderabad_F17"", ""Delhi--Hyderabad_F18"", ""Delhi--Hyderabad_F19"", ""Hyderabad"", ""Chennai--Hyderabad_F7"", ""Chennai--Hyderabad_F6"", ""Chennai--Hyderabad_F5"", ""Chennai--Hyderabad_F4"", ""Chennai--Hyderabad_F3"", ""Chennai--Hyderabad_F2"", ""Chennai--Hyderabad_F1"", ""Chennai""]"
Max-SKR,normal,60002,Delhi,Chennai,False,,-22.79770568853377,9,12,12,0,1,0,0,12,"[""Delhi"", ""Delhi--Jaipur_D1_F1"", ""Delhi--Jaipur_D1_F2"", ""Delhi--Jaipur_D1_F1"", ""Delhi--Jaipur_D1_F2"", ""Delhi--Jaipur_D1_F1"", ""Delhi--Jaipur_D1_F2"", ""Delhi--Jaipur_D1_F3"", ""Delhi--Jaipur_D1_F2"", ""Delhi--Jaipur_D1_F1"", ""Delhi--Jaipur_D1_F2"", ""Delhi--Jaipur_D1_F3"", ""Delhi--Jaipur_D1_F2""]"
GNN-PPO,normal,60003,Delhi,Chennai,True,28,4.438360311244686,0,28,28,0,0,0,28,0,"[""Delhi"", ""Delhi--Hyderabad_F1"", ""Delhi--Hyderabad_F2"", ""Delhi--Hyderabad_F3"", ""Delhi--Hyderabad_F4"", ""Delhi--Hyderabad_F5"", ""Delhi--Hyderabad_F6"", ""Delhi--Hyderabad_F7"", ""Delhi--Hyderabad_F8"", ""Delhi--Hyderabad_F9"", ""Delhi--Hyderabad_F10"", ""Delhi--Hyderabad_F11"", ""Delhi--Hyderabad_F12"", ""Delhi--Hyderabad_F13"", ""Delhi--Hyderabad_F14"", ""Delhi--Hyderabad_F15"", ""Delhi--Hyderabad_F16"", ""Delhi--Hyderabad_F17"", ""Delhi--Hyderabad_F18"", ""Delhi--Hyderabad_F19"", ""Hyderabad"", ""Chennai--Hyderabad_F7"", ""Chennai--Hyderabad_F6"", ""Chennai--Hyderabad_F5"", ""Chennai--Hyderabad_F4"", ""Chennai--Hyderabad_F3"", ""Chennai--Hyderabad_F2"", ""Chennai--Hyderabad_F1"", ""Chennai""]"
Random,normal,60003,Delhi,Chennai,False,,-162.2869145903771,89,105,105,0,0,0,17,88,"[""Delhi"", ""Delhi--Jaipur_F1"", ""Delhi--Jaipur_F2"", ""Delhi--Jaipur_F1"", ""Delhi--Jaipur_F2"", ""Delhi--Jaipur_F1"", ""Delhi--Jaipur_D1_F8"", ""Delhi--Jaipur_D1_F7"", ""Delhi--Jaipur_D1_F6"", ""Delhi--Jaipur_D1_F7"", ""Delhi--Jaipur_D1_F8"", ""Delhi--Jaipur_F1"", ""Delhi--Jaipur_F2"", ""Delhi--Jaipur_F3"", ""Delhi--Jaipur_F2"", ""Delhi--Jaipur_F3"", ""Delhi--Jaipur_D4_F1"", ""Delhi--Jaipur_D4_F2"", ""Delhi--Jaipur_D4_F1"", ""Delhi--Jaipur_F3"", ""Delhi--Jaipur_F2"", ""Delhi--Jaipur_D3_F1"", ""Delhi--Jaipur_F2"", ""Delhi--Jaipur_F3"", ""Delhi--Jaipur_F2"", ""Delhi--Jaipur_D3_F1"", ""Delhi--Jaipur_F2"", ""Delhi--Jaipur_F3"", ""Delhi--Jaipur_D3_F8"", ""Delhi--Jaipur_D3_F7"", ""Delhi--Jaipur_D3_F6"", ""Delhi--Jaipur_D3_F7"", ""Delhi--Jaipur_D3_F6"", ""Delhi--Jaipur_D3_F7"", ""Delhi--Jaipur_D3_F8"", ""Delhi--Jaipur_F3"", ""Delhi--Jaipur_F2"", ""Delhi--Jaipur_D3_F1"", ""Delhi--Jaipur_D3_F2"", ""Delhi--Jaipur_D3_F1"", ""Delhi--Jaipur_D3_F2"", ""Delhi--Jaipur_D3_F3"", ""Delhi--Jaipur_D3_F2"", ""Delhi--Jaipur_D3_F3"", ""Delhi--Jaipur_D3_F2"", ""Delhi--Jaipur_D3_F3"", ""Delhi--Jaipur_D3_F4"", ""Delhi--Jaipur_D3_F5"", ""Delhi--Jaipur_D3_F4"", ""Delhi--Jaipur_D3_F3"", ""Delhi--Jaipur_D3_F2"", ""Delhi--Jaipur_D3_F3"", ""Delhi--Jaipur_D3_F4"", ""Delhi--Jaipur_D3_F3"", ""Delhi--Jaipur_D3_F4"", ""Delhi--Jaipur_D3_F5"", ""Delhi--Jaipur_D3_F4"", ""Delhi--Jaipur_D3_F3"", ""Delhi--Jaipur_D3_F4"", ""Delhi--Jaipur_D3_F3"", ""Delhi--Jaipur_D3_F2"", ""Delhi--Jaipur_D3_F1"", ""Delhi--Jaipur_F2"", ""Delhi--Jaipur_F3"", ""Delhi--Jaipur_D3_F8"", ""Delhi--Jaipur_F3"", ""Delhi--Jaipur_D4_F1"", ""Delhi--Jaipur_D4_F2"", ""Delhi--Jaipur_D4_F1"", ""Delhi--Jaipur_F3"", ""Delhi--Jaipur_D4_F1"", ""Delhi--Jaipur_F3"", ""Delhi--Jaipur_D3_F8"", ""Delhi--Jaipur_D3_F7"", ""Delhi--Jaipur_D3_F6"", ""Delhi--Jaipur_D3_F5"", ""Delhi--Jaipur_D3_F4"", ""Delhi--Jaipur_D3_F5"", ""Delhi--Jaipur_D3_F6"", ""Delhi--Jaipur_D3_F7"", ""Delhi--Jaipur_D3_F8"", ""Delhi--Jaipur_D3_F7"", ""Delhi--Jaipur_D3_F6"", ""Delhi--Jaipur_D3_F5"", ""Delhi--Jaipur_D3_F4"", ""Delhi--Jaipur_D3_F3"", ""Delhi--Jaipur_D3_F4"", ""Delhi--Jaipur_D3_F5"", ""Delhi--Jaipur_D3_F6"", ""Delhi--Jaipur_D3_F7"", ""Delhi--Jaipur_D3_F8"", ""Delhi--Jaipur_D3_F7"", ""Delhi--Jaipur_D3_F8"", ""Delhi--Jaipur_D3_F7"", ""Delhi--Jaipur_D3_F6"", ""Delhi--Jaipur_D3_F5"", ""Delhi--Jaipur_D3_F6"", ""Delhi--Jaipur_D3_F7"", ""Delhi--Jaipur_D3_F6"", ""Delhi--Jaipur_D3_F7"", ""Delhi--Jaipur_D3_F8"", ""Delhi--Jaipur_D3_F7"", ""Delhi--Jaipur_D3_F8"", ""Delhi--Jaipur_F3"", ""Delhi--Jaipur_F2"", ""Delhi--Jaipur_F3""]"
Dijkstra-km,normal,60003,Delhi,Chennai,False,,35.908204450709256,16,97,97,0,0,0,0,97,"[""Delhi"", ""Delhi--Hyderabad_D1_F1"", ""Delhi--Hyderabad_D1_F2"", ""Delhi--Hyderabad_D1_F3"", ""Delhi--Hyderabad_D1_F4"", ""Delhi--Hyderabad_D1_F5"", ""Delhi--Hyderabad_D1_F6"", ""Delhi--Hyderabad_D1_F7"", ""Delhi--Hyderabad_D1_F8"", ""Delhi--Hyderabad_F1"", ""Delhi--Hyderabad_D2_F1"", ""Delhi--Hyderabad_D2_F2"", ""Delhi--Hyderabad_D2_F3"", ""Delhi--Hyderabad_D2_F4"", ""Delhi--Hyderabad_D2_F5"", ""Delhi--Hyderabad_D2_F6"", ""Delhi--Hyderabad_D2_F7"", ""Delhi--Hyderabad_D2_F8"", ""Delhi--Hyderabad_F2"", ""Delhi--Hyderabad_D3_F1"", ""Delhi--Hyderabad_D3_F2"", ""Delhi--Hyderabad_D3_F3"", ""Delhi--Hyderabad_D3_F4"", ""Delhi--Hyderabad_D3_F5"", ""Delhi--Hyderabad_D3_F6"", ""Delhi--Hyderabad_D3_F7"", ""Delhi--Hyderabad_D3_F8"", ""Delhi--Hyderabad_F3"", ""Delhi--Hyderabad_D4_F1"", ""Delhi--Hyderabad_D4_F2"", ""Delhi--Hyderabad_D4_F3"", ""Delhi--Hyderabad_D4_F4"", ""Delhi--Hyderabad_D4_F5"", ""Delhi--Hyderabad_D4_F6"", ""Delhi--Hyderabad_D4_F7"", ""Delhi--Hyderabad_D4_F8"", ""Delhi--Hyderabad_F4"", ""Delhi--Hyderabad_D5_F1"", ""Delhi--Hyderabad_D5_F2"", ""Delhi--Hyderabad_D5_F3"", ""Delhi--Hyderabad_D5_F4"", ""Delhi--Hyderabad_D5_F5"", ""Delhi--Hyderabad_D5_F6"", ""Delhi--Hyderabad_D5_F7"", ""Delhi--Hyderabad_D5_F8"", ""Delhi--Hyderabad_F5"", ""Delhi--Hyderabad_D6_F1"", ""Delhi--Hyderabad_D6_F2"", ""Delhi--Hyderabad_D6_F3"", ""Delhi--Hyderabad_D6_F4"", ""Delhi--Hyderabad_D6_F5"", ""Delhi--Hyderabad_D6_F6"", ""Delhi--Hyderabad_D6_F7"", ""Delhi--Hyderabad_D6_F8"", ""Delhi--Hyderabad_F6"", ""Delhi--Hyderabad_D7_F1"", ""Delhi--Hyderabad_D7_F2"", ""Delhi--Hyderabad_D7_F3"", ""Delhi--Hyderabad_D7_F4"", ""Delhi--Hyderabad_D7_F5"", ""Delhi--Hyderabad_D7_F6"", ""Delhi--Hyderabad_D7_F7"", ""Delhi--Hyderabad_D7_F8"", ""Delhi--Hyderabad_F7"", ""Delhi--Hyderabad_D8_F1"", ""Delhi--Hyderabad_D8_F2"", ""Delhi--Hyderabad_D8_F3"", ""Delhi--Hyderabad_D8_F4"", ""Delhi--Hyderabad_D8_F5"", ""Delhi--Hyderabad_D8_F6"", ""Delhi--Hyderabad_D8_F7"", ""Delhi--Hyderabad_D8_F8"", ""Delhi--Hyderabad_F8"", ""Delhi--Hyderabad_D9_F1"", ""Delhi--Hyderabad_D9_F2"", ""Delhi--Hyderabad_D9_F3"", ""Delhi--Hyderabad_D9_F4"", ""Delhi--Hyderabad_D9_F5"", ""Delhi--Hyderabad_D9_F6"", ""Delhi--Hyderabad_D9_F7"", ""Delhi--Hyderabad_D9_F8"", ""Delhi--Hyderabad_F9"", ""Delhi--Hyderabad_D9_F8"", ""Delhi--Hyderabad_F9"", ""Delhi--Hyderabad_D9_F8"", ""Delhi--Hyderabad_F9"", ""Delhi--Hyderabad_D9_F8"", ""Delhi--Hyderabad_F9"", ""Delhi--Hyderabad_D9_F8"", ""Delhi--Hyderabad_F9"", ""Delhi--Hyderabad_D9_F8"", ""Delhi--Hyderabad_F9"", ""Delhi--Hyderabad_D9_F8"", ""Delhi--Hyderabad_F9"", ""Delhi--Hyderabad_D9_F8"", ""Delhi--Hyderabad_F9"", ""Delhi--Hyderabad_D9_F8"", ""Delhi--Hyderabad_F9""]"
BFS-hop,normal,60003,Delhi,Chennai,True,28,4.438360311244686,0,28,28,0,0,0,28,0,"[""Delhi"", ""Delhi--Hyderabad_F1"", ""Delhi--Hyderabad_F2"", ""Delhi--Hyderabad_F3"", ""Delhi--Hyderabad_F4"", ""Delhi--Hyderabad_F5"", ""Delhi--Hyderabad_F6"", ""Delhi--Hyderabad_F7"", ""Delhi--Hyderabad_F8"", ""Delhi--Hyderabad_F9"", ""Delhi--Hyderabad_F10"", ""Delhi--Hyderabad_F11"", ""Delhi--Hyderabad_F12"", ""Delhi--Hyderabad_F13"", ""Delhi--Hyderabad_F14"", ""Delhi--Hyderabad_F15"", ""Delhi--Hyderabad_F16"", ""Delhi--Hyderabad_F17"", ""Delhi--Hyderabad_F18"", ""Delhi--Hyderabad_F19"", ""Hyderabad"", ""Chennai--Hyderabad_F7"", ""Chennai--Hyderabad_F6"", ""Chennai--Hyderabad_F5"", ""Chennai--Hyderabad_F4"", ""Chennai--Hyderabad_F3"", ""Chennai--Hyderabad_F2"", ""Chennai--Hyderabad_F1"", ""Chennai""]"
Max-SKR,normal,60003,Delhi,Chennai,False,,-36.50006759135435,14,20,20,0,1,0,0,20,"[""Delhi"", ""Delhi--Hyderabad_D1_F1"", ""Delhi--Hyderabad_D1_F2"", ""Delhi--Hyderabad_D1_F1"", ""Delhi"", ""Delhi--Jaipur_D1_F1"", ""Delhi"", ""Delhi--Jaipur_D1_F1"", ""Delhi"", ""Delhi--Kolkata_D1_F1"", ""Delhi--Kolkata_D1_F2"", ""Delhi--Kolkata_D1_F1"", ""Delhi--Kolkata_D1_F2"", ""Delhi--Kolkata_D1_F1"", ""Delhi--Kolkata_D1_F2"", ""Delhi--Kolkata_D1_F3"", ""Delhi--Kolkata_D1_F2"", ""Delhi--Kolkata_D1_F3"", ""Delhi--Kolkata_D1_F2"", ""Delhi--Kolkata_D1_F1"", ""Delhi--Kolkata_D1_F2""]"
GNN-PPO,summer,70000,Delhi,Chennai,True,28,4.438360311244686,0,28,28,0,0,0,28,0,"[""Delhi"", ""Delhi--Hyderabad_F1"", ""Delhi--Hyderabad_F2"", ""Delhi--Hyderabad_F3"", ""Delhi--Hyderabad_F4"", ""Delhi--Hyderabad_F5"", ""Delhi--Hyderabad_F6"", ""Delhi--Hyderabad_F7"", ""Delhi--Hyderabad_F8"", ""Delhi--Hyderabad_F9"", ""Delhi--Hyderabad_F10"", ""Delhi--Hyderabad_F11"", ""Delhi--Hyderabad_F12"", ""Delhi--Hyderabad_F13"", ""Delhi--Hyderabad_F14"", ""Delhi--Hyderabad_F15"", ""Delhi--Hyderabad_F16"", ""Delhi--Hyderabad_F17"", ""Delhi--Hyderabad_F18"", ""Delhi--Hyderabad_F19"", ""Hyderabad"", ""Chennai--Hyderabad_F7"", ""Chennai--Hyderabad_F6"", ""Chennai--Hyderabad_F5"", ""Chennai--Hyderabad_F4"", ""Chennai--Hyderabad_F3"", ""Chennai--Hyderabad_F2"", ""Chennai--Hyderabad_F1"", ""Chennai""]"
Random,summer,70000,Delhi,Chennai,False,,-93.2918805949141,52,68,68,0,1,0,9,59,"[""Delhi"", ""Delhi--Kolkata_D1_F1"", ""Delhi--Kolkata_D1_F2"", ""Delhi--Kolkata_D1_F1"", ""Delhi"", ""Delhi--Kolkata_F1"", ""Delhi--Kolkata_F2"", ""Delhi--Kolkata_D2_F8"", ""Delhi--Kolkata_F2"", ""Delhi--Kolkata_F3"", ""Delhi--Kolkata_F2"", ""Delhi--Kolkata_F3"", ""Delhi--Kolkata_F4"", ""Delhi--Kolkata_F3"", ""Delhi--Kolkata_F4"", ""Delhi--Kolkata_F3"", ""Delhi--Kolkata_D4_F1"", ""Delhi--Kolkata_F3"", ""Delhi--Kolkata_D3_F8"", ""Delhi--Kolkata_D3_F7"", ""Delhi--Kolkata_D3_F6"", ""Delhi--Kolkata_D3_F5"", ""Delhi--Kolkata_D3_F6"", ""Delhi--Kolkata_D3_F5"", ""Delhi--Kolkata_D3_F4"", ""Delhi--Kolkata_D3_F3"", ""Delhi--Kolkata_D3_F4"", ""Delhi--Kolkata_D3_F5"", ""Delhi--Kolkata_D3_F4"", ""Delhi--Kolkata_D3_F3"", ""Delhi--Kolkata_D3_F4"", ""Delhi--Kolkata_D3_F5"", ""Delhi--Kolkata_D3_F6"", ""Delhi--Kolkata_D3_F5"", ""Delhi--Kolkata_D3_F6"", ""Delhi--Kolkata_D3_F7"", ""Delhi--Kolkata_D3_F6"", ""Delhi--Kolkata_D3_F5"", ""Delhi--Kolkata_D3_F6"", ""Delhi--Kolkata_D3_F7"", ""Delhi--Kolkata_D3_F8"", ""Delhi--Kolkata_F3"", ""Delhi--Kolkata_D3_F8"", ""Delhi--Kolkata_D3_F7"", ""Delhi--Kolkata_D3_F6"", ""Delhi--Kolkata_D3_F7"", ""Delhi--Kolkata_D3_F6"", ""Delhi--Kolkata_D3_F5"", ""Delhi--Kolkata_D3_F4"", ""Delhi--Kolkata_D3_F5"", ""Delhi--Kolkata_D3_F4"", ""Delhi--Kolkata_D3_F5"", ""Delhi--Kolkata_D3_F4"", ""Delhi--Kolkata_D3_F5"", ""Delhi--Kolkata_D3_F4"", ""Delhi--Kolkata_D3_F5"", ""Delhi--Kolkata_D3_F4"", ""Delhi--Kolkata_D3_F3"", ""Delhi--Kolkata_D3_F2"", ""Delhi--Kolkata_D3_F3"", ""Delhi--Kolkata_D3_F2"", ""Delhi--Kolkata_D3_F1"", ""Delhi--Kolkata_D3_F2"", ""Delhi--Kolkata_D3_F1"", ""Delhi--Kolkata_D3_F2"", ""Delhi--Kolkata_D3_F1"", ""Delhi--Kolkata_D3_F2"", ""Delhi--Kolkata_D3_F1"", ""Delhi--Kolkata_D3_F2""]"
Dijkstra-km,summer,70000,Delhi,Chennai,False,,51.77540699432157,16,115,115,0,0,0,0,115,"[""Delhi"", ""Delhi--Hyderabad_D1_F1"", ""Delhi--Hyderabad_D1_F2"", ""Delhi--Hyderabad_D1_F3"", ""Delhi--Hyderabad_D1_F4"", ""Delhi--Hyderabad_D1_F5"", ""Delhi--Hyderabad_D1_F6"", ""Delhi--Hyderabad_D1_F7"", ""Delhi--Hyderabad_D1_F8"", ""Delhi--Hyderabad_F1"", ""Delhi--Hyderabad_D2_F1"", ""Delhi--Hyderabad_D2_F2"", ""Delhi--Hyderabad_D2_F3"", ""Delhi--Hyderabad_D2_F4"", ""Delhi--Hyderabad_D2_F5"", ""Delhi--Hyderabad_D2_F6"", ""Delhi--Hyderabad_D2_F7"", ""Delhi--Hyderabad_D2_F8"", ""Delhi--Hyderabad_F2"", ""Delhi--Hyderabad_D3_F1"", ""Delhi--Hyderabad_D3_F2"", ""Delhi--Hyderabad_D3_F3"", ""Delhi--Hyderabad_D3_F4"", ""Delhi--Hyderabad_D3_F5"", ""Delhi--Hyderabad_D3_F6"", ""Delhi--Hyderabad_D3_F7"", ""Delhi--Hyderabad_D3_F8"", ""Delhi--Hyderabad_F3"", ""Delhi--Hyderabad_D4_F1"", ""Delhi--Hyderabad_D4_F2"", ""Delhi--Hyderabad_D4_F3"", ""Delhi--Hyderabad_D4_F4"", ""Delhi--Hyderabad_D4_F5"", ""Delhi--Hyderabad_D4_F6"", ""Delhi--Hyderabad_D4_F7"", ""Delhi--Hyderabad_D4_F8"", ""Delhi--Hyderabad_F4"", ""Delhi--Hyderabad_D5_F1"", ""Delhi--Hyderabad_D5_F2"", ""Delhi--Hyderabad_D5_F3"", ""Delhi--Hyderabad_D5_F4"", ""Delhi--Hyderabad_D5_F5"", ""Delhi--Hyderabad_D5_F6"", ""Delhi--Hyderabad_D5_F7"", ""Delhi--Hyderabad_D5_F8"", ""Delhi--Hyderabad_F5"", ""Delhi--Hyderabad_D6_F1"", ""Delhi--Hyderabad_D6_F2"", ""Delhi--Hyderabad_D6_F3"", ""Delhi--Hyderabad_D6_F4"", ""Delhi--Hyderabad_D6_F5"", ""Delhi--Hyderabad_D6_F6"", ""Delhi--Hyderabad_D6_F7"", ""Delhi--Hyderabad_D6_F8"", ""Delhi--Hyderabad_F6"", ""Delhi--Hyderabad_D7_F1"", ""Delhi--Hyderabad_D7_F2"", ""Delhi--Hyderabad_D7_F3"", ""Delhi--Hyderabad_D7_F4"", ""Delhi--Hyderabad_D7_F5"", ""Delhi--Hyderabad_D7_F6"", ""Delhi--Hyderabad_D7_F7"", ""Delhi--Hyderabad_D7_F8"", ""Delhi--Hyderabad_F7"", ""Delhi--Hyderabad_D8_F1"", ""Delhi--Hyderabad_D8_F2"", ""Delhi--Hyderabad_D8_F3"", ""Delhi--Hyderabad_D8_F4"", ""Delhi--Hyderabad_D8_F5"", ""Delhi--Hyderabad_D8_F6"", ""Delhi--Hyderabad_D8_F7"", ""Delhi--Hyderabad_D8_F8"", ""Delhi--Hyderabad_F8"", ""Delhi--Hyderabad_D9_F1"", ""Delhi--Hyderabad_D9_F2"", ""Delhi--Hyderabad_D9_F3"", ""Delhi--Hyderabad_D9_F4"", ""Delhi--Hyderabad_D9_F5"", ""Delhi--Hyderabad_D9_F6"", ""Delhi--Hyderabad_D9_F7"", ""Delhi--Hyderabad_D9_F8"", ""Delhi--Hyderabad_F9"", ""Delhi--Hyderabad_D10_F1"", ""Delhi--Hyderabad_D10_F2"", ""Delhi--Hyderabad_D10_F3"", ""Delhi--Hyderabad_D10_F4"", ""Delhi--Hyderabad_D10_F5"", ""Delhi--Hyderabad_D10_F6"", ""Delhi--Hyderabad_D10_F7"", ""Delhi--Hyderabad_D10_F8"", ""Delhi--Hyderabad_F10"", ""Delhi--Hyderabad_D11_F1"", ""Delhi--Hyderabad_D11_F2"", ""Delhi--Hyderabad_D11_F3"", ""Delhi--Hyderabad_D11_F4"", ""Delhi--Hyderabad_D11_F5"", ""Delhi--Hyderabad_D11_F6"", ""Delhi--Hyderabad_D11_F7"", ""Delhi--Hyderabad_D11_F8"", ""Delhi--Hyderabad_F11"", ""Delhi--Hyderabad_D11_F8"", ""Delhi--Hyderabad_F11"", ""Delhi--Hyderabad_D11_F8"", ""Delhi--Hyderabad_F11"", ""Delhi--Hyderabad_D11_F8"", ""Delhi--Hyderabad_F11"", ""Delhi--Hyderabad_D11_F8"", ""Delhi--Hyderabad_F11"", ""Delhi--Hyderabad_D11_F8"", ""Delhi--Hyderabad_F11"", ""Delhi--Hyderabad_D11_F8"", ""Delhi--Hyderabad_F11"", ""Delhi--Hyderabad_D11_F8"", ""Delhi--Hyderabad_F11"", ""Delhi--Hyderabad_D11_F8"", ""Delhi--Hyderabad_F11""]"
BFS-hop,summer,70000,Delhi,Chennai,True,28,4.438360311244686,0,28,28,0,0,0,28,0,"[""Delhi"", ""Delhi--Hyderabad_F1"", ""Delhi--Hyderabad_F2"", ""Delhi--Hyderabad_F3"", ""Delhi--Hyderabad_F4"", ""Delhi--Hyderabad_F5"", ""Delhi--Hyderabad_F6"", ""Delhi--Hyderabad_F7"", ""Delhi--Hyderabad_F8"", ""Delhi--Hyderabad_F9"", ""Delhi--Hyderabad_F10"", ""Delhi--Hyderabad_F11"", ""Delhi--Hyderabad_F12"", ""Delhi--Hyderabad_F13"", ""Delhi--Hyderabad_F14"", ""Delhi--Hyderabad_F15"", ""Delhi--Hyderabad_F16"", ""Delhi--Hyderabad_F17"", ""Delhi--Hyderabad_F18"", ""Delhi--Hyderabad_F19"", ""Hyderabad"", ""Chennai--Hyderabad_F7"", ""Chennai--Hyderabad_F6"", ""Chennai--Hyderabad_F5"", ""Chennai--Hyderabad_F4"", ""Chennai--Hyderabad_F3"", ""Chennai--Hyderabad_F2"", ""Chennai--Hyderabad_F1"", ""Chennai""]"
Max-SKR,summer,70000,Delhi,Chennai,False,,-108.61147972597547,64,75,75,0,0,0,0,75,"[""Delhi"", ""Delhi--Kolkata_D1_F1"", ""Delhi--Kolkata_D1_F2"", ""Delhi--Kolkata_D1_F1"", ""Delhi--Kolkata_D1_F2"", ""Delhi--Kolkata_D1_F3"", ""Delhi--Kolkata_D1_F2"", ""Delhi--Kolkata_D1_F1"", ""Delhi"", ""Delhi--Kolkata_D1_F1"", ""Delhi--Kolkata_D1_F2"", ""Delhi--Kolkata_D1_F3"", ""Delhi--Kolkata_D1_F2"", ""Delhi--Kolkata_D1_F1"", ""Delhi"", ""Delhi--Kolkata_D1_F1"", ""Delhi"", ""Delhi--Jaipur_D1_F1"", ""Delhi--Jaipur_D1_F2"", ""Delhi--Jaipur_D1_F1"", ""Delhi--Jaipur_D1_F2"", ""Delhi--Jaipur_D1_F3"", ""Delhi--Jaipur_D1_F4"", ""Delhi--Jaipur_D1_F5"", ""Delhi--Jaipur_D1_F4"", ""Delhi--Jaipur_D1_F5"", ""Delhi--Jaipur_D1_F4"", ""Delhi--Jaipur_D1_F5"", ""Delhi--Jaipur_D1_F6"", ""Delhi--Jaipur_D1_F7"", ""Delhi--Jaipur_D1_F8"", ""Delhi--Jaipur_D1_F7"", ""Delhi--Jaipur_D1_F8"", ""Delhi--Jaipur_D1_F7"", ""Delhi--Jaipur_D1_F6"", ""Delhi--Jaipur_D1_F5"", ""Delhi--Jaipur_D1_F4"", ""Delhi--Jaipur_D1_F5"", ""Delhi--Jaipur_D1_F4"", ""Delhi--Jaipur_D1_F3"", ""Delhi--Jaipur_D1_F2"", ""Delhi--Jaipur_D1_F1"", ""Delhi--Jaipur_D1_F2"", ""Delhi--Jaipur_D1_F3"", ""Delhi--Jaipur_D1_F2"", ""Delhi--Jaipur_D1_F3"", ""Delhi--Jaipur_D1_F2"", ""Delhi--Jaipur_D1_F3"", ""Delhi--Jaipur_D1_F4"", ""Delhi--Jaipur_D1_F5"", ""Delhi--Jaipur_D1_F4"", ""Delhi--Jaipur_D1_F5"", ""Delhi--Jaipur_D1_F6"", ""Delhi--Jaipur_D1_F5"", ""Delhi--Jaipur_D1_F6"", ""Delhi--Jaipur_D1_F5"", ""Delhi--Jaipur_D1_F6"", ""Delhi--Jaipur_D1_F5"", ""Delhi--Jaipur_D1_F6"", ""Delhi--Jaipur_D1_F5"", ""Delhi--Jaipur_D1_F6"", ""Delhi--Jaipur_D1_F5"", ""Delhi--Jaipur_D1_F4"", ""Delhi--Jaipur_D1_F5"", ""Delhi--Jaipur_D1_F4"", ""Delhi--Jaipur_D1_F5"", ""Delhi--Jaipur_D1_F4"", ""Delhi--Jaipur_D1_F3"", ""Delhi--Jaipur_D1_F2"", ""Delhi--Jaipur_D1_F3"", ""Delhi--Jaipur_D1_F2"", ""Delhi--Jaipur_D1_F3"", ""Delhi--Jaipur_D1_F4"", ""Delhi--Jaipur_D1_F3"", ""Delhi--Jaipur_D1_F4"", ""Delhi--Jaipur_D1_F5""]"
GNN-PPO,summer,70001,Delhi,Chennai,True,28,4.438360311244686,0,28,28,0,0,0,28,0,"[""Delhi"", ""Delhi--Hyderabad_F1"", ""Delhi--Hyderabad_F2"", ""Delhi--Hyderabad_F3"", ""Delhi--Hyderabad_F4"", ""Delhi--Hyderabad_F5"", ""Delhi--Hyderabad_F6"", ""Delhi--Hyderabad_F7"", ""Delhi--Hyderabad_F8"", ""Delhi--Hyderabad_F9"", ""Delhi--Hyderabad_F10"", ""Delhi--Hyderabad_F11"", ""Delhi--Hyderabad_F12"", ""Delhi--Hyderabad_F13"", ""Delhi--Hyderabad_F14"", ""Delhi--Hyderabad_F15"", ""Delhi--Hyderabad_F16"", ""Delhi--Hyderabad_F17"", ""Delhi--Hyderabad_F18"", ""Delhi--Hyderabad_F19"", ""Hyderabad"", ""Chennai--Hyderabad_F7"", ""Chennai--Hyderabad_F6"", ""Chennai--Hyderabad_F5"", ""Chennai--Hyderabad_F4"", ""Chennai--Hyderabad_F3"", ""Chennai--Hyderabad_F2"", ""Chennai--Hyderabad_F1"", ""Chennai""]"
Random,summer,70001,Delhi,Chennai,False,,-198.37555041651945,121,156,156,0,1,0,16,140,"[""Delhi"", ""Delhi--Kolkata_F1"", ""Delhi--Kolkata_D1_F8"", ""Delhi--Kolkata_F1"", ""Delhi--Kolkata_F2"", ""Delhi--Kolkata_D3_F1"", ""Delhi--Kolkata_D3_F2"", ""Delhi--Kolkata_D3_F1"", ""Delhi--Kolkata_D3_F2"", ""Delhi--Kolkata_D3_F3"", ""Delhi--Kolkata_D3_F2"", ""Delhi--Kolkata_D3_F3"", ""Delhi--Kolkata_D3_F2"", ""Delhi--Kolkata_D3_F3"", ""Delhi--Kolkata_D3_F4"", ""Delhi--Kolkata_D3_F3"", ""Delhi--Kolkata_D3_F2"", ""Delhi--Kolkata_D3_F1"", ""Delhi--Kolkata_F2"", ""Delhi--Kolkata_D2_F8"", ""Delhi--Kolkata_F2"", ""Delhi--Kolkata_F1"", ""Delhi--Kolkata_D2_F1"", ""Delhi--Kolkata_D2_F2"", ""Delhi--Kolkata_D2_F3"", ""Delhi--Kolkata_D2_F4"", ""Delhi--Kolkata_D2_F5"", ""Delhi--Kolkata_D2_F6"", ""Delhi--Kolkata_D2_F5"", ""Delhi--Kolkata_D2_F6"", ""Delhi--Kolkata_D2_F7"", ""Delhi--Kolkata_D2_F6"", ""Delhi--Kolkata_D2_F5"", ""Delhi--Kolkata_D2_F6"", ""Delhi--Kolkata_D2_F5"", ""Delhi--Kolkata_D2_F4"", ""Delhi--Kolkata_D2_F5"", ""Delhi--Kolkata_D2_F4"", ""Delhi--Kolkata_D2_F5"", ""Delhi--Kolkata_D2_F4"", ""Delhi--Kolkata_D2_F3"", ""Delhi--Kolkata_D2_F2"", ""Delhi--Kolkata_D2_F1"", ""Delhi--Kolkata_D2_F2"", ""Delhi--Kolkata_D2_F1"", ""Delhi--Kolkata_F1"", ""Delhi--Kolkata_F2"", ""Delhi--Kolkata_D3_F1"", ""Delhi--Kolkata_D3_F2"", ""Delhi--Kolkata_D3_F1"", ""Delhi--Kolkata_D3_F2"", ""Delhi--Kolkata_D3_F1"", ""Delhi--Kolkata_D3_F2"", ""Delhi--Kolkata_D3_F1"", ""Delhi--Kolkata_D3_F2"", ""Delhi--Kolkata_D3_F1"", ""Delhi--Kolkata_F2"", ""Delhi--Kolkata_D2_F8"", ""Delhi--Kolkata_D2_F7"", ""Delhi--Kolkata_D2_F8"", ""Delhi--Kolkata_D2_F7"", ""Delhi--Kolkata_D2_F6"", ""Delhi--Kolkata_D2_F7"", ""Delhi--Kolkata_D2_F6"", ""Delhi--Kolkata_D2_F7"", ""Delhi--Kolkata_D2_F6"", ""Delhi--Kolkata_D2_F7"", ""Delhi--Kolkata_D2_F6"", ""Delhi--Kolkata_D2_F5"", ""Delhi--Kolkata_D2_F6"", ""Delhi--Kolkata_D2_F7"", ""Delhi--Kolkata_D2_F8"", ""Delhi--Kolkata_D2_F7"", ""Delhi--Kolkata_D2_F6"", ""Delhi--Kolkata_D2_F7"", ""Delhi--Kolkata_D2_F6"", ""Delhi--Kolkata_D2_F5"", ""Delhi--Kolkata_D2_F4"", ""Delhi--Kolkata_D2_F3"", ""Delhi--Kolkata_D2_F2"", ""Delhi--Kolkata_D2_F3"", ""Delhi--Kolkata_D2_F4"", ""Delhi--Kolkata_D2_F3"", ""Delhi--Kolkata_D2_F2"", ""Delhi--Kolkata_D2_F1"", ""Delhi--Kolkata_F1"", ""Delhi--Kolkata_D1_F8"", ""Delhi--Kolkata_D1_F7"", ""Delhi--Kolkata_D1_F8"", ""Delhi--Kolkata_F1"", ""Delhi--Kolkata_F2"", ""Delhi--Kolkata_F1"", ""Delhi--Kolkata_D1_F8"", ""Delhi--Kolkata_D1_F7"", ""Delhi--Kolkata_D1_F6"", ""Delhi--Kolkata_D1_F5"", ""Delhi--Kolkata_D1_F4"", ""Delhi--Kolkata_D1_F3"", ""Delhi--Kolkata_D1_F2"", ""Delhi--Kolkata_D1_F3"", ""Delhi--Kolkata_D1_F4"", ""Delhi--Kolkata_D1_F3"", ""Delhi--Kolkata_D1_F4"", ""Delhi--Kolkata_D1_F3"", ""Delhi--Kolkata_D1_F2"", ""Delhi--Kolkata_D1_F1"", ""Delhi"", ""Delhi--Jaipur_F1"", ""Delhi--Jaipur_F2"", ""Delhi--Jaipur_D3_F1"", ""Delhi--Jaipur_F2"", ""Delhi--Jaipur_F3"", ""Delhi--Jaipur_F2"", ""Delhi--Jaipur_F1"", ""Delhi"", ""Delhi--Jaipur_F1"", ""Delhi--Jaipur_F2"", ""Delhi--Jaipur_F1"", ""Delhi--Jaipur_D2_F1"", ""Delhi--Jaipur_F1"", ""Delhi"", ""Delhi--Jaipur_D1_F1"", ""Delhi--Jaipur_D1_F2"", ""Delhi--Jaipur_D1_F1"", ""Delhi--Jaipur_D1_F2"", ""Delhi--Jaipur_D1_F1"", ""Delhi--Jaipur_D1_F2"", ""Delhi--Jaipur_D1_F3"", ""Delhi--Jaipur_D1_F4"", ""Delhi--Jaipur_D1_F5"", ""Delhi--Jaipur_D1_F6"", ""Delhi--Jaipur_D1_F7"", ""Delhi--Jaipur_D1_F8"", ""Delhi--Jaipur_D1_F7"", ""Delhi--Jaipur_D1_F8"", ""Delhi--Jaipur_D1_F7"", ""Delhi--Jaipur_D1_F6"", ""Delhi--Jaipur_D1_F7"", ""Delhi--Jaipur_D1_F8"", ""Delhi--Jaipur_D1_F7"", ""Delhi--Jaipur_D1_F6"", ""Delhi--Jaipur_D1_F5"", ""Delhi--Jaipur_D1_F6"", ""Delhi--Jaipur_D1_F5"", ""Delhi--Jaipur_D1_F4"", ""Delhi--Jaipur_D1_F3"", ""Delhi--Jaipur_D1_F2"", ""Delhi--Jaipur_D1_F3"", ""Delhi--Jaipur_D1_F2"", ""Delhi--Jaipur_D1_F1"", ""Delhi--Jaipur_D1_F2"", ""Delhi--Jaipur_D1_F1"", ""Delhi--Jaipur_D1_F2"", ""Delhi--Jaipur_D1_F1"", ""Delhi--Jaipur_D1_F2"", ""Delhi--Jaipur_D1_F1"", ""Delhi--Jaipur_D1_F2""]"
Dijkstra-km,summer,70001,Delhi,Chennai,True,235,204.0359983573239,0,235,235,0,0,0,1,234,"[""Delhi"", ""Delhi--Hyderabad_D1_F1"", ""Delhi--Hyderabad_D1_F2"", ""Delhi--Hyderabad_D1_F3"", ""Delhi--Hyderabad_D1_F4"", ""Delhi--Hyderabad_D1_F5"", ""Delhi--Hyderabad_D1_F6"", ""Delhi--Hyderabad_D1_F7"", ""Delhi--Hyderabad_D1_F8"", ""Delhi--Hyderabad_F1"", ""Delhi--Hyderabad_D2_F1"", ""Delhi--Hyderabad_D2_F2"", ""Delhi--Hyderabad_D2_F3"", ""Delhi--Hyderabad_D2_F4"", ""Delhi--Hyderabad_D2_F5"", ""Delhi--Hyderabad_D2_F6"", ""Delhi--Hyderabad_D2_F7"", ""Delhi--Hyderabad_D2_F8"", ""Delhi--Hyderabad_F2"", ""Delhi--Hyderabad_F3"", ""Delhi--Hyderabad_D4_F1"", ""Delhi--Hyderabad_D4_F2"", ""Delhi--Hyderabad_D4_F3"", ""Delhi--Hyderabad_D4_F4"", ""Delhi--Hyderabad_D4_F5"", ""Delhi--Hyderabad_D4_F6"", ""Delhi--Hyderabad_D4_F7"", ""Delhi--Hyderabad_D4_F8"", ""Delhi--Hyderabad_F4"", ""Delhi--Hyderabad_D5_F1"", ""Delhi--Hyderabad_D5_F2"", ""Delhi--Hyderabad_D5_F3"", ""Delhi--Hyderabad_D5_F4"", ""Delhi--Hyderabad_D5_F5"", ""Delhi--Hyderabad_D5_F6"", ""Delhi--Hyderabad_D5_F7"", ""Delhi--Hyderabad_D5_F8"", ""Delhi--Hyderabad_F5"", ""Delhi--Hyderabad_D6_F1"", ""Delhi--Hyderabad_D6_F2"", ""Delhi--Hyderabad_D6_F3"", ""Delhi--Hyderabad_D6_F4"", ""Delhi--Hyderabad_D6_F5"", ""Delhi--Hyderabad_D6_F6"", ""Delhi--Hyderabad_D6_F7"", ""Delhi--Hyderabad_D6_F8"", ""Delhi--Hyderabad_F6"", ""Delhi--Hyderabad_D7_F1"", ""Delhi--Hyderabad_D7_F2"", ""Delhi--Hyderabad_D7_F3"", ""Delhi--Hyderabad_D7_F4"", ""Delhi--Hyderabad_D7_F5"", ""Delhi--Hyderabad_D7_F6"", ""Delhi--Hyderabad_D7_F7"", ""Delhi--Hyderabad_D7_F8"", ""Delhi--Hyderabad_F7"", ""Delhi--Hyderabad_D8_F1"", ""Delhi--Hyderabad_D8_F2"", ""Delhi--Hyderabad_D8_F3"", ""Delhi--Hyderabad_D8_F4"", ""Delhi--Hyderabad_D8_F5"", ""Delhi--Hyderabad_D8_F6"", ""Delhi--Hyderabad_D8_F7"", ""Delhi--Hyderabad_D8_F8"", ""Delhi--Hyderabad_F8"", ""Delhi--Hyderabad_D9_F1"", ""Delhi--Hyderabad_D9_F2"", ""Delhi--Hyderabad_D9_F3"", ""Delhi--Hyderabad_D9_F4"", ""Delhi--Hyderabad_D9_F5"", ""Delhi--Hyderabad_D9_F6"", ""Delhi--Hyderabad_D9_F7"", ""Delhi--Hyderabad_D9_F8"", ""Delhi--Hyderabad_F9"", ""Delhi--Hyderabad_D10_F1"", ""Delhi--Hyderabad_D10_F2"", ""Delhi--Hyderabad_D10_F3"", ""Delhi--Hyderabad_D10_F4"", ""Delhi--Hyderabad_D10_F5"", ""Delhi--Hyderabad_D10_F6"", ""Delhi--Hyderabad_D10_F7"", ""Delhi--Hyderabad_D10_F8"", ""Delhi--Hyderabad_F10"", ""Delhi--Hyderabad_D11_F1"", ""Delhi--Hyderabad_D11_F2"", ""Delhi--Hyderabad_D11_F3"", ""Delhi--Hyderabad_D11_F4"", ""Delhi--Hyderabad_D11_F5"", ""Delhi--Hyderabad_D11_F6"", ""Delhi--Hyderabad_D11_F7"", ""Delhi--Hyderabad_D11_F8"", ""Delhi--Hyderabad_F11"", ""Delhi--Hyderabad_D12_F1"", ""Delhi--Hyderabad_D12_F2"", ""Delhi--Hyderabad_D12_F3"", ""Delhi--Hyderabad_D12_F4"", ""Delhi--Hyderabad_D12_F5"", ""Delhi--Hyderabad_D12_F6"", ""Delhi--Hyderabad_D12_F7"", ""Delhi--Hyderabad_D12_F8"", ""Delhi--Hyderabad_F12"", ""Delhi--Hyderabad_D13_F1"", ""Delhi--Hyderabad_D13_F2"", ""Delhi--Hyderabad_D13_F3"", ""Delhi--Hyderabad_D13_F4"", ""Delhi--Hyderabad_D13_F5"", ""Delhi--Hyderabad_D13_F6"", ""Delhi--Hyderabad_D13_F7"", ""Delhi--Hyderabad_D13_F8"", ""Delhi--Hyderabad_F13"", ""Delhi--Hyderabad_D14_F1"", ""Delhi--Hyderabad_D14_F2"", ""Delhi--Hyderabad_D14_F3"", ""Delhi--Hyderabad_D14_F4"", ""Delhi--Hyderabad_D14_F5"", ""Delhi--Hyderabad_D14_F6"", ""Delhi--Hyderabad_D14_F7"", ""Delhi--Hyderabad_D14_F8"", ""Delhi--Hyderabad_F14"", ""Delhi--Hyderabad_D15_F1"", ""Delhi--Hyderabad_D15_F2"", ""Delhi--Hyderabad_D15_F3"", ""Delhi--Hyderabad_D15_F4"", ""Delhi--Hyderabad_D15_F5"", ""Delhi--Hyderabad_D15_F6"", ""Delhi--Hyderabad_D15_F7"", ""Delhi--Hyderabad_D15_F8"", ""Delhi--Hyderabad_F15"", ""Delhi--Hyderabad_D16_F1"", ""Delhi--Hyderabad_D16_F2"", ""Delhi--Hyderabad_D16_F3"", ""Delhi--Hyderabad_D16_F4"", ""Delhi--Hyderabad_D16_F5"", ""Delhi--Hyderabad_D16_F6"", ""Delhi--Hyderabad_D16_F7"", ""Delhi--Hyderabad_D16_F8"", ""Delhi--Hyderabad_F16"", ""Delhi--Hyderabad_D17_F1"", ""Delhi--Hyderabad_D17_F2"", ""Delhi--Hyderabad_D17_F3"", ""Delhi--Hyderabad_D17_F4"", ""Delhi--Hyderabad_D17_F5"", ""Delhi--Hyderabad_D17_F6"", ""Delhi--Hyderabad_D17_F7"", ""Delhi--Hyderabad_D17_F8"", ""Delhi--Hyderabad_F17"", ""Delhi--Hyderabad_D18_F1"", ""Delhi--Hyderabad_D18_F2"", ""Delhi--Hyderabad_D18_F3"", ""Delhi--Hyderabad_D18_F4"", ""Delhi--Hyderabad_D18_F5"", ""Delhi--Hyderabad_D18_F6"", ""Delhi--Hyderabad_D18_F7"", ""Delhi--Hyderabad_D18_F8"", ""Delhi--Hyderabad_F18"", ""Delhi--Hyderabad_D19_F1"", ""Delhi--Hyderabad_D19_F2"", ""Delhi--Hyderabad_D19_F3"", ""Delhi--Hyderabad_D19_F4"", ""Delhi--Hyderabad_D19_F5"", ""Delhi--Hyderabad_D19_F6"", ""Delhi--Hyderabad_D19_F7"", ""Delhi--Hyderabad_D19_F8"", ""Delhi--Hyderabad_F19"", ""Delhi--Hyderabad_D20_F1"", ""Hyderabad"", ""Chennai--Hyderabad_D8_F6"", ""Chennai--Hyderabad_D8_F5"", ""Chennai--Hyderabad_D8_F4"", ""Chennai--Hyderabad_D8_F3"", ""Chennai--Hyderabad_D8_F2"", ""Chennai--Hyderabad_D8_F1"", ""Chennai--Hyderabad_F7"", ""Chennai--Hyderabad_D7_F8"", ""Chennai--Hyderabad_D7_F7"", ""Chennai--Hyderabad_D7_F6"", ""Chennai--Hyderabad_D7_F5"", ""Chennai--Hyderabad_D7_F4"", ""Chennai--Hyderabad_D7_F3"", ""Chennai--Hyderabad_D7_F2"", ""Chennai--Hyderabad_D7_F1"", ""Chennai--Hyderabad_F6"", ""Chennai--Hyderabad_D6_F8"", ""Chennai--Hyderabad_D6_F7"", ""Chennai--Hyderabad_D6_F6"", ""Chennai--Hyderabad_D6_F5"", ""Chennai--Hyderabad_D6_F4"", ""Chennai--Hyderabad_D6_F3"", ""Chennai--Hyderabad_D6_F2"", ""Chennai--Hyderabad_D6_F1"", ""Chennai--Hyderabad_F5"", ""Chennai--Hyderabad_D5_F8"", ""Chennai--Hyderabad_D5_F7"", ""Chennai--Hyderabad_D5_F6"", ""Chennai--Hyderabad_D5_F5"", ""Chennai--Hyderabad_D5_F4"", ""Chennai--Hyderabad_D5_F3"", ""Chennai--Hyderabad_D5_F2"", ""Chennai--Hyderabad_D5_F1"", ""Chennai--Hyderabad_F4"", ""Chennai--Hyderabad_D4_F8"", ""Chennai--Hyderabad_D4_F7"", ""Chennai--Hyderabad_D4_F6"", ""Chennai--Hyderabad_D4_F5"", ""Chennai--Hyderabad_D4_F4"", ""Chennai--Hyderabad_D4_F3"", ""Chennai--Hyderabad_D4_F2"", ""Chennai--Hyderabad_D4_F1"", ""Chennai--Hyderabad_F3"", ""Chennai--Hyderabad_D3_F8"", ""Chennai--Hyderabad_D3_F7"", ""Chennai--Hyderabad_D3_F6"", ""Chennai--Hyderabad_D3_F5"", ""Chennai--Hyderabad_D3_F4"", ""Chennai--Hyderabad_D3_F3"", ""Chennai--Hyderabad_D3_F2"", ""Chennai--Hyderabad_D3_F1"", ""Chennai--Hyderabad_F2"", ""Chennai--Hyderabad_D2_F8"", ""Chennai--Hyderabad_D2_F7"", ""Chennai--Hyderabad_D2_F6"", ""Chennai--Hyderabad_D2_F5"", ""Chennai--Hyderabad_D2_F4"", ""Chennai--Hyderabad_D2_F3"", ""Chennai--Hyderabad_D2_F2"", ""Chennai--Hyderabad_D2_F1"", ""Chennai--Hyderabad_F1"", ""Chennai--Hyderabad_D1_F8"", ""Chennai--Hyderabad_D1_F7"", ""Chennai--Hyderabad_D1_F6"", ""Chennai--Hyderabad_D1_F5"", ""Chennai--Hyderabad_D1_F4"", ""Chennai--Hyderabad_D1_F3"", ""Chennai--Hyderabad_D1_F2"", ""Chennai--Hyderabad_D1_F1"", ""Chennai""]"
BFS-hop,summer,70001,Delhi,Chennai,True,28,4.438360311244686,0,28,28,0,0,0,28,0,"[""Delhi"", ""Delhi--Hyderabad_F1"", ""Delhi--Hyderabad_F2"", ""Delhi--Hyderabad_F3"", ""Delhi--Hyderabad_F4"", ""Delhi--Hyderabad_F5"", ""Delhi--Hyderabad_F6"", ""Delhi--Hyderabad_F7"", ""Delhi--Hyderabad_F8"", ""Delhi--Hyderabad_F9"", ""Delhi--Hyderabad_F10"", ""Delhi--Hyderabad_F11"", ""Delhi--Hyderabad_F12"", ""Delhi--Hyderabad_F13"", ""Delhi--Hyderabad_F14"", ""Delhi--Hyderabad_F15"", ""Delhi--Hyderabad_F16"", ""Delhi--Hyderabad_F17"", ""Delhi--Hyderabad_F18"", ""Delhi--Hyderabad_F19"", ""Hyderabad"", ""Chennai--Hyderabad_F7"", ""Chennai--Hyderabad_F6"", ""Chennai--Hyderabad_F5"", ""Chennai--Hyderabad_F4"", ""Chennai--Hyderabad_F3"", ""Chennai--Hyderabad_F2"", ""Chennai--Hyderabad_F1"", ""Chennai""]"
Max-SKR,summer,70001,Delhi,Chennai,False,,-129.07006030151388,76,90,90,0,0,0,0,90,"[""Delhi"", ""Delhi--Jaipur_D1_F1"", ""Delhi--Jaipur_D1_F2"", ""Delhi--Jaipur_D1_F3"", ""Delhi--Jaipur_D1_F4"", ""Delhi--Jaipur_D1_F3"", ""Delhi--Jaipur_D1_F4"", ""Delhi--Jaipur_D1_F3"", ""Delhi--Jaipur_D1_F4"", ""Delhi--Jaipur_D1_F5"", ""Delhi--Jaipur_D1_F4"", ""Delhi--Jaipur_D1_F5"", ""Delhi--Jaipur_D1_F6"", ""Delhi--Jaipur_D1_F7"", ""Delhi--Jaipur_D1_F6"", ""Delhi--Jaipur_D1_F7"", ""Delhi--Jaipur_D1_F6"", ""Delhi--Jaipur_D1_F5"", ""Delhi--Jaipur_D1_F4"", ""Delhi--Jaipur_D1_F5"", ""Delhi--Jaipur_D1_F4"", ""Delhi--Jaipur_D1_F3"", ""Delhi--Jaipur_D1_F4"", ""Delhi--Jaipur_D1_F5"", ""Delhi--Jaipur_D1_F6"", ""Delhi--Jaipur_D1_F7"", ""Delhi--Jaipur_D1_F8"", ""Delhi--Jaipur_F1"", ""Delhi--Jaipur_D2_F1"", ""Delhi--Jaipur_D2_F2"", ""Delhi--Jaipur_D2_F1"", ""Delhi--Jaipur_F1"", ""Delhi--Jaipur_D2_F1"", ""Delhi--Jaipur_D2_F2"", ""Delhi--Jaipur_D2_F3"", ""Delhi--Jaipur_D2_F4"", ""Delhi--Jaipur_D2_F3"", ""Delhi--Jaipur_D2_F2"", ""Delhi--Jaipur_D2_F3"", ""Delhi--Jaipur_D2_F2"", ""Delhi--Jaipur_D2_F3"", ""Delhi--Jaipur_D2_F4"", ""Delhi--Jaipur_D2_F3"", ""Delhi--Jaipur_D2_F4"", ""Delhi--Jaipur_D2_F5"", ""Delhi--Jaipur_D2_F4"", ""Delhi--Jaipur_D2_F3"", ""Delhi--Jaipur_D2_F2"", ""Delhi--Jaipur_D2_F1"", ""Delhi--Jaipur_F1"", ""Delhi--Jaipur_D2_F1"", ""Delhi--Jaipur_F1"", ""Delhi--Jaipur_D2_F1"", ""Delhi--Jaipur_F1"", ""Delhi--Jaipur_D1_F8"", ""Delhi--Jaipur_F1"", ""Delhi--Jaipur_D1_F8"", ""Delhi--Jaipur_F1"", ""Delhi--Jaipur_D1_F8"", ""Delhi--Jaipur_F1"", ""Delhi--Jaipur_D2_F1"", ""Delhi--Jaipur_D2_F2"", ""Delhi--Jaipur_D2_F1"", ""Delhi--Jaipur_D2_F2"", ""Delhi--Jaipur_D2_F1"", ""Delhi--Jaipur_F1"", ""Delhi--Jaipur_D2_F1"", ""Delhi--Jaipur_F1"", ""Delhi--Jaipur_D1_F8"", ""Delhi--Jaipur_D1_F7"", ""Delhi--Jaipur_D1_F6"", ""Delhi--Jaipur_D1_F5"", ""Delhi--Jaipur_D1_F4"", ""Delhi--Jaipur_D1_F5"", ""Delhi--Jaipur_D1_F6"", ""Delhi--Jaipur_D1_F7"", ""Delhi--Jaipur_D1_F6"", ""Delhi--Jaipur_D1_F5"", ""Delhi--Jaipur_D1_F4"", ""Delhi--Jaipur_D1_F3"", ""Delhi--Jaipur_D1_F4"", ""Delhi--Jaipur_D1_F3"", ""Delhi--Jaipur_D1_F4"", ""Delhi--Jaipur_D1_F3"", ""Delhi--Jaipur_D1_F4"", ""Delhi--Jaipur_D1_F3"", ""Delhi--Jaipur_D1_F2"", ""Delhi--Jaipur_D1_F3"", ""Delhi--Jaipur_D1_F4"", ""Delhi--Jaipur_D1_F3"", ""Delhi--Jaipur_D1_F4""]"
GNN-PPO,summer,70002,Delhi,Chennai,True,28,4.438360311244686,0,28,28,0,0,0,28,0,"[""Delhi"", ""Delhi--Hyderabad_F1"", ""Delhi--Hyderabad_F2"", ""Delhi--Hyderabad_F3"", ""Delhi--Hyderabad_F4"", ""Delhi--Hyderabad_F5"", ""Delhi--Hyderabad_F6"", ""Delhi--Hyderabad_F7"", ""Delhi--Hyderabad_F8"", ""Delhi--Hyderabad_F9"", ""Delhi--Hyderabad_F10"", ""Delhi--Hyderabad_F11"", ""Delhi--Hyderabad_F12"", ""Delhi--Hyderabad_F13"", ""Delhi--Hyderabad_F14"", ""Delhi--Hyderabad_F15"", ""Delhi--Hyderabad_F16"", ""Delhi--Hyderabad_F17"", ""Delhi--Hyderabad_F18"", ""Delhi--Hyderabad_F19"", ""Hyderabad"", ""Chennai--Hyderabad_F7"", ""Chennai--Hyderabad_F6"", ""Chennai--Hyderabad_F5"", ""Chennai--Hyderabad_F4"", ""Chennai--Hyderabad_F3"", ""Chennai--Hyderabad_F2"", ""Chennai--Hyderabad_F1"", ""Chennai""]"
Random,summer,70002,Delhi,Chennai,False,,-534.1909696343088,306,372,372,0,1,0,20,352,"[""Delhi"", ""Delhi--Jaipur_D1_F1"", ""Delhi"", ""Delhi--Kolkata_F1"", ""Delhi--Kolkata_D1_F8"", ""Delhi--Kolkata_D1_F7"", ""Delhi--Kolkata_D1_F6"", ""Delhi--Kolkata_D1_F7"", ""Delhi--Kolkata_D1_F8"", ""Delhi--Kolkata_F1"", ""Delhi"", ""Delhi--Hyderabad_F1"", ""Delhi--Hyderabad_F2"", ""Delhi--Hyderabad_D2_F8"", ""Delhi--Hyderabad_F2"", ""Delhi--Hyderabad_D2_F8"", ""Delhi--Hyderabad_D2_F7"", ""Delhi--Hyderabad_D2_F8"", ""Delhi--Hyderabad_F2"", ""Delhi--Hyderabad_D2_F8"", ""Delhi--Hyderabad_D2_F7"", ""Delhi--Hyderabad_D2_F6"", ""Delhi--Hyderabad_D2_F5"", ""Delhi--Hyderabad_D2_F6"", ""Delhi--Hyderabad_D2_F5"", ""Delhi--Hyderabad_D2_F4"", ""Delhi--Hyderabad_D2_F3"", ""Delhi--Hyderabad_D2_F2"", ""Delhi--Hyderabad_D2_F1"", ""Delhi--Hyderabad_F1"", ""Delhi--Hyderabad_D1_F8"", ""Delhi--Hyderabad_F1"", ""Delhi--Hyderabad_D2_F1"", ""Delhi--Hyderabad_D2_F2"", ""Delhi--Hyderabad_D2_F3"", ""Delhi--Hyderabad_D2_F2"", ""Delhi--Hyderabad_D2_F3"", ""Delhi--Hyderabad_D2_F4"", ""Delhi--Hyderabad_D2_F3"", ""Delhi--Hyderabad_D2_F2"", ""Delhi--Hyderabad_D2_F1"", ""Delhi--Hyderabad_D2_F2"", ""Delhi--Hyderabad_D2_F1"", ""Delhi--Hyderabad_F1"", ""Delhi--Hyderabad_D2_F1"", ""Delhi--Hyderabad_D2_F2"", ""Delhi--Hyderabad_D2_F1"", ""Delhi--Hyderabad_D2_F2"", ""Delhi--Hyderabad_D2_F3"", ""Delhi--Hyderabad_D2_F2"", ""Delhi--Hyderabad_D2_F1"", ""Delhi--Hyderabad_F1"", ""Delhi--Hyderabad_D1_F8"", ""Delhi--Hyderabad_D1_F7"", ""Delhi--Hyderabad_D1_F6"", ""Delhi--Hyderabad_D1_F5"", ""Delhi--Hyderabad_D1_F6"", ""Delhi--Hyderabad_D1_F5"", ""Delhi--Hyderabad_D1_F6"", ""Delhi--Hyderabad_D1_F5"", ""Delhi--Hyderabad_D1_F6"", ""Delhi--Hyderabad_D1_F5"", ""Delhi--Hyderabad_D1_F4"", ""Delhi--Hyderabad_D1_F3"", ""Delhi--Hyderabad_D1_F2"", ""Delhi--Hyderabad_D1_F1"", ""Delhi--Hyderabad_D1_F2"", ""Delhi--Hyderabad_D1_F3"", ""Delhi--Hyderabad_D1_F4"", ""Delhi--Hyderabad_D1_F3"", ""Delhi--Hyderabad_D1_F2"", ""Delhi--Hyderabad_D1_F3"", ""Delhi--Hyderabad_D1_F2"", ""Delhi--Hyderabad_D1_F1"", ""Delhi--Hyderabad_D1_F2"", ""Delhi--Hyderabad_D1_F3"", ""Delhi--Hyderabad_D1_F4"", ""Delhi--Hyderabad_D1_F3"", ""Delhi--Hyderabad_D1_F2"", ""Delhi--Hyderabad_D1_F3"", ""Delhi--Hyderabad_D1_F2"", ""Delhi--Hyderabad_D1_F3"", ""Delhi--Hyderabad_D1_F2"", ""Delhi--Hyderabad_D1_F3"", ""Delhi--Hyderabad_D1_F4"", ""Delhi--Hyderabad_D1_F3"", ""Delhi--Hyderabad_D1_F4"", ""Delhi--Hyderabad_D1_F5"", ""Delhi--Hyderabad_D1_F6"", ""Delhi--Hyderabad_D1_F7"", ""Delhi--Hyderabad_D1_F6"", ""Delhi--Hyderabad_D1_F5"", ""Delhi--Hyderabad_D1_F6"", ""Delhi--Hyderabad_D1_F7"", ""Delhi--Hyderabad_D1_F6"", ""Delhi--Hyderabad_D1_F7"", ""Delhi--Hyderabad_D1_F6"", ""Delhi--Hyderabad_D1_F7"", ""Delhi--Hyderabad_D1_F8"", ""Delhi--Hyderabad_F1"", ""Delhi"", ""Delhi--Jaipur_D1_F1"", ""Delhi--Jaipur_D1_F2"", ""Delhi--Jaipur_D1_F3"", ""Delhi--Jaipur_D1_F4"", ""Delhi--Jaipur_D1_F5"", ""Delhi--Jaipur_D1_F6"", ""Delhi--Jaipur_D1_F5"", ""Delhi--Jaipur_D1_F6"", ""Delhi--Jaipur_D1_F5"", ""Delhi--Jaipur_D1_F4"", ""Delhi--Jaipur_D1_F3"", ""Delhi--Jaipur_D1_F2"", ""Delhi--Jaipur_D1_F1"", ""Delhi"", ""Delhi--Hyderabad_D1_F1"", ""Delhi--Hyderabad_D1_F2"", ""Delhi--Hyderabad_D1_F1"", ""Delhi"", ""Delhi--Kolkata_D1_F1"", ""Delhi"", ""Delhi--Jaipur_D1_F1"", ""Delhi--Jaipur_D1_F2"", ""Delhi--Jaipur_D1_F3"", ""Delhi--Jaipur_D1_F4"", ""Delhi--Jaipur_D1_F3"", ""Delhi--Jaipur_D1_F2"", ""Delhi--Jaipur_D1_F3"", ""Delhi--Jaipur_D1_F2"", ""Delhi--Jaipur_D1_F1"", ""Delhi"", ""Delhi--Hyderabad_F1"", ""Delhi--Hyderabad_F2"", ""Delhi--Hyderabad_D3_F1"", ""Delhi--Hyderabad_F2"", ""Delhi--Hyderabad_D3_F1"", ""Delhi--Hyderabad_F2"", ""Delhi--Hyderabad_D2_F8"", ""Delhi--Hyderabad_F2"", ""Delhi--Hyderabad_D2_F8"", ""Delhi--Hyderabad_F2"", ""Delhi--Hyderabad_F3"", ""Delhi--Hyderabad_F2"", ""Delhi--Hyderabad_D3_F1"", ""Delhi--Hyderabad_D3_F2"", ""Delhi--Hyderabad_D3_F1"", ""Delhi--Hyderabad_D3_F2"", ""Delhi--Hyderabad_D3_F1"", ""Delhi--Hyderabad_D3_F2"", ""Delhi--Hyderabad_D3_F3"", ""Delhi--Hyderabad_D3_F4"", ""Delhi--Hyderabad_D3_F3"", ""Delhi--Hyderabad_D3_F2"", ""Delhi--Hyderabad_D3_F1"", ""Delhi--Hyderabad_D3_F2"", ""Delhi--Hyderabad_D3_F3"", ""Delhi--Hyderabad_D3_F4"", ""Delhi--Hyderabad_D3_F5"", ""Delhi--Hyderabad_D3_F6"", ""Delhi--Hyderabad_D3_F7"", ""Delhi--Hyderabad_D3_F6"", ""Delhi--Hyderabad_D3_F7"", ""Delhi--Hyderabad_D3_F6"", ""Delhi--Hyderabad_D3_F5"", ""Delhi--Hyderabad_D3_F4"", ""Delhi--Hyderabad_D3_F3"", ""Delhi--Hyderabad_D3_F2"", ""Delhi--Hyderabad_D3_F1"", ""Delhi--Hyderabad_F2"", ""Delhi--Hyderabad_F3"", ""Delhi--Hyderabad_F4"", ""Delhi--Hyderabad_F5"", ""Delhi--Hyderabad_D5_F8"", ""Delhi--Hyderabad_D5_F7"", ""Delhi--Hyderabad_D5_F6"", ""Delhi--Hyderabad_D5_F5"", ""Delhi--Hyderabad_D5_F4"", ""Delhi--Hyderabad_D5_F3"", ""Delhi--Hyderabad_D5_F4"", ""Delhi--Hyderabad_D5_F5"", ""Delhi--Hyderabad_D5_F6"", ""Delhi--Hyderabad_D5_F5"", ""Delhi--Hyderabad_D5_F4"", ""Delhi--Hyderabad_D5_F5"", ""Delhi--Hyderabad_D5_F4"", ""Delhi--Hyderabad_D5_F5"", ""Delhi--Hyderabad_D5_F6"", ""Delhi--Hyderabad_D5_F7"", ""Delhi--Hyderabad_D5_F8"", ""Delhi--Hyderabad_F5"", ""Delhi--Hyderabad_F6"", ""Delhi--Hyderabad_D7_F1"", ""Delhi--Hyderabad_F6"", ""Delhi--Hyderabad_D6_F8"", ""Delhi--Hyderabad_F6"", ""Delhi--Hyderabad_D6_F8"", ""Delhi--Hyderabad_F6"", ""Delhi--Hyderabad_D7_F1"", ""Delhi--Hyderabad_D7_F2"", ""Delhi--Hyderabad_D7_F1"", ""Delhi--Hyderabad_D7_F2"", ""Delhi--Hyderabad_D7_F1"", ""Delhi--Hyderabad_D7_F2"", ""Delhi--Hyderabad_D7_F3"", ""Delhi--Hyderabad_D7_F2"", ""Delhi--Hyderabad_D7_F1"", ""Delhi--Hyderabad_F6"", ""Delhi--Hyderabad_D7_F1"", ""Delhi--Hyderabad_D7_F2"", ""Delhi--Hyderabad_D7_F3"", ""Delhi--Hyderabad_D7_F2"", ""Delhi--Hyderabad_D7_F1"", ""Delhi--Hyderabad_D7_F2"", ""Delhi--Hyderabad_D7_F3"", ""Delhi--Hyderabad_D7_F2"", ""Delhi--Hyderabad_D7_F3"", ""Delhi--Hyderabad_D7_F2"", ""Delhi--Hyderabad_D7_F3"", ""Delhi--Hyderabad_D7_F4"", ""Delhi--Hyderabad_D7_F5"", ""Delhi--Hyderabad_D7_F6"", ""Delhi--Hyderabad_D7_F7"", ""Delhi--Hyderabad_D7_F6"", ""Delhi--Hyderabad_D7_F5"", ""Delhi--Hyderabad_D7_F6"", ""Delhi--Hyderabad_D7_F7"", ""Delhi--Hyderabad_D7_F6"", ""Delhi--Hyderabad_D7_F5"", ""Delhi--Hyderabad_D7_F4"", ""Delhi--Hyderabad_D7_F5"", ""Delhi--Hyderabad_D7_F4"", ""Delhi--Hyderabad_D7_F5"", ""Delhi--Hyderabad_D7_F6"", ""Delhi--Hyderabad_D7_F7"", ""Delhi--Hyderabad_D7_F6"", ""Delhi--Hyderabad_D7_F5"", ""Delhi--Hyderabad_D7_F6"", ""Delhi--Hyderabad_D7_F5"", ""Delhi--Hyderabad_D7_F6"", ""Delhi--Hyderabad_D7_F5"", ""Delhi--Hyderabad_D7_F4"", ""Delhi--Hyderabad_D7_F5"", ""Delhi--Hyderabad_D7_F4"", ""Delhi--Hyderabad_D7_F5"", ""Delhi--Hyderabad_D7_F6"", ""Delhi--Hyderabad_D7_F7"", ""Delhi--Hyderabad_D7_F6"", ""Delhi--Hyderabad_D7_F5"", ""Delhi--Hyderabad_D7_F4"", ""Delhi--Hyderabad_D7_F5"", ""Delhi--Hyderabad_D7_F4"", ""Delhi--Hyderabad_D7_F3"", ""Delhi--Hyderabad_D7_F2"", ""Delhi--Hyderabad_D7_F1"", ""Delhi--Hyderabad_D7_F2"", ""Delhi--Hyderabad_D7_F1"", ""Delhi--Hyderabad_F6"", ""Delhi--Hyderabad_D7_F1"", ""Delhi--Hyderabad_F6"", ""Delhi--Hyderabad_D6_F8"", ""Delhi--Hyderabad_F6"", ""Delhi--Hyderabad_F7"", ""Delhi--Hyderabad_D7_F8"", ""Delhi--Hyderabad_F7"", ""Delhi--Hyderabad_D8_F1"", ""Delhi--Hyderabad_D8_F2"", ""Delhi--Hyderabad_D8_F1"", ""Delhi--Hyderabad_D8_F2"", ""Delhi--Hyderabad_D8_F3"", ""Delhi--Hyderabad_D8_F2"", ""Delhi--Hyderabad_D8_F1"", ""Delhi--Hyderabad_F7"", ""Delhi--Hyderabad_D7_F8"", ""Delhi--Hyderabad_F7"", ""Delhi--Hyderabad_F6"", ""Delhi--Hyderabad_F5"", ""Delhi--Hyderabad_D5_F8"", ""Delhi--Hyderabad_D5_F7"", ""Delhi--Hyderabad_D5_F6"", ""Delhi--Hyderabad_D5_F5"", ""Delhi--Hyderabad_D5_F4"", ""Delhi--Hyderabad_D5_F5"", ""Delhi--Hyderabad_D5_F6"", ""Delhi--Hyderabad_D5_F5"", ""Delhi--Hyderabad_D5_F6"", ""Delhi--Hyderabad_D5_F5"", ""Delhi--Hyderabad_D5_F4"", ""Delhi--Hyderabad_D5_F3"", ""Delhi--Hyderabad_D5_F2"", ""Delhi--Hyderabad_D5_F3"", ""Delhi--Hyderabad_D5_F4"", ""Delhi--Hyderabad_D5_F3"", ""Delhi--Hyderabad_D5_F4"", ""Delhi--Hyderabad_D5_F3"", ""Delhi--Hyderabad_D5_F2"", ""Delhi--Hyderabad_D5_F1"", ""Delhi--Hyderabad_D5_F2"", ""Delhi--Hyderabad_D5_F1"", ""Delhi--Hyderabad_F4"", ""Delhi--Hyderabad_D5_F1"", ""Delhi--Hyderabad_F4"", ""Delhi--Hyderabad_D4_F8"", ""Delhi--Hyderabad_F4"", ""Delhi--Hyderabad_F3"", ""Delhi--Hyderabad_F2"", ""Delhi--Hyderabad_F1"", ""Delhi"", ""Delhi--Kolkata_D1_F1"", ""Delhi--Kolkata_D1_F2"", ""Delhi--Kolkata_D1_F3"", ""Delhi--Kolkata_D1_F2"", ""Delhi--Kolkata_D1_F3"", ""Delhi--Kolkata_D1_F4"", ""Delhi--Kolkata_D1_F3"", ""Delhi--Kolkata_D1_F4"", ""Delhi--Kolkata_D1_F3"", ""Delhi--Kolkata_D1_F4"", ""Delhi--Kolkata_D1_F3"", ""Delhi--Kolkata_D1_F4"", ""Delhi--Kolkata_D1_F5"", ""Delhi--Kolkata_D1_F6"", ""Delhi--Kolkata_D1_F5"", ""Delhi--Kolkata_D1_F4"", ""Delhi--Kolkata_D1_F3"", ""Delhi--Kolkata_D1_F4"", ""Delhi--Kolkata_D1_F5"", ""Delhi--Kolkata_D1_F4"", ""Delhi--Kolkata_D1_F3"", ""Delhi--Kolkata_D1_F4"", ""Delhi--Kolkata_D1_F5"", ""Delhi--Kolkata_D1_F6"", ""Delhi--Kolkata_D1_F7"", ""Delhi--Kolkata_D1_F8"", ""Delhi--Kolkata_D1_F7"", ""Delhi--Kolkata_D1_F6"", ""Delhi--Kolkata_D1_F5"", ""Delhi--Kolkata_D1_F4"", ""Delhi--Kolkata_D1_F5"", ""Delhi--Kolkata_D1_F6"", ""Delhi--Kolkata_D1_F7"", ""Delhi--Kolkata_D1_F6"", ""Delhi--Kolkata_D1_F7"", ""Delhi--Kolkata_D1_F6"", ""Delhi--Kolkata_D1_F7"", ""Delhi--Kolkata_D1_F8"", ""Delhi--Kolkata_F1"", ""Delhi--Kolkata_D1_F8"", ""Delhi--Kolkata_D1_F7"", ""Delhi--Kolkata_D1_F8"", ""Delhi--Kolkata_D1_F7"", ""Delhi--Kolkata_D1_F6"", ""Delhi--Kolkata_D1_F7"", ""Delhi--Kolkata_D1_F6"", ""Delhi--Kolkata_D1_F5"", ""Delhi--Kolkata_D1_F4"", ""Delhi--Kolkata_D1_F3"", ""Delhi--Kolkata_D1_F2"", ""Delhi--Kolkata_D1_F3"", ""Delhi--Kolkata_D1_F2"", ""Delhi--Kolkata_D1_F3"", ""Delhi--Kolkata_D1_F4"", ""Delhi--Kolkata_D1_F3"", ""Delhi--Kolkata_D1_F2"", ""Delhi--Kolkata_D1_F3"", ""Delhi--Kolkata_D1_F2"", ""Delhi--Kolkata_D1_F3"", ""Delhi--Kolkata_D1_F2"", ""Delhi--Kolkata_D1_F1"", ""Delhi--Kolkata_D1_F2"", ""Delhi--Kolkata_D1_F3"", ""Delhi--Kolkata_D1_F2"", ""Delhi--Kolkata_D1_F3"", ""Delhi--Kolkata_D1_F2""]"
Dijkstra-km,summer,70002,Delhi,Chennai,False,,107.23284793410681,16,178,178,0,0,0,0,178,"[""Delhi"", ""Delhi--Hyderabad_D1_F1"", ""Delhi--Hyderabad_D1_F2"", ""Delhi--Hyderabad_D1_F3"", ""Delhi--Hyderabad_D1_F4"", ""Delhi--Hyderabad_D1_F5"", ""Delhi--Hyderabad_D1_F6"", ""Delhi--Hyderabad_D1_F7"", ""Delhi--Hyderabad_D1_F8"", ""Delhi--Hyderabad_F1"", ""Delhi--Hyderabad_D2_F1"", ""Delhi--Hyderabad_D2_F2"", ""Delhi--Hyderabad_D2_F3"", ""Delhi--Hyderabad_D2_F4"", ""Delhi--Hyderabad_D2_F5"", ""Delhi--Hyderabad_D2_F6"", ""Delhi--Hyderabad_D2_F7"", ""Delhi--Hyderabad_D2_F8"", ""Delhi--Hyderabad_F2"", ""Delhi--Hyderabad_D3_F1"", ""Delhi--Hyderabad_D3_F2"", ""Delhi--Hyderabad_D3_F3"", ""Delhi--Hyderabad_D3_F4"", ""Delhi--Hyderabad_D3_F5"", ""Delhi--Hyderabad_D3_F6"", ""Delhi--Hyderabad_D3_F7"", ""Delhi--Hyderabad_D3_F8"", ""Delhi--Hyderabad_F3"", ""Delhi--Hyderabad_D4_F1"", ""Delhi--Hyderabad_D4_F2"", ""Delhi--Hyderabad_D4_F3"", ""Delhi--Hyderabad_D4_F4"", ""Delhi--Hyderabad_D4_F5"", ""Delhi--Hyderabad_D4_F6"", ""Delhi--Hyderabad_D4_F7"", ""Delhi--Hyderabad_D4_F8"", ""Delhi--Hyderabad_F4"", ""Delhi--Hyderabad_D5_F1"", ""Delhi--Hyderabad_D5_F2"", ""Delhi--Hyderabad_D5_F3"", ""Delhi--Hyderabad_D5_F4"", ""Delhi--Hyderabad_D5_F5"", ""Delhi--Hyderabad_D5_F6"", ""Delhi--Hyderabad_D5_F7"", ""Delhi--Hyderabad_D5_F8"", ""Delhi--Hyderabad_F5"", ""Delhi--Hyderabad_D6_F1"", ""Delhi--Hyderabad_D6_F2"", ""Delhi--Hyderabad_D6_F3"", ""Delhi--Hyderabad_D6_F4"", ""Delhi--Hyderabad_D6_F5"", ""Delhi--Hyderabad_D6_F6"", ""Delhi--Hyderabad_D6_F7"", ""Delhi--Hyderabad_D6_F8"", ""Delhi--Hyderabad_F6"", ""Delhi--Hyderabad_D7_F1"", ""Delhi--Hyderabad_D7_F2"", ""Delhi--Hyderabad_D7_F3"", ""Delhi--Hyderabad_D7_F4"", ""Delhi--Hyderabad_D7_F5"", ""Delhi--Hyderabad_D7_F6"", ""Delhi--Hyderabad_D7_F7"", ""Delhi--Hyderabad_D7_F8"", ""Delhi--Hyderabad_F7"", ""Delhi--Hyderabad_D8_F1"", ""Delhi--Hyderabad_D8_F2"", ""Delhi--Hyderabad_D8_F3"", ""Delhi--Hyderabad_D8_F4"", ""Delhi--Hyderabad_D8_F5"", ""Delhi--Hyderabad_D8_F6"", ""Delhi--Hyderabad_D8_F7"", ""Delhi--Hyderabad_D8_F8"", ""Delhi--Hyderabad_F8"", ""Delhi--Hyderabad_D9_F1"", ""Delhi--Hyderabad_D9_F2"", ""Delhi--Hyderabad_D9_F3"", ""Delhi--Hyderabad_D9_F4"", ""Delhi--Hyderabad_D9_F5"", ""Delhi--Hyderabad_D9_F6"", ""Delhi--Hyderabad_D9_F7"", ""Delhi--Hyderabad_D9_F8"", ""Delhi--Hyderabad_F9"", ""Delhi--Hyderabad_D10_F1"", ""Delhi--Hyderabad_D10_F2"", ""Delhi--Hyderabad_D10_F3"", ""Delhi--Hyderabad_D10_F4"", ""Delhi--Hyderabad_D10_F5"", ""Delhi--Hyderabad_D10_F6"", ""Delhi--Hyderabad_D10_F7"", ""Delhi--Hyderabad_D10_F8"", ""Delhi--Hyderabad_F10"", ""Delhi--Hyderabad_D11_F1"", ""Delhi--Hyderabad_D11_F2"", ""Delhi--Hyderabad_D11_F3"", ""Delhi--Hyderabad_D11_F4"", ""Delhi--Hyderabad_D11_F5"", ""Delhi--Hyderabad_D11_F6"", ""Delhi--Hyderabad_D11_F7"", ""Delhi--Hyderabad_D11_F8"", ""Delhi--Hyderabad_F11"", ""Delhi--Hyderabad_D12_F1"", ""Delhi--Hyderabad_D12_F2"", ""Delhi--Hyderabad_D12_F3"", ""Delhi--Hyderabad_D12_F4"", ""Delhi--Hyderabad_D12_F5"", ""Delhi--Hyderabad_D12_F6"", ""Delhi--Hyderabad_D12_F7"", ""Delhi--Hyderabad_D12_F8"", ""Delhi--Hyderabad_F12"", ""Delhi--Hyderabad_D13_F1"", ""Delhi--Hyderabad_D13_F2"", ""Delhi--Hyderabad_D13_F3"", ""Delhi--Hyderabad_D13_F4"", ""Delhi--Hyderabad_D13_F5"", ""Delhi--Hyderabad_D13_F6"", ""Delhi--Hyderabad_D13_F7"", ""Delhi--Hyderabad_D13_F8"", ""Delhi--Hyderabad_F13"", ""Delhi--Hyderabad_D14_F1"", ""Delhi--Hyderabad_D14_F2"", ""Delhi--Hyderabad_D14_F3"", ""Delhi--Hyderabad_D14_F4"", ""Delhi--Hyderabad_D14_F5"", ""Delhi--Hyderabad_D14_F6"", ""Delhi--Hyderabad_D14_F7"", ""Delhi--Hyderabad_D14_F8"", ""Delhi--Hyderabad_F14"", ""Delhi--Hyderabad_D15_F1"", ""Delhi--Hyderabad_D15_F2"", ""Delhi--Hyderabad_D15_F3"", ""Delhi--Hyderabad_D15_F4"", ""Delhi--Hyderabad_D15_F5"", ""Delhi--Hyderabad_D15_F6"", ""Delhi--Hyderabad_D15_F7"", ""Delhi--Hyderabad_D15_F8"", ""Delhi--Hyderabad_F15"", ""Delhi--Hyderabad_D16_F1"", ""Delhi--Hyderabad_D16_F2"", ""Delhi--Hyderabad_D16_F3"", ""Delhi--Hyderabad_D16_F4"", ""Delhi--Hyderabad_D16_F5"", ""Delhi--Hyderabad_D16_F6"", ""Delhi--Hyderabad_D16_F7"", ""Delhi--Hyderabad_D16_F8"", ""Delhi--Hyderabad_F16"", ""Delhi--Hyderabad_D17_F1"", ""Delhi--Hyderabad_D17_F2"", ""Delhi--Hyderabad_D17_F3"", ""Delhi--Hyderabad_D17_F4"", ""Delhi--Hyderabad_D17_F5"", ""Delhi--Hyderabad_D17_F6"", ""Delhi--Hyderabad_D17_F7"", ""Delhi--Hyderabad_D17_F8"", ""Delhi--Hyderabad_F17"", ""Delhi--Hyderabad_D18_F1"", ""Delhi--Hyderabad_D18_F2"", ""Delhi--Hyderabad_D18_F3"", ""Delhi--Hyderabad_D18_F4"", ""Delhi--Hyderabad_D18_F5"", ""Delhi--Hyderabad_D18_F6"", ""Delhi--Hyderabad_D18_F7"", ""Delhi--Hyderabad_D18_F8"", ""Delhi--Hyderabad_F18"", ""Delhi--Hyderabad_D18_F8"", ""Delhi--Hyderabad_F18"", ""Delhi--Hyderabad_D18_F8"", ""Delhi--Hyderabad_F18"", ""Delhi--Hyderabad_D18_F8"", ""Delhi--Hyderabad_F18"", ""Delhi--Hyderabad_D18_F8"", ""Delhi--Hyderabad_F18"", ""Delhi--Hyderabad_D18_F8"", ""Delhi--Hyderabad_F18"", ""Delhi--Hyderabad_D18_F8"", ""Delhi--Hyderabad_F18"", ""Delhi--Hyderabad_D18_F8"", ""Delhi--Hyderabad_F18"", ""Delhi--Hyderabad_D18_F8"", ""Delhi--Hyderabad_F18""]"
BFS-hop,summer,70002,Delhi,Chennai,True,28,4.438360311244686,0,28,28,0,0,0,28,0,"[""Delhi"", ""Delhi--Hyderabad_F1"", ""Delhi--Hyderabad_F2"", ""Delhi--Hyderabad_F3"", ""Delhi--Hyderabad_F4"", ""Delhi--Hyderabad_F5"", ""Delhi--Hyderabad_F6"", ""Delhi--Hyderabad_F7"", ""Delhi--Hyderabad_F8"", ""Delhi--Hyderabad_F9"", ""Delhi--Hyderabad_F10"", ""Delhi--Hyderabad_F11"", ""Delhi--Hyderabad_F12"", ""Delhi--Hyderabad_F13"", ""Delhi--Hyderabad_F14"", ""Delhi--Hyderabad_F15"", ""Delhi--Hyderabad_F16"", ""Delhi--Hyderabad_F17"", ""Delhi--Hyderabad_F18"", ""Delhi--Hyderabad_F19"", ""Hyderabad"", ""Chennai--Hyderabad_F7"", ""Chennai--Hyderabad_F6"", ""Chennai--Hyderabad_F5"", ""Chennai--Hyderabad_F4"", ""Chennai--Hyderabad_F3"", ""Chennai--Hyderabad_F2"", ""Chennai--Hyderabad_F1"", ""Chennai""]"
Max-SKR,summer,70002,Delhi,Chennai,False,,-128.57731697103617,81,97,97,0,0,0,0,97,"[""Delhi"", ""Delhi--Hyderabad_D1_F1"", ""Delhi"", ""Delhi--Jaipur_D1_F1"", ""Delhi--Jaipur_D1_F2"", ""Delhi--Jaipur_D1_F3"", ""Delhi--Jaipur_D1_F4"", ""Delhi--Jaipur_D1_F3"", ""Delhi--Jaipur_D1_F4"", ""Delhi--Jaipur_D1_F3"", ""Delhi--Jaipur_D1_F2"", ""Delhi--Jaipur_D1_F1"", ""Delhi"", ""Delhi--Kolkata_D1_F1"", ""Delhi"", ""Delhi--Hyderabad_D1_F1"", ""Delhi--Hyderabad_D1_F2"", ""Delhi--Hyderabad_D1_F3"", ""Delhi--Hyderabad_D1_F4"", ""Delhi--Hyderabad_D1_F3"", ""Delhi--Hyderabad_D1_F2"", ""Delhi--Hyderabad_D1_F3"", ""Delhi--Hyderabad_D1_F4"", ""Delhi--Hyderabad_D1_F5"", ""Delhi--Hyderabad_D1_F6"", ""Delhi--Hyderabad_D1_F7"", ""Delhi--Hyderabad_D1_F8"", ""Delhi--Hyderabad_D1_F7"", ""Delhi--Hyderabad_D1_F8"", ""Delhi--Hyderabad_D1_F7"", ""Delhi--Hyderabad_D1_F6"", ""Delhi--Hyderabad_D1_F5"", ""Delhi--Hyderabad_D1_F4"", ""Delhi--Hyderabad_D1_F5"", ""Delhi--Hyderabad_D1_F6"", ""Delhi--Hyderabad_D1_F5"", ""Delhi--Hyderabad_D1_F6"", ""Delhi--Hyderabad_D1_F7"", ""Delhi--Hyderabad_D1_F6"", ""Delhi--Hyderabad_D1_F7"", ""Delhi--Hyderabad_D1_F8"", ""Delhi--Hyderabad_F1"", ""Delhi--Hyderabad_D2_F1"", ""Delhi--Hyderabad_F1"", ""Delhi--Hyderabad_D2_F1"", ""Delhi--Hyderabad_D2_F2"", ""Delhi--Hyderabad_D2_F1"", ""Delhi--Hyderabad_F1"", ""Delhi--Hyderabad_D2_F1"", ""Delhi--Hyderabad_F1"", ""Delhi--Hyderabad_D2_F1"", ""Delhi--Hyderabad_D2_F2"", ""Delhi--Hyderabad_D2_F1"", ""Delhi--Hyderabad_F1"", ""Delhi--Hyderabad_D1_F8"", ""Delhi--Hyderabad_F1"", ""Delhi--Hyderabad_D1_F8"", ""Delhi--Hyderabad_D1_F7"", ""Delhi--Hyderabad_D1_F6"", ""Delhi--Hyderabad_D1_F5"", ""Delhi--Hyderabad_D1_F6"", ""Delhi--Hyderabad_D1_F5"", ""Delhi--Hyderabad_D1_F4"", ""Delhi--Hyderabad_D1_F5"", ""Delhi--Hyderabad_D1_F4"", ""Delhi--Hyderabad_D1_F5"", ""Delhi--Hyderabad_D1_F4"", ""Delhi--Hyderabad_D1_F3"", ""Delhi--Hyderabad_D1_F4"", ""Delhi--Hyderabad_D1_F3"", ""Delhi--Hyderabad_D1_F2"", ""Delhi--Hyderabad_D1_F1"", ""Delhi--Hyderabad_D1_F2"", ""Delhi--Hyderabad_D1_F1"", ""Delhi--Hyderabad_D1_F2"", ""Delhi--Hyderabad_D1_F3"", ""Delhi--Hyderabad_D1_F4"", ""Delhi--Hyderabad_D1_F5"", ""Delhi--Hyderabad_D1_F4"", ""Delhi--Hyderabad_D1_F5"", ""Delhi--Hyderabad_D1_F4"", ""Delhi--Hyderabad_D1_F5"", ""Delhi--Hyderabad_D1_F6"", ""Delhi--Hyderabad_D1_F5"", ""Delhi--Hyderabad_D1_F6"", ""Delhi--Hyderabad_D1_F7"", ""Delhi--Hyderabad_D1_F6"", ""Delhi--Hyderabad_D1_F7"", ""Delhi--Hyderabad_D1_F8"", ""Delhi--Hyderabad_D1_F7"", ""Delhi--Hyderabad_D1_F6"", ""Delhi--Hyderabad_D1_F7"", ""Delhi--Hyderabad_D1_F6"", ""Delhi--Hyderabad_D1_F5"", ""Delhi--Hyderabad_D1_F4"", ""Delhi--Hyderabad_D1_F5"", ""Delhi--Hyderabad_D1_F4"", ""Delhi--Hyderabad_D1_F5""]"
GNN-PPO,summer,70003,Delhi,Chennai,True,28,4.438360311244686,0,28,28,0,0,0,28,0,"[""Delhi"", ""Delhi--Hyderabad_F1"", ""Delhi--Hyderabad_F2"", ""Delhi--Hyderabad_F3"", ""Delhi--Hyderabad_F4"", ""Delhi--Hyderabad_F5"", ""Delhi--Hyderabad_F6"", ""Delhi--Hyderabad_F7"", ""Delhi--Hyderabad_F8"", ""Delhi--Hyderabad_F9"", ""Delhi--Hyderabad_F10"", ""Delhi--Hyderabad_F11"", ""Delhi--Hyderabad_F12"", ""Delhi--Hyderabad_F13"", ""Delhi--Hyderabad_F14"", ""Delhi--Hyderabad_F15"", ""Delhi--Hyderabad_F16"", ""Delhi--Hyderabad_F17"", ""Delhi--Hyderabad_F18"", ""Delhi--Hyderabad_F19"", ""Hyderabad"", ""Chennai--Hyderabad_F7"", ""Chennai--Hyderabad_F6"", ""Chennai--Hyderabad_F5"", ""Chennai--Hyderabad_F4"", ""Chennai--Hyderabad_F3"", ""Chennai--Hyderabad_F2"", ""Chennai--Hyderabad_F1"", ""Chennai""]"
Random,summer,70003,Delhi,Chennai,False,,-544.0079465655583,294,365,365,0,1,0,43,322,"[""Delhi"", ""Delhi--Jaipur_F1"", ""Delhi--Jaipur_D1_F8"", ""Delhi--Jaipur_D1_F7"", ""Delhi--Jaipur_D1_F8"", ""Delhi--Jaipur_D1_F7"", ""Delhi--Jaipur_D1_F6"", ""Delhi--Jaipur_D1_F7"", ""Delhi--Jaipur_D1_F8"", ""Delhi--Jaipur_F1"", ""Delhi--Jaipur_F2"", ""Delhi--Jaipur_F1"", ""Delhi--Jaipur_F2"", ""Delhi--Jaipur_D3_F1"", ""Delhi--Jaipur_D3_F2"", ""Delhi--Jaipur_D3_F1"", ""Delhi--Jaipur_F2"", ""Delhi--Jaipur_F1"", ""Delhi--Jaipur_D1_F8"", ""Delhi--Jaipur_F1"", ""Delhi"", ""Delhi--Kolkata_F1"", ""Delhi--Kolkata_D1_F8"", ""Delhi--Kolkata_F1"", ""Delhi--Kolkata_D1_F8"", ""Delhi--Kolkata_D1_F7"", ""Delhi--Kolkata_D1_F6"", ""Delhi--Kolkata_D1_F7"", ""Delhi--Kolkata_D1_F6"", ""Delhi--Kolkata_D1_F7"", ""Delhi--Kolkata_D1_F8"", ""Delhi--Kolkata_F1"", ""Delhi"", ""Delhi--Kolkata_D1_F1"", ""Delhi--Kolkata_D1_F2"", ""Delhi--Kolkata_D1_F1"", ""Delhi--Kolkata_D1_F2"", ""Delhi--Kolkata_D1_F3"", ""Delhi--Kolkata_D1_F2"", ""Delhi--Kolkata_D1_F3"", ""Delhi--Kolkata_D1_F2"", ""Delhi--Kolkata_D1_F3"", ""Delhi--Kolkata_D1_F4"", ""Delhi--Kolkata_D1_F5"", ""Delhi--Kolkata_D1_F4"", ""Delhi--Kolkata_D1_F3"", ""Delhi--Kolkata_D1_F2"", ""Delhi--Kolkata_D1_F3"", ""Delhi--Kolkata_D1_F4"", ""Delhi--Kolkata_D1_F3"", ""Delhi--Kolkata_D1_F4"", ""Delhi--Kolkata_D1_F5"", ""Delhi--Kolkata_D1_F4"", ""Delhi--Kolkata_D1_F3"", ""Delhi--Kolkata_D1_F4"", ""Delhi--Kolkata_D1_F3"", ""Delhi--Kolkata_D1_F2"", ""Delhi--Kolkata_D1_F1"", ""Delhi"", ""Delhi--Jaipur_D1_F1"", ""Delhi"", ""Delhi--Kolkata_F1"", ""Delhi--Kolkata_F2"", ""Delhi--Kolkata_D3_F1"", ""Delhi--Kolkata_D3_F2"", ""Delhi--Kolkata_D3_F1"", ""Delhi--Kolkata_F2"", ""Delhi--Kolkata_D3_F1"", ""Delhi--Kolkata_F2"", ""Delhi--Kolkata_D2_F8"", ""Delhi--Kolkata_D2_F7"", ""Delhi--Kolkata_D2_F6"", ""Delhi--Kolkata_D2_F5"", ""Delhi--Kolkata_D2_F4"", ""Delhi--Kolkata_D2_F5"", ""Delhi--Kolkata_D2_F6"", ""Delhi--Kolkata_D2_F7"", ""Delhi--Kolkata_D2_F8"", ""Delhi--Kolkata_D2_F7"", ""Delhi--Kolkata_D2_F6"", ""Delhi--Kolkata_D2_F5"", ""Delhi--Kolkata_D2_F4"", ""Delhi--Kolkata_D2_F3"", ""Delhi--Kolkata_D2_F4"", ""Delhi--Kolkata_D2_F5"", ""Delhi--Kolkata_D2_F6"", ""Delhi--Kolkata_D2_F7"", ""Delhi--Kolkata_D2_F8"", ""Delhi--Kolkata_D2_F7"", ""Delhi--Kolkata_D2_F8"", ""Delhi--Kolkata_D2_F7"", ""Delhi--Kolkata_D2_F6"", ""Delhi--Kolkata_D2_F5"", ""Delhi--Kolkata_D2_F6"", ""Delhi--Kolkata_D2_F7"", ""Delhi--Kolkata_D2_F6"", ""Delhi--Kolkata_D2_F7"", ""Delhi--Kolkata_D2_F8"", ""Delhi--Kolkata_D2_F7"", ""Delhi--Kolkata_D2_F8"", ""Delhi--Kolkata_F2"", ""Delhi--Kolkata_F1"", ""Delhi--Kolkata_D2_F1"", ""Delhi--Kolkata_D2_F2"", ""Delhi--Kolkata_D2_F1"", ""Delhi--Kolkata_D2_F2"", ""Delhi--Kolkata_D2_F1"", ""Delhi--Kolkata_F1"", ""Delhi--Kolkata_D2_F1"", ""Delhi--Kolkata_F1"", ""Delhi--Kolkata_D1_F8"", ""Delhi--Kolkata_D1_F7"", ""Delhi--Kolkata_D1_F6"", ""Delhi--Kolkata_D1_F5"", ""Delhi--Kolkata_D1_F4"", ""Delhi--Kolkata_D1_F3"", ""Delhi--Kolkata_D1_F4"", ""Delhi--Kolkata_D1_F3"", ""Delhi--Kolkata_D1_F4"", ""Delhi--Kolkata_D1_F5"", ""Delhi--Kolkata_D1_F6"", ""Delhi--Kolkata_D1_F7"", ""Delhi--Kolkata_D1_F8"", ""Delhi--Kolkata_F1"", ""Delhi--Kolkata_F2"", ""Delhi--Kolkata_F3"", ""Delhi--Kolkata_F2"", ""Delhi--Kolkata_F3"", ""Delhi--Kolkata_D4_F1"", ""Delhi--Kolkata_F3"", ""Delhi--Kolkata_D3_F8"", ""Delhi--Kolkata_D3_F7"", ""Delhi--Kolkata_D3_F6"", ""Delhi--Kolkata_D3_F7"", ""Delhi--Kolkata_D3_F8"", ""Delhi--Kolkata_D3_F7"", ""Delhi--Kolkata_D3_F8"", ""Delhi--Kolkata_D3_F7"", ""Delhi--Kolkata_D3_F6"", ""Delhi--Kolkata_D3_F7"", ""Delhi--Kolkata_D3_F6"", ""Delhi--Kolkata_D3_F5"", ""Delhi--Kolkata_D3_F6"", ""Delhi--Kolkata_D3_F5"", ""Delhi--Kolkata_D3_F4"", ""Delhi--Kolkata_D3_F5"", ""Delhi--Kolkata_D3_F6"", ""Delhi--Kolkata_D3_F7"", ""Delhi--Kolkata_D3_F8"", ""Delhi--Kolkata_D3_F7"", ""Delhi--Kolkata_D3_F6"", ""Delhi--Kolkata_D3_F7"", ""Delhi--Kolkata_D3_F8"", ""Delhi--Kolkata_F3"", ""Delhi--Kolkata_F2"", ""Delhi--Kolkata_D3_F1"", ""Delhi--Kolkata_D3_F2"", ""Delhi--Kolkata_D3_F1"", ""Delhi--Kolkata_D3_F2"", ""Delhi--Kolkata_D3_F3"", ""Delhi--Kolkata_D3_F2"", ""Delhi--Kolkata_D3_F3"", ""Delhi--Kolkata_D3_F2"", ""Delhi--Kolkata_D3_F3"", ""Delhi--Kolkata_D3_F4"", ""Delhi--Kolkata_D3_F5"", ""Delhi--Kolkata_D3_F6"", ""Delhi--Kolkata_D3_F5"", ""Delhi--Kolkata_D3_F4"", ""Delhi--Kolkata_D3_F5"", ""Delhi--Kolkata_D3_F4"", ""Delhi--Kolkata_D3_F3"", ""Delhi--Kolkata_D3_F4"", ""Delhi--Kolkata_D3_F5"", ""Delhi--Kolkata_D3_F6"", ""Delhi--Kolkata_D3_F7"", ""Delhi--Kolkata_D3_F8"", ""Delhi--Kolkata_F3"", ""Delhi--Kolkata_F2"", ""Delhi--Kolkata_F1"", ""Delhi--Kolkata_D1_F8"", ""Delhi--Kolkata_D1_F7"", ""Delhi--Kolkata_D1_F8"", ""Delhi--Kolkata_F1"", ""Delhi"", ""Delhi--Jaipur_F1"", ""Delhi--Jaipur_D1_F8"", ""Delhi--Jaipur_F1"", ""Delhi--Jaipur_F2"", ""Delhi--Jaipur_F1"", ""Delhi--Jaipur_D1_F8"", ""Delhi--Jaipur_F1"", ""Delhi--Jaipur_D2_F1"", ""Delhi--Jaipur_F1"", ""Delhi"", ""Delhi--Jaipur_F1"", ""Delhi--Jaipur_D1_F8"", ""Delhi--Jaipur_D1_F7"", ""Delhi--Jaipur_D1_F6"", ""Delhi--Jaipur_D1_F5"", ""Delhi--Jaipur_D1_F4"", ""Delhi--Jaipur_D1_F3"", ""Delhi--Jaipur_D1_F2"", ""Delhi--Jaipur_D1_F3"", ""Delhi--Jaipur_D1_F4"", ""Delhi--Jaipur_D1_F3"", ""Delhi--Jaipur_D1_F2"", ""Delhi--Jaipur_D1_F1"", ""Delhi"", ""Delhi--Kolkata_D1_F1"", ""Delhi--Kolkata_D1_F2"", ""Delhi--Kolkata_D1_F1"", ""Delhi"", ""Delhi--Hyderabad_F1"", ""Delhi--Hyderabad_D2_F1"", ""Delhi--Hyderabad_F1"", ""Delhi--Hyderabad_F2"", ""Delhi--Hyderabad_F3"", ""Delhi--Hyderabad_F2"", ""Delhi--Hyderabad_D2_F8"", ""Delhi--Hyderabad_F2"", ""Delhi--Hyderabad_D2_F8"", ""Delhi--Hyderabad_F2"", ""Delhi--Hyderabad_D3_F1"", ""Delhi--Hyderabad_D3_F2"", ""Delhi--Hyderabad_D3_F1"", ""Delhi--Hyderabad_D3_F2"", ""Delhi--Hyderabad_D3_F3"", ""Delhi--Hyderabad_D3_F4"", ""Delhi--Hyderabad_D3_F5"", ""Delhi--Hyderabad_D3_F4"", ""Delhi--Hyderabad_D3_F5"", ""Delhi--Hyderabad_D3_F4"", ""Delhi--Hyderabad_D3_F3"", ""Delhi--Hyderabad_D3_F4"", ""Delhi--Hyderabad_D3_F3"", ""Delhi--Hyderabad_D3_F2"", ""Delhi--Hyderabad_D3_F1"", ""Delhi--Hyderabad_F2"", ""Delhi--Hyderabad_D2_F8"", ""Delhi--Hyderabad_D2_F7"", ""Delhi--Hyderabad_D2_F8"", ""Delhi--Hyderabad_D2_F7"", ""Delhi--Hyderabad_D2_F8"", ""Delhi--Hyderabad_F2"", ""Delhi--Hyderabad_F3"", ""Delhi--Hyderabad_F4"", ""Delhi--Hyderabad_F3"", ""Delhi--Hyderabad_F4"", ""Delhi--Hyderabad_F3"", ""Delhi--Hyderabad_F4"", ""Delhi--Hyderabad_F5"", ""Delhi--Hyderabad_F4"", ""Delhi--Hyderabad_D5_F1"", ""Delhi--Hyderabad_F4"", ""Delhi--Hyderabad_F5"", ""Delhi--Hyderabad_F6"", ""Delhi--Hyderabad_D6_F8"", ""Delhi--Hyderabad_D6_F7"", ""Delhi--Hyderabad_D6_F8"", ""Delhi--Hyderabad_D6_F7"", ""Delhi--Hyderabad_D6_F6"", ""Delhi--Hyderabad_D6_F5"", ""Delhi--Hyderabad_D6_F6"", ""Delhi--Hyderabad_D6_F5"", ""Delhi--Hyderabad_D6_F4"", ""Delhi--Hyderabad_D6_F5"", ""Delhi--Hyderabad_D6_F6"", ""Delhi--Hyderabad_D6_F5"", ""Delhi--Hyderabad_D6_F4"", ""Delhi--Hyderabad_D6_F3"", ""Delhi--Hyderabad_D6_F4"", ""Delhi--Hyderabad_D6_F3"", ""Delhi--Hyderabad_D6_F2"", ""Delhi--Hyderabad_D6_F1"", ""Delhi--Hyderabad_F5"", ""Delhi--Hyderabad_D6_F1"", ""Delhi--Hyderabad_F5"", ""Delhi--Hyderabad_D6_F1"", ""Delhi--Hyderabad_D6_F2"", ""Delhi--Hyderabad_D6_F1"", ""Delhi--Hyderabad_D6_F2"", ""Delhi--Hyderabad_D6_F1"", ""Delhi--Hyderabad_D6_F2"", ""Delhi--Hyderabad_D6_F3"", ""Delhi--Hyderabad_D6_F4"", ""Delhi--Hyderabad_D6_F3"", ""Delhi--Hyderabad_D6_F4"", ""Delhi--Hyderabad_D6_F5"", ""Delhi--Hyderabad_D6_F4"", ""Delhi--Hyderabad_D6_F5"", ""Delhi--Hyderabad_D6_F4"", ""Delhi--Hyderabad_D6_F3"", ""Delhi--Hyderabad_D6_F4"", ""Delhi--Hyderabad_D6_F5"", ""Delhi--Hyderabad_D6_F6"", ""Delhi--Hyderabad_D6_F7"", ""Delhi--Hyderabad_D6_F6"", ""Delhi--Hyderabad_D6_F7"", ""Delhi--Hyderabad_D6_F6"", ""Delhi--Hyderabad_D6_F7"", ""Delhi--Hyderabad_D6_F6"", ""Delhi--Hyderabad_D6_F5"", ""Delhi--Hyderabad_D6_F6"", ""Delhi--Hyderabad_D6_F7"", ""Delhi--Hyderabad_D6_F8"", ""Delhi--Hyderabad_F6"", ""Delhi--Hyderabad_F5"", ""Delhi--Hyderabad_F4"", ""Delhi--Hyderabad_F5"", ""Delhi--Hyderabad_D5_F8"", ""Delhi--Hyderabad_D5_F7"", ""Delhi--Hyderabad_D5_F6"", ""Delhi--Hyderabad_D5_F5"", ""Delhi--Hyderabad_D5_F6"", ""Delhi--Hyderabad_D5_F5"", ""Delhi--Hyderabad_D5_F6"", ""Delhi--Hyderabad_D5_F5"", ""Delhi--Hyderabad_D5_F4"", ""Delhi--Hyderabad_D5_F5"", ""Delhi--Hyderabad_D5_F6"", ""Delhi--Hyderabad_D5_F5"", ""Delhi--Hyderabad_D5_F4"", ""Delhi--Hyderabad_D5_F5"", ""Delhi--Hyderabad_D5_F6"", ""Delhi--Hyderabad_D5_F5"", ""Delhi--Hyderabad_D5_F4"", ""Delhi--Hyderabad_D5_F3"", ""Delhi--Hyderabad_D5_F2"", ""Delhi--Hyderabad_D5_F1"", ""Delhi--Hyderabad_F4"", ""Delhi--Hyderabad_F5"", ""Delhi--Hyderabad_F6"", ""Delhi--Hyderabad_D6_F8"", ""Delhi--Hyderabad_D6_F7"", ""Delhi--Hyderabad_D6_F6"", ""Delhi--Hyderabad_D6_F5"", ""Delhi--Hyderabad_D6_F4"", ""Delhi--Hyderabad_D6_F3"", ""Delhi--Hyderabad_D6_F4"", ""Delhi--Hyderabad_D6_F3"", ""Delhi--Hyderabad_D6_F2"", ""Delhi--Hyderabad_D6_F1"", ""Delhi--Hyderabad_F5"", ""Delhi--Hyderabad_D6_F1"", ""Delhi--Hyderabad_D6_F2"", ""Delhi--Hyderabad_D6_F3"", ""Delhi--Hyderabad_D6_F4"", ""Delhi--Hyderabad_D6_F5"", ""Delhi--Hyderabad_D6_F6"", ""Delhi--Hyderabad_D6_F5"", ""Delhi--Hyderabad_D6_F4"", ""Delhi--Hyderabad_D6_F3"", ""Delhi--Hyderabad_D6_F4"", ""Delhi--Hyderabad_D6_F3"", ""Delhi--Hyderabad_D6_F2"", ""Delhi--Hyderabad_D6_F3"", ""Delhi--Hyderabad_D6_F2"", ""Delhi--Hyderabad_D6_F3"", ""Delhi--Hyderabad_D6_F2"", ""Delhi--Hyderabad_D6_F1"", ""Delhi--Hyderabad_D6_F2"", ""Delhi--Hyderabad_D6_F3"", ""Delhi--Hyderabad_D6_F2"", ""Delhi--Hyderabad_D6_F3"", ""Delhi--Hyderabad_D6_F2""]"
Dijkstra-km,summer,70003,Delhi,Chennai,True,219,187.8737270850614,0,219,219,0,0,0,3,216,"[""Delhi"", ""Delhi--Hyderabad_D1_F1"", ""Delhi--Hyderabad_D1_F2"", ""Delhi--Hyderabad_D1_F3"", ""Delhi--Hyderabad_D1_F4"", ""Delhi--Hyderabad_D1_F5"", ""Delhi--Hyderabad_D1_F6"", ""Delhi--Hyderabad_D1_F7"", ""Delhi--Hyderabad_D1_F8"", ""Delhi--Hyderabad_F1"", ""Delhi--Hyderabad_D2_F1"", ""Delhi--Hyderabad_D2_F2"", ""Delhi--Hyderabad_D2_F3"", ""Delhi--Hyderabad_D2_F4"", ""Delhi--Hyderabad_D2_F5"", ""Delhi--Hyderabad_D2_F6"", ""Delhi--Hyderabad_D2_F7"", ""Delhi--Hyderabad_D2_F8"", ""Delhi--Hyderabad_F2"", ""Delhi--Hyderabad_D3_F1"", ""Delhi--Hyderabad_D3_F2"", ""Delhi--Hyderabad_D3_F3"", ""Delhi--Hyderabad_D3_F4"", ""Delhi--Hyderabad_D3_F5"", ""Delhi--Hyderabad_D3_F6"", ""Delhi--Hyderabad_D3_F7"", ""Delhi--Hyderabad_D3_F8"", ""Delhi--Hyderabad_F3"", ""Delhi--Hyderabad_F4"", ""Delhi--Hyderabad_D5_F1"", ""Delhi--Hyderabad_D5_F2"", ""Delhi--Hyderabad_D5_F3"", ""Delhi--Hyderabad_D5_F4"", ""Delhi--Hyderabad_D5_F5"", ""Delhi--Hyderabad_D5_F6"", ""Delhi--Hyderabad_D5_F7"", ""Delhi--Hyderabad_D5_F8"", ""Delhi--Hyderabad_F5"", ""Delhi--Hyderabad_D6_F1"", ""Delhi--Hyderabad_D6_F2"", ""Delhi--Hyderabad_D6_F3"", ""Delhi--Hyderabad_D6_F4"", ""Delhi--Hyderabad_D6_F5"", ""Delhi--Hyderabad_D6_F6"", ""Delhi--Hyderabad_D6_F7"", ""Delhi--Hyderabad_D6_F8"", ""Delhi--Hyderabad_F6"", ""Delhi--Hyderabad_D7_F1"", ""Delhi--Hyderabad_D7_F2"", ""Delhi--Hyderabad_D7_F3"", ""Delhi--Hyderabad_D7_F4"", ""Delhi--Hyderabad_D7_F5"", ""Delhi--Hyderabad_D7_F6"", ""Delhi--Hyderabad_D7_F7"", ""Delhi--Hyderabad_D7_F8"", ""Delhi--Hyderabad_F7"", ""Delhi--Hyderabad_D8_F1"", ""Delhi--Hyderabad_D8_F2"", ""Delhi--Hyderabad_D8_F3"", ""Delhi--Hyderabad_D8_F4"", ""Delhi--Hyderabad_D8_F5"", ""Delhi--Hyderabad_D8_F6"", ""Delhi--Hyderabad_D8_F7"", ""Delhi--Hyderabad_D8_F8"", ""Delhi--Hyderabad_F8"", ""Delhi--Hyderabad_D9_F1"", ""Delhi--Hyderabad_D9_F2"", ""Delhi--Hyderabad_D9_F3"", ""Delhi--Hyderabad_D9_F4"", ""Delhi--Hyderabad_D9_F5"", ""Delhi--Hyderabad_D9_F6"", ""Delhi--Hyderabad_D9_F7"", ""Delhi--Hyderabad_D9_F8"", ""Delhi--Hyderabad_F9"", ""Delhi--Hyderabad_D10_F1"", ""Delhi--Hyderabad_D10_F2"", ""Delhi--Hyderabad_D10_F3"", ""Delhi--Hyderabad_D10_F4"", ""Delhi--Hyderabad_D10_F5"", ""Delhi--Hyderabad_D10_F6"", ""Delhi--Hyderabad_D10_F7"", ""Delhi--Hyderabad_D10_F8"", ""Delhi--Hyderabad_F10"", ""Delhi--Hyderabad_D11_F1"", ""Delhi--Hyderabad_D11_F2"", ""Delhi--Hyderabad_D11_F3"", ""Delhi--Hyderabad_D11_F4"", ""Delhi--Hyderabad_D11_F5"", ""Delhi--Hyderabad_D11_F6"", ""Delhi--Hyderabad_D11_F7"", ""Delhi--Hyderabad_D11_F8"", ""Delhi--Hyderabad_F11"", ""Delhi--Hyderabad_D12_F1"", ""Delhi--Hyderabad_D12_F2"", ""Delhi--Hyderabad_D12_F3"", ""Delhi--Hyderabad_D12_F4"", ""Delhi--Hyderabad_D12_F5"", ""Delhi--Hyderabad_D12_F6"", ""Delhi--Hyderabad_D12_F7"", ""Delhi--Hyderabad_D12_F8"", ""Delhi--Hyderabad_F12"", ""Delhi--Hyderabad_D13_F1"", ""Delhi--Hyderabad_D13_F2"", ""Delhi--Hyderabad_D13_F3"", ""Delhi--Hyderabad_D13_F4"", ""Delhi--Hyderabad_D13_F5"", ""Delhi--Hyderabad_D13_F6"", ""Delhi--Hyderabad_D13_F7"", ""Delhi--Hyderabad_D13_F8"", ""Delhi--Hyderabad_F13"", ""Delhi--Hyderabad_D14_F1"", ""Delhi--Hyderabad_D14_F2"", ""Delhi--Hyderabad_D14_F3"", ""Delhi--Hyderabad_D14_F4"", ""Delhi--Hyderabad_D14_F5"", ""Delhi--Hyderabad_D14_F6"", ""Delhi--Hyderabad_D14_F7"", ""Delhi--Hyderabad_D14_F8"", ""Delhi--Hyderabad_F14"", ""Delhi--Hyderabad_D15_F1"", ""Delhi--Hyderabad_D15_F2"", ""Delhi--Hyderabad_D15_F3"", ""Delhi--Hyderabad_D15_F4"", ""Delhi--Hyderabad_D15_F5"", ""Delhi--Hyderabad_D15_F6"", ""Delhi--Hyderabad_D15_F7"", ""Delhi--Hyderabad_D15_F8"", ""Delhi--Hyderabad_F15"", ""Delhi--Hyderabad_D16_F1"", ""Delhi--Hyderabad_D16_F2"", ""Delhi--Hyderabad_D16_F3"", ""Delhi--Hyderabad_D16_F4"", ""Delhi--Hyderabad_D16_F5"", ""Delhi--Hyderabad_D16_F6"", ""Delhi--Hyderabad_D16_F7"", ""Delhi--Hyderabad_D16_F8"", ""Delhi--Hyderabad_F16"", ""Delhi--Hyderabad_D17_F1"", ""Delhi--Hyderabad_D17_F2"", ""Delhi--Hyderabad_D17_F3"", ""Delhi--Hyderabad_D17_F4"", ""Delhi--Hyderabad_D17_F5"", ""Delhi--Hyderabad_D17_F6"", ""Delhi--Hyderabad_D17_F7"", ""Delhi--Hyderabad_D17_F8"", ""Delhi--Hyderabad_F17"", ""Delhi--Hyderabad_D18_F1"", ""Delhi--Hyderabad_D18_F2"", ""Delhi--Hyderabad_D18_F3"", ""Delhi--Hyderabad_D18_F4"", ""Delhi--Hyderabad_D18_F5"", ""Delhi--Hyderabad_D18_F6"", ""Delhi--Hyderabad_D18_F7"", ""Delhi--Hyderabad_D18_F8"", ""Delhi--Hyderabad_F18"", ""Delhi--Hyderabad_D19_F1"", ""Delhi--Hyderabad_D19_F2"", ""Delhi--Hyderabad_D19_F3"", ""Delhi--Hyderabad_D19_F4"", ""Delhi--Hyderabad_D19_F5"", ""Delhi--Hyderabad_D19_F6"", ""Delhi--Hyderabad_D19_F7"", ""Delhi--Hyderabad_D19_F8"", ""Delhi--Hyderabad_F19"", ""Delhi--Hyderabad_D20_F1"", ""Hyderabad"", ""Chennai--Hyderabad_D8_F6"", ""Chennai--Hyderabad_D8_F5"", ""Chennai--Hyderabad_D8_F4"", ""Chennai--Hyderabad_D8_F3"", ""Chennai--Hyderabad_D8_F2"", ""Chennai--Hyderabad_D8_F1"", ""Chennai--Hyderabad_F7"", ""Chennai--Hyderabad_D7_F8"", ""Chennai--Hyderabad_D7_F7"", ""Chennai--Hyderabad_D7_F6"", ""Chennai--Hyderabad_D7_F5"", ""Chennai--Hyderabad_D7_F4"", ""Chennai--Hyderabad_D7_F3"", ""Chennai--Hyderabad_D7_F2"", ""Chennai--Hyderabad_D7_F1"", ""Chennai--Hyderabad_F6"", ""Chennai--Hyderabad_D6_F8"", ""Chennai--Hyderabad_D6_F7"", ""Chennai--Hyderabad_D6_F6"", ""Chennai--Hyderabad_D6_F5"", ""Chennai--Hyderabad_D6_F4"", ""Chennai--Hyderabad_D6_F3"", ""Chennai--Hyderabad_D6_F2"", ""Chennai--Hyderabad_D6_F1"", ""Chennai--Hyderabad_F5"", ""Chennai--Hyderabad_F4"", ""Chennai--Hyderabad_D4_F8"", ""Chennai--Hyderabad_D4_F7"", ""Chennai--Hyderabad_D4_F6"", ""Chennai--Hyderabad_D4_F5"", ""Chennai--Hyderabad_D4_F4"", ""Chennai--Hyderabad_D4_F3"", ""Chennai--Hyderabad_D4_F2"", ""Chennai--Hyderabad_D4_F1"", ""Chennai--Hyderabad_F3"", ""Chennai--Hyderabad_D3_F8"", ""Chennai--Hyderabad_D3_F7"", ""Chennai--Hyderabad_D3_F6"", ""Chennai--Hyderabad_D3_F5"", ""Chennai--Hyderabad_D3_F4"", ""Chennai--Hyderabad_D3_F3"", ""Chennai--Hyderabad_D3_F2"", ""Chennai--Hyderabad_D3_F1"", ""Chennai--Hyderabad_F2"", ""Chennai--Hyderabad_D2_F8"", ""Chennai--Hyderabad_D2_F7"", ""Chennai--Hyderabad_D2_F6"", ""Chennai--Hyderabad_D2_F5"", ""Chennai--Hyderabad_D2_F4"", ""Chennai--Hyderabad_D2_F3"", ""Chennai--Hyderabad_D2_F2"", ""Chennai--Hyderabad_D2_F1"", ""Chennai--Hyderabad_F1"", ""Chennai""]"
BFS-hop,summer,70003,Delhi,Chennai,True,28,4.438360311244686,0,28,28,0,0,0,28,0,"[""Delhi"", ""Delhi--Hyderabad_F1"", ""Delhi--Hyderabad_F2"", ""Delhi--Hyderabad_F3"", ""Delhi--Hyderabad_F4"", ""Delhi--Hyderabad_F5"", ""Delhi--Hyderabad_F6"", ""Delhi--Hyderabad_F7"", ""Delhi--Hyderabad_F8"", ""Delhi--Hyderabad_F9"", ""Delhi--Hyderabad_F10"", ""Delhi--Hyderabad_F11"", ""Delhi--Hyderabad_F12"", ""Delhi--Hyderabad_F13"", ""Delhi--Hyderabad_F14"", ""Delhi--Hyderabad_F15"", ""Delhi--Hyderabad_F16"", ""Delhi--Hyderabad_F17"", ""Delhi--Hyderabad_F18"", ""Delhi--Hyderabad_F19"", ""Hyderabad"", ""Chennai--Hyderabad_F7"", ""Chennai--Hyderabad_F6"", ""Chennai--Hyderabad_F5"", ""Chennai--Hyderabad_F4"", ""Chennai--Hyderabad_F3"", ""Chennai--Hyderabad_F2"", ""Chennai--Hyderabad_F1"", ""Chennai""]"
Max-SKR,summer,70003,Delhi,Chennai,False,,-182.47459327484862,129,156,156,0,0,0,0,156,"[""Delhi"", ""Delhi--Hyderabad_D1_F1"", ""Delhi--Hyderabad_D1_F2"", ""Delhi--Hyderabad_D1_F3"", ""Delhi--Hyderabad_D1_F2"", ""Delhi--Hyderabad_D1_F1"", ""Delhi"", ""Delhi--Hyderabad_D1_F1"", ""Delhi"", ""Delhi--Jaipur_D1_F1"", ""Delhi"", ""Delhi--Jaipur_D1_F1"", ""Delhi"", ""Delhi--Hyderabad_D1_F1"", ""Delhi--Hyderabad_D1_F2"", ""Delhi--Hyderabad_D1_F3"", ""Delhi--Hyderabad_D1_F4"", ""Delhi--Hyderabad_D1_F3"", ""Delhi--Hyderabad_D1_F4"", ""Delhi--Hyderabad_D1_F5"", ""Delhi--Hyderabad_D1_F6"", ""Delhi--Hyderabad_D1_F5"", ""Delhi--Hyderabad_D1_F6"", ""Delhi--Hyderabad_D1_F5"", ""Delhi--Hyderabad_D1_F4"", ""Delhi--Hyderabad_D1_F3"", ""Delhi--Hyderabad_D1_F2"", ""Delhi--Hyderabad_D1_F1"", ""Delhi"", ""Delhi--Kolkata_D1_F1"", ""Delhi--Kolkata_D1_F2"", ""Delhi--Kolkata_D1_F1"", ""Delhi"", ""Delhi--Hyderabad_D1_F1"", ""Delhi--Hyderabad_D1_F2"", ""Delhi--Hyderabad_D1_F3"", ""Delhi--Hyderabad_D1_F2"", ""Delhi--Hyderabad_D1_F3"", ""Delhi--Hyderabad_D1_F2"", ""Delhi--Hyderabad_D1_F3"", ""Delhi--Hyderabad_D1_F2"", ""Delhi--Hyderabad_D1_F3"", ""Delhi--Hyderabad_D1_F4"", ""Delhi--Hyderabad_D1_F3"", ""Delhi--Hyderabad_D1_F4"", ""Delhi--Hyderabad_D1_F5"", ""Delhi--Hyderabad_D1_F6"", ""Delhi--Hyderabad_D1_F5"", ""Delhi--Hyderabad_D1_F6"", ""Delhi--Hyderabad_D1_F5"", ""Delhi--Hyderabad_D1_F4"", ""Delhi--Hyderabad_D1_F3"", ""Delhi--Hyderabad_D1_F4"", ""Delhi--Hyderabad_D1_F5"", ""Delhi--Hyderabad_D1_F6"", ""Delhi--Hyderabad_D1_F7"", ""Delhi--Hyderabad_D1_F6"", ""Delhi--Hyderabad_D1_F7"", ""Delhi--Hyderabad_D1_F8"", ""Delhi--Hyderabad_F1"", ""Delhi--Hyderabad_D1_F8"", ""Delhi--Hyderabad_F1"", ""Delhi--Hyderabad_D1_F8"", ""Delhi--Hyderabad_F1"", ""Delhi--Hyderabad_D2_F1"", ""Delhi--Hyderabad_D2_F2"", ""Delhi--Hyderabad_D2_F3"", ""Delhi--Hyderabad_D2_F2"", ""Delhi--Hyderabad_D2_F3"", ""Delhi--Hyderabad_D2_F2"", ""Delhi--Hyderabad_D2_F3"", ""Delhi--Hyderabad_D2_F4"", ""Delhi--Hyderabad_D2_F5"", ""Delhi--Hyderabad_D2_F6"", ""Delhi--Hyderabad_D2_F5"", ""Delhi--Hyderabad_D2_F6"", ""Delhi--Hyderabad_D2_F7"", ""Delhi--Hyderabad_D2_F8"", ""Delhi--Hyderabad_D2_F7"", ""Delhi--Hyderabad_D2_F8"", ""Delhi--Hyderabad_D2_F7"", ""Delhi--Hyderabad_D2_F6"", ""Delhi--Hyderabad_D2_F5"", ""Delhi--Hyderabad_D2_F6"", ""Delhi--Hyderabad_D2_F7"", ""Delhi--Hyderabad_D2_F8"", ""Delhi--Hyderabad_D2_F7"", ""Delhi--Hyderabad_D2_F6"", ""Delhi--Hyderabad_D2_F5"", ""Delhi--Hyderabad_D2_F6"", ""Delhi--Hyderabad_D2_F5"", ""Delhi--Hyderabad_D2_F4"", ""Delhi--Hyderabad_D2_F5"", ""Delhi--Hyderabad_D2_F6"", ""Delhi--Hyderabad_D2_F7"", ""Delhi--Hyderabad_D2_F8"", ""Delhi--Hyderabad_D2_F7"", ""Delhi--Hyderabad_D2_F8"", ""Delhi--Hyderabad_F2"", ""Delhi--Hyderabad_D3_F1"", ""Delhi--Hyderabad_D3_F2"", ""Delhi--Hyderabad_D3_F3"", ""Delhi--Hyderabad_D3_F4"", ""Delhi--Hyderabad_D3_F3"", ""Delhi--Hyderabad_D3_F4"", ""Delhi--Hyderabad_D3_F5"", ""Delhi--Hyderabad_D3_F4"", ""Delhi--Hyderabad_D3_F5"", ""Delhi--Hyderabad_D3_F4"", ""Delhi--Hyderabad_D3_F3"", ""Delhi--Hyderabad_D3_F2"", ""Delhi--Hyderabad_D3_F1"", ""Delhi--Hyderabad_F2"", ""Delhi--Hyderabad_D3_F1"", ""Delhi--Hyderabad_F2"", ""Delhi--Hyderabad_D2_F8"", ""Delhi--Hyderabad_F2"", ""Delhi--Hyderabad_D3_F1"", ""Delhi--Hyderabad_D3_F2"", ""Delhi--Hyderabad_D3_F1"", ""Delhi--Hyderabad_D3_F2"", ""Delhi--Hyderabad_D3_F3"", ""Delhi--Hyderabad_D3_F2"", ""Delhi--Hyderabad_D3_F3"", ""Delhi--Hyderabad_D3_F2"", ""Delhi--Hyderabad_D3_F3"", ""Delhi--Hyderabad_D3_F2"", ""Delhi--Hyderabad_D3_F3"", ""Delhi--Hyderabad_D3_F4"", ""Delhi--Hyderabad_D3_F5"", ""Delhi--Hyderabad_D3_F4"", ""Delhi--Hyderabad_D3_F3"", ""Delhi--Hyderabad_D3_F2"", ""Delhi--Hyderabad_D3_F1"", ""Delhi--Hyderabad_D3_F2"", ""Delhi--Hyderabad_D3_F3"", ""Delhi--Hyderabad_D3_F2"", ""Delhi--Hyderabad_D3_F1"", ""Delhi--Hyderabad_D3_F2"", ""Delhi--Hyderabad_D3_F3"", ""Delhi--Hyderabad_D3_F4"", ""Delhi--Hyderabad_D3_F5"", ""Delhi--Hyderabad_D3_F4"", ""Delhi--Hyderabad_D3_F3"", ""Delhi--Hyderabad_D3_F4"", ""Delhi--Hyderabad_D3_F5"", ""Delhi--Hyderabad_D3_F6"", ""Delhi--Hyderabad_D3_F5"", ""Delhi--Hyderabad_D3_F4"", ""Delhi--Hyderabad_D3_F3"", ""Delhi--Hyderabad_D3_F4"", ""Delhi--Hyderabad_D3_F3"", ""Delhi--Hyderabad_D3_F4"", ""Delhi--Hyderabad_D3_F3"", ""Delhi--Hyderabad_D3_F4"", ""Delhi--Hyderabad_D3_F3"", ""Delhi--Hyderabad_D3_F4""]"
GNN-PPO,winter,80000,Delhi,Chennai,True,28,4.438360311244686,0,28,28,0,0,0,28,0,"[""Delhi"", ""Delhi--Hyderabad_F1"", ""Delhi--Hyderabad_F2"", ""Delhi--Hyderabad_F3"", ""Delhi--Hyderabad_F4"", ""Delhi--Hyderabad_F5"", ""Delhi--Hyderabad_F6"", ""Delhi--Hyderabad_F7"", ""Delhi--Hyderabad_F8"", ""Delhi--Hyderabad_F9"", ""Delhi--Hyderabad_F10"", ""Delhi--Hyderabad_F11"", ""Delhi--Hyderabad_F12"", ""Delhi--Hyderabad_F13"", ""Delhi--Hyderabad_F14"", ""Delhi--Hyderabad_F15"", ""Delhi--Hyderabad_F16"", ""Delhi--Hyderabad_F17"", ""Delhi--Hyderabad_F18"", ""Delhi--Hyderabad_F19"", ""Hyderabad"", ""Chennai--Hyderabad_F7"", ""Chennai--Hyderabad_F6"", ""Chennai--Hyderabad_F5"", ""Chennai--Hyderabad_F4"", ""Chennai--Hyderabad_F3"", ""Chennai--Hyderabad_F2"", ""Chennai--Hyderabad_F1"", ""Chennai""]"
Random,winter,80000,Delhi,Chennai,False,,-93.3969615040292,52,68,68,0,1,0,9,59,"[""Delhi"", ""Delhi--Kolkata_D1_F1"", ""Delhi--Kolkata_D1_F2"", ""Delhi--Kolkata_D1_F1"", ""Delhi"", ""Delhi--Kolkata_F1"", ""Delhi--Kolkata_F2"", ""Delhi--Kolkata_D2_F8"", ""Delhi--Kolkata_F2"", ""Delhi--Kolkata_F3"", ""Delhi--Kolkata_F2"", ""Delhi--Kolkata_F3"", ""Delhi--Kolkata_F4"", ""Delhi--Kolkata_F3"", ""Delhi--Kolkata_F4"", ""Delhi--Kolkata_F3"", ""Delhi--Kolkata_D4_F1"", ""Delhi--Kolkata_F3"", ""Delhi--Kolkata_D3_F8"", ""Delhi--Kolkata_D3_F7"", ""Delhi--Kolkata_D3_F6"", ""Delhi--Kolkata_D3_F5"", ""Delhi--Kolkata_D3_F6"", ""Delhi--Kolkata_D3_F5"", ""Delhi--Kolkata_D3_F4"", ""Delhi--Kolkata_D3_F3"", ""Delhi--Kolkata_D3_F4"", ""Delhi--Kolkata_D3_F5"", ""Delhi--Kolkata_D3_F4"", ""Delhi--Kolkata_D3_F3"", ""Delhi--Kolkata_D3_F4"", ""Delhi--Kolkata_D3_F5"", ""Delhi--Kolkata_D3_F6"", ""Delhi--Kolkata_D3_F5"", ""Delhi--Kolkata_D3_F6"", ""Delhi--Kolkata_D3_F7"", ""Delhi--Kolkata_D3_F6"", ""Delhi--Kolkata_D3_F5"", ""Delhi--Kolkata_D3_F6"", ""Delhi--Kolkata_D3_F7"", ""Delhi--Kolkata_D3_F8"", ""Delhi--Kolkata_F3"", ""Delhi--Kolkata_D3_F8"", ""Delhi--Kolkata_D3_F7"", ""Delhi--Kolkata_D3_F6"", ""Delhi--Kolkata_D3_F7"", ""Delhi--Kolkata_D3_F6"", ""Delhi--Kolkata_D3_F5"", ""Delhi--Kolkata_D3_F4"", ""Delhi--Kolkata_D3_F5"", ""Delhi--Kolkata_D3_F4"", ""Delhi--Kolkata_D3_F5"", ""Delhi--Kolkata_D3_F4"", ""Delhi--Kolkata_D3_F5"", ""Delhi--Kolkata_D3_F4"", ""Delhi--Kolkata_D3_F5"", ""Delhi--Kolkata_D3_F4"", ""Delhi--Kolkata_D3_F3"", ""Delhi--Kolkata_D3_F2"", ""Delhi--Kolkata_D3_F3"", ""Delhi--Kolkata_D3_F2"", ""Delhi--Kolkata_D3_F1"", ""Delhi--Kolkata_D3_F2"", ""Delhi--Kolkata_D3_F1"", ""Delhi--Kolkata_D3_F2"", ""Delhi--Kolkata_D3_F1"", ""Delhi--Kolkata_D3_F2"", ""Delhi--Kolkata_D3_F1"", ""Delhi--Kolkata_D3_F2""]"
Dijkstra-km,winter,80000,Delhi,Chennai,False,,101.10175865870062,14,168,168,0,0,0,1,167,"[""Delhi"", ""Delhi--Hyderabad_D1_F1"", ""Delhi--Hyderabad_D1_F2"", ""Delhi--Hyderabad_D1_F3"", ""Delhi--Hyderabad_D1_F4"", ""Delhi--Hyderabad_D1_F5"", ""Delhi--Hyderabad_D1_F6"", ""Delhi--Hyderabad_D1_F7"", ""Delhi--Hyderabad_D1_F8"", ""Delhi--Hyderabad_F1"", ""Delhi--Hyderabad_D2_F1"", ""Delhi--Hyderabad_D2_F2"", ""Delhi--Hyderabad_D2_F3"", ""Delhi--Hyderabad_D2_F4"", ""Delhi--Hyderabad_D2_F5"", ""Delhi--Hyderabad_D2_F6"", ""Delhi--Hyderabad_D2_F7"", ""Delhi--Hyderabad_D2_F8"", ""Delhi--Hyderabad_F2"", ""Delhi--Hyderabad_D3_F1"", ""Delhi--Hyderabad_D3_F2"", ""Delhi--Hyderabad_D3_F3"", ""Delhi--Hyderabad_D3_F4"", ""Delhi--Hyderabad_D3_F5"", ""Delhi--Hyderabad_D3_F6"", ""Delhi--Hyderabad_D3_F7"", ""Delhi--Hyderabad_D3_F8"", ""Delhi--Hyderabad_F3"", ""Delhi--Hyderabad_D4_F1"", ""Delhi--Hyderabad_D4_F2"", ""Delhi--Hyderabad_D4_F3"", ""Delhi--Hyderabad_D4_F4"", ""Delhi--Hyderabad_D4_F5"", ""Delhi--Hyderabad_D4_F6"", ""Delhi--Hyderabad_D4_F7"", ""Delhi--Hyderabad_D4_F8"", ""Delhi--Hyderabad_F4"", ""Delhi--Hyderabad_D5_F1"", ""Delhi--Hyderabad_D5_F2"", ""Delhi--Hyderabad_D5_F3"", ""Delhi--Hyderabad_D5_F4"", ""Delhi--Hyderabad_D5_F5"", ""Delhi--Hyderabad_D5_F6"", ""Delhi--Hyderabad_D5_F7"", ""Delhi--Hyderabad_D5_F8"", ""Delhi--Hyderabad_F5"", ""Delhi--Hyderabad_D6_F1"", ""Delhi--Hyderabad_D6_F2"", ""Delhi--Hyderabad_D6_F3"", ""Delhi--Hyderabad_D6_F4"", ""Delhi--Hyderabad_D6_F5"", ""Delhi--Hyderabad_D6_F6"", ""Delhi--Hyderabad_D6_F7"", ""Delhi--Hyderabad_D6_F8"", ""Delhi--Hyderabad_F6"", ""Delhi--Hyderabad_D7_F1"", ""Delhi--Hyderabad_D7_F2"", ""Delhi--Hyderabad_D7_F3"", ""Delhi--Hyderabad_D7_F4"", ""Delhi--Hyderabad_D7_F5"", ""Delhi--Hyderabad_D7_F6"", ""Delhi--Hyderabad_D7_F7"", ""Delhi--Hyderabad_D7_F8"", ""Delhi--Hyderabad_F7"", ""Delhi--Hyderabad_F8"", ""Delhi--Hyderabad_D9_F1"", ""Delhi--Hyderabad_D9_F2"", ""Delhi--Hyderabad_D9_F3"", ""Delhi--Hyderabad_D9_F4"", ""Delhi--Hyderabad_D9_F5"", ""Delhi--Hyderabad_D9_F6"", ""Delhi--Hyderabad_D9_F7"", ""Delhi--Hyderabad_D9_F8"", ""Delhi--Hyderabad_F9"", ""Delhi--Hyderabad_D10_F1"", ""Delhi--Hyderabad_D10_F2"", ""Delhi--Hyderabad_D10_F3"", ""Delhi--Hyderabad_D10_F4"", ""Delhi--Hyderabad_D10_F5"", ""Delhi--Hyderabad_D10_F6"", ""Delhi--Hyderabad_D10_F7"", ""Delhi--Hyderabad_D10_F8"", ""Delhi--Hyderabad_F10"", ""Delhi--Hyderabad_D11_F1"", ""Delhi--Hyderabad_D11_F2"", ""Delhi--Hyderabad_D11_F3"", ""Delhi--Hyderabad_D11_F4"", ""Delhi--Hyderabad_D11_F5"", ""Delhi--Hyderabad_D11_F6"", ""Delhi--Hyderabad_D11_F7"", ""Delhi--Hyderabad_D11_F8"", ""Delhi--Hyderabad_F11"", ""Delhi--Hyderabad_D12_F1"", ""Delhi--Hyderabad_D12_F2"", ""Delhi--Hyderabad_D12_F3"", ""Delhi--Hyderabad_D12_F4"", ""Delhi--Hyderabad_D12_F5"", ""Delhi--Hyderabad_D12_F6"", ""Delhi--Hyderabad_D12_F7"", ""Delhi--Hyderabad_D12_F8"", ""Delhi--Hyderabad_F12"", ""Delhi--Hyderabad_D13_F1"", ""Delhi--Hyderabad_D13_F2"", ""Delhi--Hyderabad_D13_F3"", ""Delhi--Hyderabad_D13_F4"", ""Delhi--Hyderabad_D13_F5"", ""Delhi--Hyderabad_D13_F6"", ""Delhi--Hyderabad_D13_F7"", ""Delhi--Hyderabad_D13_F8"", ""Delhi--Hyderabad_F13"", ""Delhi--Hyderabad_D14_F1"", ""Delhi--Hyderabad_D14_F2"", ""Delhi--Hyderabad_D14_F3"", ""Delhi--Hyderabad_D14_F4"", ""Delhi--Hyderabad_D14_F5"", ""Delhi--Hyderabad_D14_F6"", ""Delhi--Hyderabad_D14_F7"", ""Delhi--Hyderabad_D14_F8"", ""Delhi--Hyderabad_F14"", ""Delhi--Hyderabad_D15_F1"", ""Delhi--Hyderabad_D15_F2"", ""Delhi--Hyderabad_D15_F3"", ""Delhi--Hyderabad_D15_F4"", ""Delhi--Hyderabad_D15_F5"", ""Delhi--Hyderabad_D15_F6"", ""Delhi--Hyderabad_D15_F7"", ""Delhi--Hyderabad_D15_F8"", ""Delhi--Hyderabad_F15"", ""Delhi--Hyderabad_D16_F1"", ""Delhi--Hyderabad_D16_F2"", ""Delhi--Hyderabad_D16_F3"", ""Delhi--Hyderabad_D16_F4"", ""Delhi--Hyderabad_D16_F5"", ""Delhi--Hyderabad_D16_F6"", ""Delhi--Hyderabad_D16_F7"", ""Delhi--Hyderabad_D16_F8"", ""Delhi--Hyderabad_F16"", ""Delhi--Hyderabad_D17_F1"", ""Delhi--Hyderabad_D17_F2"", ""Delhi--Hyderabad_D17_F3"", ""Delhi--Hyderabad_D17_F4"", ""Delhi--Hyderabad_D17_F5"", ""Delhi--Hyderabad_D17_F6"", ""Delhi--Hyderabad_D17_F7"", ""Delhi--Hyderabad_D17_F8"", ""Delhi--Hyderabad_F17"", ""Delhi--Hyderabad_D18_F1"", ""Delhi--Hyderabad_D18_F2"", ""Delhi--Hyderabad_D18_F3"", ""Delhi--Hyderabad_D18_F4"", ""Delhi--Hyderabad_D18_F5"", ""Delhi--Hyderabad_D18_F6"", ""Delhi--Hyderabad_D18_F7"", ""Delhi--Hyderabad_D18_F8"", ""Delhi--Hyderabad_F18"", ""Delhi--Hyderabad_D18_F8"", ""Delhi--Hyderabad_F18"", ""Delhi--Hyderabad_D18_F8"", ""Delhi--Hyderabad_F18"", ""Delhi--Hyderabad_D18_F8"", ""Delhi--Hyderabad_F18"", ""Delhi--Hyderabad_D18_F8"", ""Delhi--Hyderabad_F18"", ""Delhi--Hyderabad_D18_F8"", ""Delhi--Hyderabad_F18"", ""Delhi--Hyderabad_D18_F8"", ""Delhi--Hyderabad_F18"", ""Delhi--Hyderabad_D18_F8"", ""Delhi--Hyderabad_F18""]"
BFS-hop,winter,80000,Delhi,Chennai,True,28,4.438360311244686,0,28,28,0,0,0,28,0,"[""Delhi"", ""Delhi--Hyderabad_F1"", ""Delhi--Hyderabad_F2"", ""Delhi--Hyderabad_F3"", ""Delhi--Hyderabad_F4"", ""Delhi--Hyderabad_F5"", ""Delhi--Hyderabad_F6"", ""Delhi--Hyderabad_F7"", ""Delhi--Hyderabad_F8"", ""Delhi--Hyderabad_F9"", ""Delhi--Hyderabad_F10"", ""Delhi--Hyderabad_F11"", ""Delhi--Hyderabad_F12"", ""Delhi--Hyderabad_F13"", ""Delhi--Hyderabad_F14"", ""Delhi--Hyderabad_F15"", ""Delhi--Hyderabad_F16"", ""Delhi--Hyderabad_F17"", ""Delhi--Hyderabad_F18"", ""Delhi--Hyderabad_F19"", ""Hyderabad"", ""Chennai--Hyderabad_F7"", ""Chennai--Hyderabad_F6"", ""Chennai--Hyderabad_F5"", ""Chennai--Hyderabad_F4"", ""Chennai--Hyderabad_F3"", ""Chennai--Hyderabad_F2"", ""Chennai--Hyderabad_F1"", ""Chennai""]"
Max-SKR,winter,80000,Delhi,Chennai,False,,-90.77909123463472,58,69,69,0,0,0,0,69,"[""Delhi"", ""Delhi--Hyderabad_D1_F1"", ""Delhi--Hyderabad_D1_F2"", ""Delhi--Hyderabad_D1_F3"", ""Delhi--Hyderabad_D1_F2"", ""Delhi--Hyderabad_D1_F3"", ""Delhi--Hyderabad_D1_F2"", ""Delhi--Hyderabad_D1_F3"", ""Delhi--Hyderabad_D1_F2"", ""Delhi--Hyderabad_D1_F3"", ""Delhi--Hyderabad_D1_F4"", ""Delhi--Hyderabad_D1_F5"", ""Delhi--Hyderabad_D1_F4"", ""Delhi--Hyderabad_D1_F5"", ""Delhi--Hyderabad_D1_F6"", ""Delhi--Hyderabad_D1_F7"", ""Delhi--Hyderabad_D1_F8"", ""Delhi--Hyderabad_D1_F7"", ""Delhi--Hyderabad_D1_F8"", ""Delhi--Hyderabad_D1_F7"", ""Delhi--Hyderabad_D1_F6"", ""Delhi--Hyderabad_D1_F5"", ""Delhi--Hyderabad_D1_F4"", ""Delhi--Hyderabad_D1_F5"", ""Delhi--Hyderabad_D1_F4"", ""Delhi--Hyderabad_D1_F5"", ""Delhi--Hyderabad_D1_F4"", ""Delhi--Hyderabad_D1_F5"", ""Delhi--Hyderabad_D1_F4"", ""Delhi--Hyderabad_D1_F3"", ""Delhi--Hyderabad_D1_F4"", ""Delhi--Hyderabad_D1_F3"", ""Delhi--Hyderabad_D1_F2"", ""Delhi--Hyderabad_D1_F3"", ""Delhi--Hyderabad_D1_F4"", ""Delhi--Hyderabad_D1_F5"", ""Delhi--Hyderabad_D1_F4"", ""Delhi--Hyderabad_D1_F3"", ""Delhi--Hyderabad_D1_F4"", ""Delhi--Hyderabad_D1_F3"", ""Delhi--Hyderabad_D1_F2"", ""Delhi--Hyderabad_D1_F1"", ""Delhi"", ""Delhi--Jaipur_D1_F1"", ""Delhi--Jaipur_D1_F2"", ""Delhi--Jaipur_D1_F3"", ""Delhi--Jaipur_D1_F2"", ""Delhi--Jaipur_D1_F3"", ""Delhi--Jaipur_D1_F2"", ""Delhi--Jaipur_D1_F1"", ""Delhi--Jaipur_D1_F2"", ""Delhi--Jaipur_D1_F1"", ""Delhi--Jaipur_D1_F2"", ""Delhi--Jaipur_D1_F1"", ""Delhi"", ""Delhi--Hyderabad_D1_F1"", ""Delhi--Hyderabad_D1_F2"", ""Delhi--Hyderabad_D1_F1"", ""Delhi--Hyderabad_D1_F2"", ""Delhi--Hyderabad_D1_F3"", ""Delhi--Hyderabad_D1_F2"", ""Delhi--Hyderabad_D1_F3"", ""Delhi--Hyderabad_D1_F4"", ""Delhi--Hyderabad_D1_F3"", ""Delhi--Hyderabad_D1_F4"", ""Delhi--Hyderabad_D1_F3"", ""Delhi--Hyderabad_D1_F2"", ""Delhi--Hyderabad_D1_F1"", ""Delhi--Hyderabad_D1_F2"", ""Delhi--Hyderabad_D1_F3""]"
GNN-PPO,winter,80001,Delhi,Chennai,True,28,4.438360311244686,0,28,28,0,0,0,28,0,"[""Delhi"", ""Delhi--Hyderabad_F1"", ""Delhi--Hyderabad_F2"", ""Delhi--Hyderabad_F3"", ""Delhi--Hyderabad_F4"", ""Delhi--Hyderabad_F5"", ""Delhi--Hyderabad_F6"", ""Delhi--Hyderabad_F7"", ""Delhi--Hyderabad_F8"", ""Delhi--Hyderabad_F9"", ""Delhi--Hyderabad_F10"", ""Delhi--Hyderabad_F11"", ""Delhi--Hyderabad_F12"", ""Delhi--Hyderabad_F13"", ""Delhi--Hyderabad_F14"", ""Delhi--Hyderabad_F15"", ""Delhi--Hyderabad_F16"", ""Delhi--Hyderabad_F17"", ""Delhi--Hyderabad_F18"", ""Delhi--Hyderabad_F19"", ""Hyderabad"", ""Chennai--Hyderabad_F7"", ""Chennai--Hyderabad_F6"", ""Chennai--Hyderabad_F5"", ""Chennai--Hyderabad_F4"", ""Chennai--Hyderabad_F3"", ""Chennai--Hyderabad_F2"", ""Chennai--Hyderabad_F1"", ""Chennai""]"
Random,winter,80001,Delhi,Chennai,False,,-198.79900295206983,121,156,156,0,1,0,16,140,"[""Delhi"", ""Delhi--Kolkata_F1"", ""Delhi--Kolkata_D1_F8"", ""Delhi--Kolkata_F1"", ""Delhi--Kolkata_F2"", ""Delhi--Kolkata_D3_F1"", ""Delhi--Kolkata_D3_F2"", ""Delhi--Kolkata_D3_F1"", ""Delhi--Kolkata_D3_F2"", ""Delhi--Kolkata_D3_F3"", ""Delhi--Kolkata_D3_F2"", ""Delhi--Kolkata_D3_F3"", ""Delhi--Kolkata_D3_F2"", ""Delhi--Kolkata_D3_F3"", ""Delhi--Kolkata_D3_F4"", ""Delhi--Kolkata_D3_F3"", ""Delhi--Kolkata_D3_F2"", ""Delhi--Kolkata_D3_F1"", ""Delhi--Kolkata_F2"", ""Delhi--Kolkata_D2_F8"", ""Delhi--Kolkata_F2"", ""Delhi--Kolkata_F1"", ""Delhi--Kolkata_D2_F1"", ""Delhi--Kolkata_D2_F2"", ""Delhi--Kolkata_D2_F3"", ""Delhi--Kolkata_D2_F4"", ""Delhi--Kolkata_D2_F5"", ""Delhi--Kolkata_D2_F6"", ""Delhi--Kolkata_D2_F5"", ""Delhi--Kolkata_D2_F6"", ""Delhi--Kolkata_D2_F7"", ""Delhi--Kolkata_D2_F6"", ""Delhi--Kolkata_D2_F5"", ""Delhi--Kolkata_D2_F6"", ""Delhi--Kolkata_D2_F5"", ""Delhi--Kolkata_D2_F4"", ""Delhi--Kolkata_D2_F5"", ""Delhi--Kolkata_D2_F4"", ""Delhi--Kolkata_D2_F5"", ""Delhi--Kolkata_D2_F4"", ""Delhi--Kolkata_D2_F3"", ""Delhi--Kolkata_D2_F2"", ""Delhi--Kolkata_D2_F1"", ""Delhi--Kolkata_D2_F2"", ""Delhi--Kolkata_D2_F1"", ""Delhi--Kolkata_F1"", ""Delhi--Kolkata_F2"", ""Delhi--Kolkata_D3_F1"", ""Delhi--Kolkata_D3_F2"", ""Delhi--Kolkata_D3_F1"", ""Delhi--Kolkata_D3_F2"", ""Delhi--Kolkata_D3_F1"", ""Delhi--Kolkata_D3_F2"", ""Delhi--Kolkata_D3_F1"", ""Delhi--Kolkata_D3_F2"", ""Delhi--Kolkata_D3_F1"", ""Delhi--Kolkata_F2"", ""Delhi--Kolkata_D2_F8"", ""Delhi--Kolkata_D2_F7"", ""Delhi--Kolkata_D2_F8"", ""Delhi--Kolkata_D2_F7"", ""Delhi--Kolkata_D2_F6"", ""Delhi--Kolkata_D2_F7"", ""Delhi--Kolkata_D2_F6"", ""Delhi--Kolkata_D2_F7"", ""Delhi--Kolkata_D2_F6"", ""Delhi--Kolkata_D2_F7"", ""Delhi--Kolkata_D2_F6"", ""Delhi--Kolkata_D2_F5"", ""Delhi--Kolkata_D2_F6"", ""Delhi--Kolkata_D2_F7"", ""Delhi--Kolkata_D2_F8"", ""Delhi--Kolkata_D2_F7"", ""Delhi--Kolkata_D2_F6"", ""Delhi--Kolkata_D2_F7"", ""Delhi--Kolkata_D2_F6"", ""Delhi--Kolkata_D2_F5"", ""Delhi--Kolkata_D2_F4"", ""Delhi--Kolkata_D2_F3"", ""Delhi--Kolkata_D2_F2"", ""Delhi--Kolkata_D2_F3"", ""Delhi--Kolkata_D2_F4"", ""Delhi--Kolkata_D2_F3"", ""Delhi--Kolkata_D2_F2"", ""Delhi--Kolkata_D2_F1"", ""Delhi--Kolkata_F1"", ""Delhi--Kolkata_D1_F8"", ""Delhi--Kolkata_D1_F7"", ""Delhi--Kolkata_D1_F8"", ""Delhi--Kolkata_F1"", ""Delhi--Kolkata_F2"", ""Delhi--Kolkata_F1"", ""Delhi--Kolkata_D1_F8"", ""Delhi--Kolkata_D1_F7"", ""Delhi--Kolkata_D1_F6"", ""Delhi--Kolkata_D1_F5"", ""Delhi--Kolkata_D1_F4"", ""Delhi--Kolkata_D1_F3"", ""Delhi--Kolkata_D1_F2"", ""Delhi--Kolkata_D1_F3"", ""Delhi--Kolkata_D1_F4"", ""Delhi--Kolkata_D1_F3"", ""Delhi--Kolkata_D1_F4"", ""Delhi--Kolkata_D1_F3"", ""Delhi--Kolkata_D1_F2"", ""Delhi--Kolkata_D1_F1"", ""Delhi"", ""Delhi--Jaipur_F1"", ""Delhi--Jaipur_F2"", ""Delhi--Jaipur_D3_F1"", ""Delhi--Jaipur_F2"", ""Delhi--Jaipur_F3"", ""Delhi--Jaipur_F2"", ""Delhi--Jaipur_F1"", ""Delhi"", ""Delhi--Jaipur_F1"", ""Delhi--Jaipur_F2"", ""Delhi--Jaipur_F1"", ""Delhi--Jaipur_D2_F1"", ""Delhi--Jaipur_F1"", ""Delhi"", ""Delhi--Jaipur_D1_F1"", ""Delhi--Jaipur_D1_F2"", ""Delhi--Jaipur_D1_F1"", ""Delhi--Jaipur_D1_F2"", ""Delhi--Jaipur_D1_F1"", ""Delhi--Jaipur_D1_F2"", ""Delhi--Jaipur_D1_F3"", ""Delhi--Jaipur_D1_F4"", ""Delhi--Jaipur_D1_F5"", ""Delhi--Jaipur_D1_F6"", ""Delhi--Jaipur_D1_F7"", ""Delhi--Jaipur_D1_F8"", ""Delhi--Jaipur_D1_F7"", ""Delhi--Jaipur_D1_F8"", ""Delhi--Jaipur_D1_F7"", ""Delhi--Jaipur_D1_F6"", ""Delhi--Jaipur_D1_F7"", ""Delhi--Jaipur_D1_F8"", ""Delhi--Jaipur_D1_F7"", ""Delhi--Jaipur_D1_F6"", ""Delhi--Jaipur_D1_F5"", ""Delhi--Jaipur_D1_F6"", ""Delhi--Jaipur_D1_F5"", ""Delhi--Jaipur_D1_F4"", ""Delhi--Jaipur_D1_F3"", ""Delhi--Jaipur_D1_F2"", ""Delhi--Jaipur_D1_F3"", ""Delhi--Jaipur_D1_F2"", ""Delhi--Jaipur_D1_F1"", ""Delhi--Jaipur_D1_F2"", ""Delhi--Jaipur_D1_F1"", ""Delhi--Jaipur_D1_F2"", ""Delhi--Jaipur_D1_F1"", ""Delhi--Jaipur_D1_F2"", ""Delhi--Jaipur_D1_F1"", ""Delhi--Jaipur_D1_F2""]"
Dijkstra-km,winter,80001,Delhi,Chennai,False,,93.56440731570495,14,158,158,0,0,0,0,158,"[""Delhi"", ""Delhi--Hyderabad_D1_F1"", ""Delhi--Hyderabad_D1_F2"", ""Delhi--Hyderabad_D1_F3"", ""Delhi--Hyderabad_D1_F4"", ""Delhi--Hyderabad_D1_F5"", ""Delhi--Hyderabad_D1_F6"", ""Delhi--Hyderabad_D1_F7"", ""Delhi--Hyderabad_D1_F8"", ""Delhi--Hyderabad_F1"", ""Delhi--Hyderabad_D2_F1"", ""Delhi--Hyderabad_D2_F2"", ""Delhi--Hyderabad_D2_F3"", ""Delhi--Hyderabad_D2_F4"", ""Delhi--Hyderabad_D2_F5"", ""Delhi--Hyderabad_D2_F6"", ""Delhi--Hyderabad_D2_F7"", ""Delhi--Hyderabad_D2_F8"", ""Delhi--Hyderabad_F2"", ""Delhi--Hyderabad_D3_F1"", ""Delhi--Hyderabad_D3_F2"", ""Delhi--Hyderabad_D3_F3"", ""Delhi--Hyderabad_D3_F4"", ""Delhi--Hyderabad_D3_F5"", ""Delhi--Hyderabad_D3_F6"", ""Delhi--Hyderabad_D3_F7"", ""Delhi--Hyderabad_D3_F8"", ""Delhi--Hyderabad_F3"", ""Delhi--Hyderabad_D4_F1"", ""Delhi--Hyderabad_D4_F2"", ""Delhi--Hyderabad_D4_F3"", ""Delhi--Hyderabad_D4_F4"", ""Delhi--Hyderabad_D4_F5"", ""Delhi--Hyderabad_D4_F6"", ""Delhi--Hyderabad_D4_F7"", ""Delhi--Hyderabad_D4_F8"", ""Delhi--Hyderabad_F4"", ""Delhi--Hyderabad_D5_F1"", ""Delhi--Hyderabad_D5_F2"", ""Delhi--Hyderabad_D5_F3"", ""Delhi--Hyderabad_D5_F4"", ""Delhi--Hyderabad_D5_F5"", ""Delhi--Hyderabad_D5_F6"", ""Delhi--Hyderabad_D5_F7"", ""Delhi--Hyderabad_D5_F8"", ""Delhi--Hyderabad_F5"", ""Delhi--Hyderabad_D6_F1"", ""Delhi--Hyderabad_D6_F2"", ""Delhi--Hyderabad_D6_F3"", ""Delhi--Hyderabad_D6_F4"", ""Delhi--Hyderabad_D6_F5"", ""Delhi--Hyderabad_D6_F6"", ""Delhi--Hyderabad_D6_F7"", ""Delhi--Hyderabad_D6_F8"", ""Delhi--Hyderabad_F6"", ""Delhi--Hyderabad_D7_F1"", ""Delhi--Hyderabad_D7_F2"", ""Delhi--Hyderabad_D7_F3"", ""Delhi--Hyderabad_D7_F4"", ""Delhi--Hyderabad_D7_F5"", ""Delhi--Hyderabad_D7_F6"", ""Delhi--Hyderabad_D7_F7"", ""Delhi--Hyderabad_D7_F8"", ""Delhi--Hyderabad_F7"", ""Delhi--Hyderabad_D8_F1"", ""Delhi--Hyderabad_D8_F2"", ""Delhi--Hyderabad_D8_F3"", ""Delhi--Hyderabad_D8_F4"", ""Delhi--Hyderabad_D8_F5"", ""Delhi--Hyderabad_D8_F6"", ""Delhi--Hyderabad_D8_F7"", ""Delhi--Hyderabad_D8_F8"", ""Delhi--Hyderabad_F8"", ""Delhi--Hyderabad_D9_F1"", ""Delhi--Hyderabad_D9_F2"", ""Delhi--Hyderabad_D9_F3"", ""Delhi--Hyderabad_D9_F4"", ""Delhi--Hyderabad_D9_F5"", ""Delhi--Hyderabad_D9_F6"", ""Delhi--Hyderabad_D9_F7"", ""Delhi--Hyderabad_D9_F8"", ""Delhi--Hyderabad_F9"", ""Delhi--Hyderabad_D10_F1"", ""Delhi--Hyderabad_D10_F2"", ""Delhi--Hyderabad_D10_F3"", ""Delhi--Hyderabad_D10_F4"", ""Delhi--Hyderabad_D10_F5"", ""Delhi--Hyderabad_D10_F6"", ""Delhi--Hyderabad_D10_F7"", ""Delhi--Hyderabad_D10_F8"", ""Delhi--Hyderabad_F10"", ""Delhi--Hyderabad_D11_F1"", ""Delhi--Hyderabad_D11_F2"", ""Delhi--Hyderabad_D11_F3"", ""Delhi--Hyderabad_D11_F4"", ""Delhi--Hyderabad_D11_F5"", ""Delhi--Hyderabad_D11_F6"", ""Delhi--Hyderabad_D11_F7"", ""Delhi--Hyderabad_D11_F8"", ""Delhi--Hyderabad_F11"", ""Delhi--Hyderabad_D12_F1"", ""Delhi--Hyderabad_D12_F2"", ""Delhi--Hyderabad_D12_F3"", ""Delhi--Hyderabad_D12_F4"", ""Delhi--Hyderabad_D12_F5"", ""Delhi--Hyderabad_D12_F6"", ""Delhi--Hyderabad_D12_F7"", ""Delhi--Hyderabad_D12_F8"", ""Delhi--Hyderabad_F12"", ""Delhi--Hyderabad_D13_F1"", ""Delhi--Hyderabad_D13_F2"", ""Delhi--Hyderabad_D13_F3"", ""Delhi--Hyderabad_D13_F4"", ""Delhi--Hyderabad_D13_F5"", ""Delhi--Hyderabad_D13_F6"", ""Delhi--Hyderabad_D13_F7"", ""Delhi--Hyderabad_D13_F8"", ""Delhi--Hyderabad_F13"", ""Delhi--Hyderabad_D14_F1"", ""Delhi--Hyderabad_D14_F2"", ""Delhi--Hyderabad_D14_F3"", ""Delhi--Hyderabad_D14_F4"", ""Delhi--Hyderabad_D14_F5"", ""Delhi--Hyderabad_D14_F6"", ""Delhi--Hyderabad_D14_F7"", ""Delhi--Hyderabad_D14_F8"", ""Delhi--Hyderabad_F14"", ""Delhi--Hyderabad_D15_F1"", ""Delhi--Hyderabad_D15_F2"", ""Delhi--Hyderabad_D15_F3"", ""Delhi--Hyderabad_D15_F4"", ""Delhi--Hyderabad_D15_F5"", ""Delhi--Hyderabad_D15_F6"", ""Delhi--Hyderabad_D15_F7"", ""Delhi--Hyderabad_D15_F8"", ""Delhi--Hyderabad_F15"", ""Delhi--Hyderabad_D16_F1"", ""Delhi--Hyderabad_D16_F2"", ""Delhi--Hyderabad_D16_F3"", ""Delhi--Hyderabad_D16_F4"", ""Delhi--Hyderabad_D16_F5"", ""Delhi--Hyderabad_D16_F6"", ""Delhi--Hyderabad_D16_F7"", ""Delhi--Hyderabad_D16_F8"", ""Delhi--Hyderabad_F16"", ""Delhi--Hyderabad_D16_F8"", ""Delhi--Hyderabad_F16"", ""Delhi--Hyderabad_D16_F8"", ""Delhi--Hyderabad_F16"", ""Delhi--Hyderabad_D16_F8"", ""Delhi--Hyderabad_F16"", ""Delhi--Hyderabad_D16_F8"", ""Delhi--Hyderabad_F16"", ""Delhi--Hyderabad_D16_F8"", ""Delhi--Hyderabad_F16"", ""Delhi--Hyderabad_D16_F8"", ""Delhi--Hyderabad_F16"", ""Delhi--Hyderabad_D16_F8"", ""Delhi--Hyderabad_F16""]"
BFS-hop,winter,80001,Delhi,Chennai,True,28,4.438360311244686,0,28,28,0,0,0,28,0,"[""Delhi"", ""Delhi--Hyderabad_F1"", ""Delhi--Hyderabad_F2"", ""Delhi--Hyderabad_F3"", ""Delhi--Hyderabad_F4"", ""Delhi--Hyderabad_F5"", ""Delhi--Hyderabad_F6"", ""Delhi--Hyderabad_F7"", ""Delhi--Hyderabad_F8"", ""Delhi--Hyderabad_F9"", ""Delhi--Hyderabad_F10"", ""Delhi--Hyderabad_F11"", ""Delhi--Hyderabad_F12"", ""Delhi--Hyderabad_F13"", ""Delhi--Hyderabad_F14"", ""Delhi--Hyderabad_F15"", ""Delhi--Hyderabad_F16"", ""Delhi--Hyderabad_F17"", ""Delhi--Hyderabad_F18"", ""Delhi--Hyderabad_F19"", ""Hyderabad"", ""Chennai--Hyderabad_F7"", ""Chennai--Hyderabad_F6"", ""Chennai--Hyderabad_F5"", ""Chennai--Hyderabad_F4"", ""Chennai--Hyderabad_F3"", ""Chennai--Hyderabad_F2"", ""Chennai--Hyderabad_F1"", ""Chennai""]"
Max-SKR,winter,80001,Delhi,Chennai,False,,-51.973422524368466,35,51,51,0,1,0,0,51,"[""Delhi"", ""Delhi--Hyderabad_D1_F1"", ""Delhi"", ""Delhi--Kolkata_D1_F1"", ""Delhi--Kolkata_D1_F2"", ""Delhi--Kolkata_D1_F1"", ""Delhi"", ""Delhi--Hyderabad_D1_F1"", ""Delhi--Hyderabad_D1_F2"", ""Delhi--Hyderabad_D1_F1"", ""Delhi--Hyderabad_D1_F2"", ""Delhi--Hyderabad_D1_F3"", ""Delhi--Hyderabad_D1_F2"", ""Delhi--Hyderabad_D1_F3"", ""Delhi--Hyderabad_D1_F4"", ""Delhi--Hyderabad_D1_F3"", ""Delhi--Hyderabad_D1_F4"", ""Delhi--Hyderabad_D1_F5"", ""Delhi--Hyderabad_D1_F6"", ""Delhi--Hyderabad_D1_F7"", ""Delhi--Hyderabad_D1_F8"", ""Delhi--Hyderabad_F1"", ""Delhi--Hyderabad_D2_F1"", ""Delhi--Hyderabad_D2_F2"", ""Delhi--Hyderabad_D2_F3"", ""Delhi--Hyderabad_D2_F4"", ""Delhi--Hyderabad_D2_F3"", ""Delhi--Hyderabad_D2_F2"", ""Delhi--Hyderabad_D2_F1"", ""Delhi--Hyderabad_D2_F2"", ""Delhi--Hyderabad_D2_F3"", ""Delhi--Hyderabad_D2_F4"", ""Delhi--Hyderabad_D2_F5"", ""Delhi--Hyderabad_D2_F4"", ""Delhi--Hyderabad_D2_F5"", ""Delhi--Hyderabad_D2_F4"", ""Delhi--Hyderabad_D2_F3"", ""Delhi--Hyderabad_D2_F2"", ""Delhi--Hyderabad_D2_F1"", ""Delhi--Hyderabad_F1"", ""Delhi--Hyderabad_D2_F1"", ""Delhi--Hyderabad_D2_F2"", ""Delhi--Hyderabad_D2_F1"", ""Delhi--Hyderabad_D2_F2"", ""Delhi--Hyderabad_D2_F3"", ""Delhi--Hyderabad_D2_F2"", ""Delhi--Hyderabad_D2_F3"", ""Delhi--Hyderabad_D2_F2"", ""Delhi--Hyderabad_D2_F1"", ""Delhi--Hyderabad_D2_F2"", ""Delhi--Hyderabad_D2_F3"", ""Delhi--Hyderabad_D2_F2""]"
GNN-PPO,winter,80002,Delhi,Chennai,True,28,4.438360311244686,0,28,28,0,0,0,28,0,"[""Delhi"", ""Delhi--Hyderabad_F1"", ""Delhi--Hyderabad_F2"", ""Delhi--Hyderabad_F3"", ""Delhi--Hyderabad_F4"", ""Delhi--Hyderabad_F5"", ""Delhi--Hyderabad_F6"", ""Delhi--Hyderabad_F7"", ""Delhi--Hyderabad_F8"", ""Delhi--Hyderabad_F9"", ""Delhi--Hyderabad_F10"", ""Delhi--Hyderabad_F11"", ""Delhi--Hyderabad_F12"", ""Delhi--Hyderabad_F13"", ""Delhi--Hyderabad_F14"", ""Delhi--Hyderabad_F15"", ""Delhi--Hyderabad_F16"", ""Delhi--Hyderabad_F17"", ""Delhi--Hyderabad_F18"", ""Delhi--Hyderabad_F19"", ""Hyderabad"", ""Chennai--Hyderabad_F7"", ""Chennai--Hyderabad_F6"", ""Chennai--Hyderabad_F5"", ""Chennai--Hyderabad_F4"", ""Chennai--Hyderabad_F3"", ""Chennai--Hyderabad_F2"", ""Chennai--Hyderabad_F1"", ""Chennai""]"
Random,winter,80002,Delhi,Chennai,False,,-532.874345205285,305,371,371,0,0,0,20,351,"[""Delhi"", ""Delhi--Jaipur_D1_F1"", ""Delhi"", ""Delhi--Kolkata_F1"", ""Delhi--Kolkata_D1_F8"", ""Delhi--Kolkata_D1_F7"", ""Delhi--Kolkata_D1_F6"", ""Delhi--Kolkata_D1_F7"", ""Delhi--Kolkata_D1_F8"", ""Delhi--Kolkata_F1"", ""Delhi"", ""Delhi--Hyderabad_F1"", ""Delhi--Hyderabad_F2"", ""Delhi--Hyderabad_D2_F8"", ""Delhi--Hyderabad_F2"", ""Delhi--Hyderabad_D2_F8"", ""Delhi--Hyderabad_D2_F7"", ""Delhi--Hyderabad_D2_F8"", ""Delhi--Hyderabad_F2"", ""Delhi--Hyderabad_D2_F8"", ""Delhi--Hyderabad_D2_F7"", ""Delhi--Hyderabad_D2_F6"", ""Delhi--Hyderabad_D2_F5"", ""Delhi--Hyderabad_D2_F6"", ""Delhi--Hyderabad_D2_F5"", ""Delhi--Hyderabad_D2_F4"", ""Delhi--Hyderabad_D2_F3"", ""Delhi--Hyderabad_D2_F2"", ""Delhi--Hyderabad_D2_F1"", ""Delhi--Hyderabad_F1"", ""Delhi--Hyderabad_D1_F8"", ""Delhi--Hyderabad_F1"", ""Delhi--Hyderabad_D2_F1"", ""Delhi--Hyderabad_D2_F2"", ""Delhi--Hyderabad_D2_F3"", ""Delhi--Hyderabad_D2_F2"", ""Delhi--Hyderabad_D2_F3"", ""Delhi--Hyderabad_D2_F4"", ""Delhi--Hyderabad_D2_F3"", ""Delhi--Hyderabad_D2_F2"", ""Delhi--Hyderabad_D2_F1"", ""Delhi--Hyderabad_D2_F2"", ""Delhi--Hyderabad_D2_F1"", ""Delhi--Hyderabad_F1"", ""Delhi--Hyderabad_D2_F1"", ""Delhi--Hyderabad_D2_F2"", ""Delhi--Hyderabad_D2_F1"", ""Delhi--Hyderabad_D2_F2"", ""Delhi--Hyderabad_D2_F3"", ""Delhi--Hyderabad_D2_F2"", ""Delhi--Hyderabad_D2_F1"", ""Delhi--Hyderabad_F1"", ""Delhi--Hyderabad_D1_F8"", ""Delhi--Hyderabad_D1_F7"", ""Delhi--Hyderabad_D1_F6"", ""Delhi--Hyderabad_D1_F5"", ""Delhi--Hyderabad_D1_F6"", ""Delhi--Hyderabad_D1_F5"", ""Delhi--Hyderabad_D1_F6"", ""Delhi--Hyderabad_D1_F5"", ""Delhi--Hyderabad_D1_F6"", ""Delhi--Hyderabad_D1_F5"", ""Delhi--Hyderabad_D1_F4"", ""Delhi--Hyderabad_D1_F3"", ""Delhi--Hyderabad_D1_F2"", ""Delhi--Hyderabad_D1_F1"", ""Delhi--Hyderabad_D1_F2"", ""Delhi--Hyderabad_D1_F3"", ""Delhi--Hyderabad_D1_F4"", ""Delhi--Hyderabad_D1_F3"", ""Delhi--Hyderabad_D1_F2"", ""Delhi--Hyderabad_D1_F3"", ""Delhi--Hyderabad_D1_F2"", ""Delhi--Hyderabad_D1_F1"", ""Delhi--Hyderabad_D1_F2"", ""Delhi--Hyderabad_D1_F3"", ""Delhi--Hyderabad_D1_F4"", ""Delhi--Hyderabad_D1_F3"", ""Delhi--Hyderabad_D1_F2"", ""Delhi--Hyderabad_D1_F3"", ""Delhi--Hyderabad_D1_F2"", ""Delhi--Hyderabad_D1_F3"", ""Delhi--Hyderabad_D1_F2"", ""Delhi--Hyderabad_D1_F3"", ""Delhi--Hyderabad_D1_F4"", ""Delhi--Hyderabad_D1_F3"", ""Delhi--Hyderabad_D1_F4"", ""Delhi--Hyderabad_D1_F5"", ""Delhi--Hyderabad_D1_F6"", ""Delhi--Hyderabad_D1_F7"", ""Delhi--Hyderabad_D1_F6"", ""Delhi--Hyderabad_D1_F5"", ""Delhi--Hyderabad_D1_F6"", ""Delhi--Hyderabad_D1_F7"", ""Delhi--Hyderabad_D1_F6"", ""Delhi--Hyderabad_D1_F7"", ""Delhi--Hyderabad_D1_F6"", ""Delhi--Hyderabad_D1_F7"", ""Delhi--Hyderabad_D1_F8"", ""Delhi--Hyderabad_F1"", ""Delhi"", ""Delhi--Jaipur_D1_F1"", ""Delhi--Jaipur_D1_F2"", ""Delhi--Jaipur_D1_F3"", ""Delhi--Jaipur_D1_F4"", ""Delhi--Jaipur_D1_F5"", ""Delhi--Jaipur_D1_F6"", ""Delhi--Jaipur_D1_F5"", ""Delhi--Jaipur_D1_F6"", ""Delhi--Jaipur_D1_F5"", ""Delhi--Jaipur_D1_F4"", ""Delhi--Jaipur_D1_F3"", ""Delhi--Jaipur_D1_F2"", ""Delhi--Jaipur_D1_F1"", ""Delhi"", ""Delhi--Hyderabad_D1_F1"", ""Delhi--Hyderabad_D1_F2"", ""Delhi--Hyderabad_D1_F1"", ""Delhi"", ""Delhi--Kolkata_D1_F1"", ""Delhi"", ""Delhi--Jaipur_D1_F1"", ""Delhi--Jaipur_D1_F2"", ""Delhi--Jaipur_D1_F3"", ""Delhi--Jaipur_D1_F4"", ""Delhi--Jaipur_D1_F3"", ""Delhi--Jaipur_D1_F2"", ""Delhi--Jaipur_D1_F3"", ""Delhi--Jaipur_D1_F2"", ""Delhi--Jaipur_D1_F1"", ""Delhi"", ""Delhi--Hyderabad_F1"", ""Delhi--Hyderabad_F2"", ""Delhi--Hyderabad_D3_F1"", ""Delhi--Hyderabad_F2"", ""Delhi--Hyderabad_D3_F1"", ""Delhi--Hyderabad_F2"", ""Delhi--Hyderabad_D2_F8"", ""Delhi--Hyderabad_F2"", ""Delhi--Hyderabad_D2_F8"", ""Delhi--Hyderabad_F2"", ""Delhi--Hyderabad_F3"", ""Delhi--Hyderabad_F2"", ""Delhi--Hyderabad_D3_F1"", ""Delhi--Hyderabad_D3_F2"", ""Delhi--Hyderabad_D3_F1"", ""Delhi--Hyderabad_D3_F2"", ""Delhi--Hyderabad_D3_F1"", ""Delhi--Hyderabad_D3_F2"", ""Delhi--Hyderabad_D3_F3"", ""Delhi--Hyderabad_D3_F4"", ""Delhi--Hyderabad_D3_F3"", ""Delhi--Hyderabad_D3_F2"", ""Delhi--Hyderabad_D3_F1"", ""Delhi--Hyderabad_D3_F2"", ""Delhi--Hyderabad_D3_F3"", ""Delhi--Hyderabad_D3_F4"", ""Delhi--Hyderabad_D3_F5"", ""Delhi--Hyderabad_D3_F6"", ""Delhi--Hyderabad_D3_F7"", ""Delhi--Hyderabad_D3_F6"", ""Delhi--Hyderabad_D3_F7"", ""Delhi--Hyderabad_D3_F6"", ""Delhi--Hyderabad_D3_F5"", ""Delhi--Hyderabad_D3_F4"", ""Delhi--Hyderabad_D3_F3"", ""Delhi--Hyderabad_D3_F2"", ""Delhi--Hyderabad_D3_F1"", ""Delhi--Hyderabad_F2"", ""Delhi--Hyderabad_F3"", ""Delhi--Hyderabad_F4"", ""Delhi--Hyderabad_F5"", ""Delhi--Hyderabad_D5_F8"", ""Delhi--Hyderabad_D5_F7"", ""Delhi--Hyderabad_D5_F6"", ""Delhi--Hyderabad_D5_F5"", ""Delhi--Hyderabad_D5_F4"", ""Delhi--Hyderabad_D5_F3"", ""Delhi--Hyderabad_D5_F4"", ""Delhi--Hyderabad_D5_F5"", ""Delhi--Hyderabad_D5_F6"", ""Delhi--Hyderabad_D5_F5"", ""Delhi--Hyderabad_D5_F4"", ""Delhi--Hyderabad_D5_F5"", ""Delhi--Hyderabad_D5_F4"", ""Delhi--Hyderabad_D5_F5"", ""Delhi--Hyderabad_D5_F6"", ""Delhi--Hyderabad_D5_F7"", ""Delhi--Hyderabad_D5_F8"", ""Delhi--Hyderabad_F5"", ""Delhi--Hyderabad_F6"", ""Delhi--Hyderabad_D7_F1"", ""Delhi--Hyderabad_F6"", ""Delhi--Hyderabad_D6_F8"", ""Delhi--Hyderabad_F6"", ""Delhi--Hyderabad_D6_F8"", ""Delhi--Hyderabad_F6"", ""Delhi--Hyderabad_D7_F1"", ""Delhi--Hyderabad_D7_F2"", ""Delhi--Hyderabad_D7_F1"", ""Delhi--Hyderabad_D7_F2"", ""Delhi--Hyderabad_D7_F1"", ""Delhi--Hyderabad_D7_F2"", ""Delhi--Hyderabad_D7_F3"", ""Delhi--Hyderabad_D7_F2"", ""Delhi--Hyderabad_D7_F1"", ""Delhi--Hyderabad_F6"", ""Delhi--Hyderabad_D7_F1"", ""Delhi--Hyderabad_D7_F2"", ""Delhi--Hyderabad_D7_F3"", ""Delhi--Hyderabad_D7_F2"", ""Delhi--Hyderabad_D7_F1"", ""Delhi--Hyderabad_D7_F2"", ""Delhi--Hyderabad_D7_F3"", ""Delhi--Hyderabad_D7_F2"", ""Delhi--Hyderabad_D7_F3"", ""Delhi--Hyderabad_D7_F2"", ""Delhi--Hyderabad_D7_F3"", ""Delhi--Hyderabad_D7_F4"", ""Delhi--Hyderabad_D7_F5"", ""Delhi--Hyderabad_D7_F6"", ""Delhi--Hyderabad_D7_F7"", ""Delhi--Hyderabad_D7_F6"", ""Delhi--Hyderabad_D7_F5"", ""Delhi--Hyderabad_D7_F6"", ""Delhi--Hyderabad_D7_F7"", ""Delhi--Hyderabad_D7_F6"", ""Delhi--Hyderabad_D7_F5"", ""Delhi--Hyderabad_D7_F4"", ""Delhi--Hyderabad_D7_F5"", ""Delhi--Hyderabad_D7_F4"", ""Delhi--Hyderabad_D7_F5"", ""Delhi--Hyderabad_D7_F6"", ""Delhi--Hyderabad_D7_F7"", ""Delhi--Hyderabad_D7_F6"", ""Delhi--Hyderabad_D7_F5"", ""Delhi--Hyderabad_D7_F6"", ""Delhi--Hyderabad_D7_F5"", ""Delhi--Hyderabad_D7_F6"", ""Delhi--Hyderabad_D7_F5"", ""Delhi--Hyderabad_D7_F4"", ""Delhi--Hyderabad_D7_F5"", ""Delhi--Hyderabad_D7_F4"", ""Delhi--Hyderabad_D7_F5"", ""Delhi--Hyderabad_D7_F6"", ""Delhi--Hyderabad_D7_F7"", ""Delhi--Hyderabad_D7_F6"", ""Delhi--Hyderabad_D7_F5"", ""Delhi--Hyderabad_D7_F4"", ""Delhi--Hyderabad_D7_F5"", ""Delhi--Hyderabad_D7_F4"", ""Delhi--Hyderabad_D7_F3"", ""Delhi--Hyderabad_D7_F2"", ""Delhi--Hyderabad_D7_F1"", ""Delhi--Hyderabad_D7_F2"", ""Delhi--Hyderabad_D7_F1"", ""Delhi--Hyderabad_F6"", ""Delhi--Hyderabad_D7_F1"", ""Delhi--Hyderabad_F6"", ""Delhi--Hyderabad_D6_F8"", ""Delhi--Hyderabad_F6"", ""Delhi--Hyderabad_F7"", ""Delhi--Hyderabad_D7_F8"", ""Delhi--Hyderabad_F7"", ""Delhi--Hyderabad_D8_F1"", ""Delhi--Hyderabad_D8_F2"", ""Delhi--Hyderabad_D8_F1"", ""Delhi--Hyderabad_D8_F2"", ""Delhi--Hyderabad_D8_F3"", ""Delhi--Hyderabad_D8_F2"", ""Delhi--Hyderabad_D8_F1"", ""Delhi--Hyderabad_F7"", ""Delhi--Hyderabad_D7_F8"", ""Delhi--Hyderabad_F7"", ""Delhi--Hyderabad_F6"", ""Delhi--Hyderabad_F5"", ""Delhi--Hyderabad_D5_F8"", ""Delhi--Hyderabad_D5_F7"", ""Delhi--Hyderabad_D5_F6"", ""Delhi--Hyderabad_D5_F5"", ""Delhi--Hyderabad_D5_F4"", ""Delhi--Hyderabad_D5_F5"", ""Delhi--Hyderabad_D5_F6"", ""Delhi--Hyderabad_D5_F5"", ""Delhi--Hyderabad_D5_F6"", ""Delhi--Hyderabad_D5_F5"", ""Delhi--Hyderabad_D5_F4"", ""Delhi--Hyderabad_D5_F3"", ""Delhi--Hyderabad_D5_F2"", ""Delhi--Hyderabad_D5_F3"", ""Delhi--Hyderabad_D5_F4"", ""Delhi--Hyderabad_D5_F3"", ""Delhi--Hyderabad_D5_F4"", ""Delhi--Hyderabad_D5_F3"", ""Delhi--Hyderabad_D5_F2"", ""Delhi--Hyderabad_D5_F1"", ""Delhi--Hyderabad_D5_F2"", ""Delhi--Hyderabad_D5_F1"", ""Delhi--Hyderabad_F4"", ""Delhi--Hyderabad_D5_F1"", ""Delhi--Hyderabad_F4"", ""Delhi--Hyderabad_D4_F8"", ""Delhi--Hyderabad_F4"", ""Delhi--Hyderabad_F3"", ""Delhi--Hyderabad_F2"", ""Delhi--Hyderabad_F1"", ""Delhi"", ""Delhi--Kolkata_D1_F1"", ""Delhi--Kolkata_D1_F2"", ""Delhi--Kolkata_D1_F3"", ""Delhi--Kolkata_D1_F2"", ""Delhi--Kolkata_D1_F3"", ""Delhi--Kolkata_D1_F4"", ""Delhi--Kolkata_D1_F3"", ""Delhi--Kolkata_D1_F4"", ""Delhi--Kolkata_D1_F3"", ""Delhi--Kolkata_D1_F4"", ""Delhi--Kolkata_D1_F3"", ""Delhi--Kolkata_D1_F4"", ""Delhi--Kolkata_D1_F5"", ""Delhi--Kolkata_D1_F6"", ""Delhi--Kolkata_D1_F5"", ""Delhi--Kolkata_D1_F4"", ""Delhi--Kolkata_D1_F3"", ""Delhi--Kolkata_D1_F4"", ""Delhi--Kolkata_D1_F5"", ""Delhi--Kolkata_D1_F4"", ""Delhi--Kolkata_D1_F3"", ""Delhi--Kolkata_D1_F4"", ""Delhi--Kolkata_D1_F5"", ""Delhi--Kolkata_D1_F6"", ""Delhi--Kolkata_D1_F7"", ""Delhi--Kolkata_D1_F8"", ""Delhi--Kolkata_D1_F7"", ""Delhi--Kolkata_D1_F6"", ""Delhi--Kolkata_D1_F5"", ""Delhi--Kolkata_D1_F4"", ""Delhi--Kolkata_D1_F5"", ""Delhi--Kolkata_D1_F6"", ""Delhi--Kolkata_D1_F7"", ""Delhi--Kolkata_D1_F6"", ""Delhi--Kolkata_D1_F7"", ""Delhi--Kolkata_D1_F6"", ""Delhi--Kolkata_D1_F7"", ""Delhi--Kolkata_D1_F8"", ""Delhi--Kolkata_F1"", ""Delhi--Kolkata_D1_F8"", ""Delhi--Kolkata_D1_F7"", ""Delhi--Kolkata_D1_F8"", ""Delhi--Kolkata_D1_F7"", ""Delhi--Kolkata_D1_F6"", ""Delhi--Kolkata_D1_F7"", ""Delhi--Kolkata_D1_F6"", ""Delhi--Kolkata_D1_F5"", ""Delhi--Kolkata_D1_F4"", ""Delhi--Kolkata_D1_F3"", ""Delhi--Kolkata_D1_F2"", ""Delhi--Kolkata_D1_F3"", ""Delhi--Kolkata_D1_F2"", ""Delhi--Kolkata_D1_F3"", ""Delhi--Kolkata_D1_F4"", ""Delhi--Kolkata_D1_F3"", ""Delhi--Kolkata_D1_F2"", ""Delhi--Kolkata_D1_F3"", ""Delhi--Kolkata_D1_F2"", ""Delhi--Kolkata_D1_F3"", ""Delhi--Kolkata_D1_F2"", ""Delhi--Kolkata_D1_F1"", ""Delhi--Kolkata_D1_F2"", ""Delhi--Kolkata_D1_F3"", ""Delhi--Kolkata_D1_F2"", ""Delhi--Kolkata_D1_F3""]"
Dijkstra-km,winter,80002,Delhi,Chennai,True,243,209.98959633578525,0,243,243,0,0,0,0,243,"[""Delhi"", ""Delhi--Hyderabad_D1_F1"", ""Delhi--Hyderabad_D1_F2"", ""Delhi--Hyderabad_D1_F3"", ""Delhi--Hyderabad_D1_F4"", ""Delhi--Hyderabad_D1_F5"", ""Delhi--Hyderabad_D1_F6"", ""Delhi--Hyderabad_D1_F7"", ""Delhi--Hyderabad_D1_F8"", ""Delhi--Hyderabad_F1"", ""Delhi--Hyderabad_D2_F1"", ""Delhi--Hyderabad_D2_F2"", ""Delhi--Hyderabad_D2_F3"", ""Delhi--Hyderabad_D2_F4"", ""Delhi--Hyderabad_D2_F5"", ""Delhi--Hyderabad_D2_F6"", ""Delhi--Hyderabad_D2_F7"", ""Delhi--Hyderabad_D2_F8"", ""Delhi--Hyderabad_F2"", ""Delhi--Hyderabad_D3_F1"", ""Delhi--Hyderabad_D3_F2"", ""Delhi--Hyderabad_D3_F3"", ""Delhi--Hyderabad_D3_F4"", ""Delhi--Hyderabad_D3_F5"", ""Delhi--Hyderabad_D3_F6"", ""Delhi--Hyderabad_D3_F7"", ""Delhi--Hyderabad_D3_F8"", ""Delhi--Hyderabad_F3"", ""Delhi--Hyderabad_D4_F1"", ""Delhi--Hyderabad_D4_F2"", ""Delhi--Hyderabad_D4_F3"", ""Delhi--Hyderabad_D4_F4"", ""Delhi--Hyderabad_D4_F5"", ""Delhi--Hyderabad_D4_F6"", ""Delhi--Hyderabad_D4_F7"", ""Delhi--Hyderabad_D4_F8"", ""Delhi--Hyderabad_F4"", ""Delhi--Hyderabad_D5_F1"", ""Delhi--Hyderabad_D5_F2"", ""Delhi--Hyderabad_D5_F3"", ""Delhi--Hyderabad_D5_F4"", ""Delhi--Hyderabad_D5_F5"", ""Delhi--Hyderabad_D5_F6"", ""Delhi--Hyderabad_D5_F7"", ""Delhi--Hyderabad_D5_F8"", ""Delhi--Hyderabad_F5"", ""Delhi--Hyderabad_D6_F1"", ""Delhi--Hyderabad_D6_F2"", ""Delhi--Hyderabad_D6_F3"", ""Delhi--Hyderabad_D6_F4"", ""Delhi--Hyderabad_D6_F5"", ""Delhi--Hyderabad_D6_F6"", ""Delhi--Hyderabad_D6_F7"", ""Delhi--Hyderabad_D6_F8"", ""Delhi--Hyderabad_F6"", ""Delhi--Hyderabad_D7_F1"", ""Delhi--Hyderabad_D7_F2"", ""Delhi--Hyderabad_D7_F3"", ""Delhi--Hyderabad_D7_F4"", ""Delhi--Hyderabad_D7_F5"", ""Delhi--Hyderabad_D7_F6"", ""Delhi--Hyderabad_D7_F7"", ""Delhi--Hyderabad_D7_F8"", ""Delhi--Hyderabad_F7"", ""Delhi--Hyderabad_D8_F1"", ""Delhi--Hyderabad_D8_F2"", ""Delhi--Hyderabad_D8_F3"", ""Delhi--Hyderabad_D8_F4"", ""Delhi--Hyderabad_D8_F5"", ""Delhi--Hyderabad_D8_F6"", ""Delhi--Hyderabad_D8_F7"", ""Delhi--Hyderabad_D8_F8"", ""Delhi--Hyderabad_F8"", ""Delhi--Hyderabad_D9_F1"", ""Delhi--Hyderabad_D9_F2"", ""Delhi--Hyderabad_D9_F3"", ""Delhi--Hyderabad_D9_F4"", ""Delhi--Hyderabad_D9_F5"", ""Delhi--Hyderabad_D9_F6"", ""Delhi--Hyderabad_D9_F7"", ""Delhi--Hyderabad_D9_F8"", ""Delhi--Hyderabad_F9"", ""Delhi--Hyderabad_D10_F1"", ""Delhi--Hyderabad_D10_F2"", ""Delhi--Hyderabad_D10_F3"", ""Delhi--Hyderabad_D10_F4"", ""Delhi--Hyderabad_D10_F5"", ""Delhi--Hyderabad_D10_F6"", ""Delhi--Hyderabad_D10_F7"", ""Delhi--Hyderabad_D10_F8"", ""Delhi--Hyderabad_F10"", ""Delhi--Hyderabad_D11_F1"", ""Delhi--Hyderabad_D11_F2"", ""Delhi--Hyderabad_D11_F3"", ""Delhi--Hyderabad_D11_F4"", ""Delhi--Hyderabad_D11_F5"", ""Delhi--Hyderabad_D11_F6"", ""Delhi--Hyderabad_D11_F7"", ""Delhi--Hyderabad_D11_F8"", ""Delhi--Hyderabad_F11"", ""Delhi--Hyderabad_D12_F1"", ""Delhi--Hyderabad_D12_F2"", ""Delhi--Hyderabad_D12_F3"", ""Delhi--Hyderabad_D12_F4"", ""Delhi--Hyderabad_D12_F5"", ""Delhi--Hyderabad_D12_F6"", ""Delhi--Hyderabad_D12_F7"", ""Delhi--Hyderabad_D12_F8"", ""Delhi--Hyderabad_F12"", ""Delhi--Hyderabad_D13_F1"", ""Delhi--Hyderabad_D13_F2"", ""Delhi--Hyderabad_D13_F3"", ""Delhi--Hyderabad_D13_F4"", ""Delhi--Hyderabad_D13_F5"", ""Delhi--Hyderabad_D13_F6"", ""Delhi--Hyderabad_D13_F7"", ""Delhi--Hyderabad_D13_F8"", ""Delhi--Hyderabad_F13"", ""Delhi--Hyderabad_D14_F1"", ""Delhi--Hyderabad_D14_F2"", ""Delhi--Hyderabad_D14_F3"", ""Delhi--Hyderabad_D14_F4"", ""Delhi--Hyderabad_D14_F5"", ""Delhi--Hyderabad_D14_F6"", ""Delhi--Hyderabad_D14_F7"", ""Delhi--Hyderabad_D14_F8"", ""Delhi--Hyderabad_F14"", ""Delhi--Hyderabad_D15_F1"", ""Delhi--Hyderabad_D15_F2"", ""Delhi--Hyderabad_D15_F3"", ""Delhi--Hyderabad_D15_F4"", ""Delhi--Hyderabad_D15_F5"", ""Delhi--Hyderabad_D15_F6"", ""Delhi--Hyderabad_D15_F7"", ""Delhi--Hyderabad_D15_F8"", ""Delhi--Hyderabad_F15"", ""Delhi--Hyderabad_D16_F1"", ""Delhi--Hyderabad_D16_F2"", ""Delhi--Hyderabad_D16_F3"", ""Delhi--Hyderabad_D16_F4"", ""Delhi--Hyderabad_D16_F5"", ""Delhi--Hyderabad_D16_F6"", ""Delhi--Hyderabad_D16_F7"", ""Delhi--Hyderabad_D16_F8"", ""Delhi--Hyderabad_F16"", ""Delhi--Hyderabad_D17_F1"", ""Delhi--Hyderabad_D17_F2"", ""Delhi--Hyderabad_D17_F3"", ""Delhi--Hyderabad_D17_F4"", ""Delhi--Hyderabad_D17_F5"", ""Delhi--Hyderabad_D17_F6"", ""Delhi--Hyderabad_D17_F7"", ""Delhi--Hyderabad_D17_F8"", ""Delhi--Hyderabad_F17"", ""Delhi--Hyderabad_D18_F1"", ""Delhi--Hyderabad_D18_F2"", ""Delhi--Hyderabad_D18_F3"", ""Delhi--Hyderabad_D18_F4"", ""Delhi--Hyderabad_D18_F5"", ""Delhi--Hyderabad_D18_F6"", ""Delhi--Hyderabad_D18_F7"", ""Delhi--Hyderabad_D18_F8"", ""Delhi--Hyderabad_F18"", ""Delhi--Hyderabad_D19_F1"", ""Delhi--Hyderabad_D19_F2"", ""Delhi--Hyderabad_D19_F3"", ""Delhi--Hyderabad_D19_F4"", ""Delhi--Hyderabad_D19_F5"", ""Delhi--Hyderabad_D19_F6"", ""Delhi--Hyderabad_D19_F7"", ""Delhi--Hyderabad_D19_F8"", ""Delhi--Hyderabad_F19"", ""Delhi--Hyderabad_D20_F1"", ""Hyderabad"", ""Chennai--Hyderabad_D8_F6"", ""Chennai--Hyderabad_D8_F5"", ""Chennai--Hyderabad_D8_F4"", ""Chennai--Hyderabad_D8_F3"", ""Chennai--Hyderabad_D8_F2"", ""Chennai--Hyderabad_D8_F1"", ""Chennai--Hyderabad_F7"", ""Chennai--Hyderabad_D7_F8"", ""Chennai--Hyderabad_D7_F7"", ""Chennai--Hyderabad_D7_F6"", ""Chennai--Hyderabad_D7_F5"", ""Chennai--Hyderabad_D7_F4"", ""Chennai--Hyderabad_D7_F3"", ""Chennai--Hyderabad_D7_F2"", ""Chennai--Hyderabad_D7_F1"", ""Chennai--Hyderabad_F6"", ""Chennai--Hyderabad_D6_F8"", ""Chennai--Hyderabad_D6_F7"", ""Chennai--Hyderabad_D6_F6"", ""Chennai--Hyderabad_D6_F5"", ""Chennai--Hyderabad_D6_F4"", ""Chennai--Hyderabad_D6_F3"", ""Chennai--Hyderabad_D6_F2"", ""Chennai--Hyderabad_D6_F1"", ""Chennai--Hyderabad_F5"", ""Chennai--Hyderabad_D5_F8"", ""Chennai--Hyderabad_D5_F7"", ""Chennai--Hyderabad_D5_F6"", ""Chennai--Hyderabad_D5_F5"", ""Chennai--Hyderabad_D5_F4"", ""Chennai--Hyderabad_D5_F3"", ""Chennai--Hyderabad_D5_F2"", ""Chennai--Hyderabad_D5_F1"", ""Chennai--Hyderabad_F4"", ""Chennai--Hyderabad_D4_F8"", ""Chennai--Hyderabad_D4_F7"", ""Chennai--Hyderabad_D4_F6"", ""Chennai--Hyderabad_D4_F5"", ""Chennai--Hyderabad_D4_F4"", ""Chennai--Hyderabad_D4_F3"", ""Chennai--Hyderabad_D4_F2"", ""Chennai--Hyderabad_D4_F1"", ""Chennai--Hyderabad_F3"", ""Chennai--Hyderabad_D3_F8"", ""Chennai--Hyderabad_D3_F7"", ""Chennai--Hyderabad_D3_F6"", ""Chennai--Hyderabad_D3_F5"", ""Chennai--Hyderabad_D3_F4"", ""Chennai--Hyderabad_D3_F3"", ""Chennai--Hyderabad_D3_F2"", ""Chennai--Hyderabad_D3_F1"", ""Chennai--Hyderabad_F2"", ""Chennai--Hyderabad_D2_F8"", ""Chennai--Hyderabad_D2_F7"", ""Chennai--Hyderabad_D2_F6"", ""Chennai--Hyderabad_D2_F5"", ""Chennai--Hyderabad_D2_F4"", ""Chennai--Hyderabad_D2_F3"", ""Chennai--Hyderabad_D2_F2"", ""Chennai--Hyderabad_D2_F1"", ""Chennai--Hyderabad_F1"", ""Chennai--Hyderabad_D1_F8"", ""Chennai--Hyderabad_D1_F7"", ""Chennai--Hyderabad_D1_F6"", ""Chennai--Hyderabad_D1_F5"", ""Chennai--Hyderabad_D1_F4"", ""Chennai--Hyderabad_D1_F3"", ""Chennai--Hyderabad_D1_F2"", ""Chennai--Hyderabad_D1_F1"", ""Chennai""]"
BFS-hop,winter,80002,Delhi,Chennai,True,28,4.438360311244686,0,28,28,0,0,0,28,0,"[""Delhi"", ""Delhi--Hyderabad_F1"", ""Delhi--Hyderabad_F2"", ""Delhi--Hyderabad_F3"", ""Delhi--Hyderabad_F4"", ""Delhi--Hyderabad_F5"", ""Delhi--Hyderabad_F6"", ""Delhi--Hyderabad_F7"", ""Delhi--Hyderabad_F8"", ""Delhi--Hyderabad_F9"", ""Delhi--Hyderabad_F10"", ""Delhi--Hyderabad_F11"", ""Delhi--Hyderabad_F12"", ""Delhi--Hyderabad_F13"", ""Delhi--Hyderabad_F14"", ""Delhi--Hyderabad_F15"", ""Delhi--Hyderabad_F16"", ""Delhi--Hyderabad_F17"", ""Delhi--Hyderabad_F18"", ""Delhi--Hyderabad_F19"", ""Hyderabad"", ""Chennai--Hyderabad_F7"", ""Chennai--Hyderabad_F6"", ""Chennai--Hyderabad_F5"", ""Chennai--Hyderabad_F4"", ""Chennai--Hyderabad_F3"", ""Chennai--Hyderabad_F2"", ""Chennai--Hyderabad_F1"", ""Chennai""]"
Max-SKR,winter,80002,Delhi,Chennai,False,,-99.06284860302377,58,69,69,0,0,0,0,69,"[""Delhi"", ""Delhi--Hyderabad_D1_F1"", ""Delhi"", ""Delhi--Jaipur_D1_F1"", ""Delhi"", ""Delhi--Hyderabad_D1_F1"", ""Delhi--Hyderabad_D1_F2"", ""Delhi--Hyderabad_D1_F3"", ""Delhi--Hyderabad_D1_F2"", ""Delhi--Hyderabad_D1_F3"", ""Delhi--Hyderabad_D1_F2"", ""Delhi--Hyderabad_D1_F1"", ""Delhi--Hyderabad_D1_F2"", ""Delhi--Hyderabad_D1_F1"", ""Delhi"", ""Delhi--Jaipur_D1_F1"", ""Delhi"", ""Delhi--Kolkata_D1_F1"", ""Delhi"", ""Delhi--Kolkata_D1_F1"", ""Delhi--Kolkata_D1_F2"", ""Delhi--Kolkata_D1_F1"", ""Delhi--Kolkata_D1_F2"", ""Delhi--Kolkata_D1_F1"", ""Delhi"", ""Delhi--Jaipur_D1_F1"", ""Delhi--Jaipur_D1_F2"", ""Delhi--Jaipur_D1_F1"", ""Delhi"", ""Delhi--Hyderabad_D1_F1"", ""Delhi--Hyderabad_D1_F2"", ""Delhi--Hyderabad_D1_F3"", ""Delhi--Hyderabad_D1_F4"", ""Delhi--Hyderabad_D1_F5"", ""Delhi--Hyderabad_D1_F6"", ""Delhi--Hyderabad_D1_F5"", ""Delhi--Hyderabad_D1_F6"", ""Delhi--Hyderabad_D1_F5"", ""Delhi--Hyderabad_D1_F4"", ""Delhi--Hyderabad_D1_F3"", ""Delhi--Hyderabad_D1_F2"", ""Delhi--Hyderabad_D1_F3"", ""Delhi--Hyderabad_D1_F2"", ""Delhi--Hyderabad_D1_F3"", ""Delhi--Hyderabad_D1_F4"", ""Delhi--Hyderabad_D1_F5"", ""Delhi--Hyderabad_D1_F4"", ""Delhi--Hyderabad_D1_F5"", ""Delhi--Hyderabad_D1_F4"", ""Delhi--Hyderabad_D1_F3"", ""Delhi--Hyderabad_D1_F2"", ""Delhi--Hyderabad_D1_F1"", ""Delhi--Hyderabad_D1_F2"", ""Delhi--Hyderabad_D1_F3"", ""Delhi--Hyderabad_D1_F2"", ""Delhi--Hyderabad_D1_F3"", ""Delhi--Hyderabad_D1_F4"", ""Delhi--Hyderabad_D1_F5"", ""Delhi--Hyderabad_D1_F6"", ""Delhi--Hyderabad_D1_F7"", ""Delhi--Hyderabad_D1_F6"", ""Delhi--Hyderabad_D1_F7"", ""Delhi--Hyderabad_D1_F6"", ""Delhi--Hyderabad_D1_F5"", ""Delhi--Hyderabad_D1_F6"", ""Delhi--Hyderabad_D1_F5"", ""Delhi--Hyderabad_D1_F4"", ""Delhi--Hyderabad_D1_F3"", ""Delhi--Hyderabad_D1_F2"", ""Delhi--Hyderabad_D1_F3""]"
GNN-PPO,winter,80003,Delhi,Chennai,True,30,1.17470497843913,1,30,30,0,0,0,28,2,"[""Delhi"", ""Delhi--Hyderabad_F1"", ""Delhi--Hyderabad_F2"", ""Delhi--Hyderabad_F3"", ""Delhi--Hyderabad_F4"", ""Delhi--Hyderabad_F5"", ""Delhi--Hyderabad_F6"", ""Delhi--Hyderabad_F7"", ""Delhi--Hyderabad_F8"", ""Delhi--Hyderabad_F9"", ""Delhi--Hyderabad_F10"", ""Delhi--Hyderabad_D11_F1"", ""Delhi--Hyderabad_F10"", ""Delhi--Hyderabad_F11"", ""Delhi--Hyderabad_F12"", ""Delhi--Hyderabad_F13"", ""Delhi--Hyderabad_F14"", ""Delhi--Hyderabad_F15"", ""Delhi--Hyderabad_F16"", ""Delhi--Hyderabad_F17"", ""Delhi--Hyderabad_F18"", ""Delhi--Hyderabad_F19"", ""Hyderabad"", ""Chennai--Hyderabad_F7"", ""Chennai--Hyderabad_F6"", ""Chennai--Hyderabad_F5"", ""Chennai--Hyderabad_F4"", ""Chennai--Hyderabad_F3"", ""Chennai--Hyderabad_F2"", ""Chennai--Hyderabad_F1"", ""Chennai""]"
Random,winter,80003,Delhi,Chennai,False,,-178.55185577207254,97,118,118,0,0,0,11,107,"[""Delhi"", ""Delhi--Jaipur_F1"", ""Delhi--Jaipur_D1_F8"", ""Delhi--Jaipur_D1_F7"", ""Delhi--Jaipur_D1_F8"", ""Delhi--Jaipur_D1_F7"", ""Delhi--Jaipur_D1_F6"", ""Delhi--Jaipur_D1_F7"", ""Delhi--Jaipur_D1_F8"", ""Delhi--Jaipur_F1"", ""Delhi--Jaipur_F2"", ""Delhi--Jaipur_F1"", ""Delhi--Jaipur_F2"", ""Delhi--Jaipur_D3_F1"", ""Delhi--Jaipur_D3_F2"", ""Delhi--Jaipur_D3_F1"", ""Delhi--Jaipur_F2"", ""Delhi--Jaipur_F1"", ""Delhi--Jaipur_D1_F8"", ""Delhi--Jaipur_F1"", ""Delhi"", ""Delhi--Kolkata_F1"", ""Delhi--Kolkata_D1_F8"", ""Delhi--Kolkata_F1"", ""Delhi--Kolkata_D1_F8"", ""Delhi--Kolkata_D1_F7"", ""Delhi--Kolkata_D1_F6"", ""Delhi--Kolkata_D1_F7"", ""Delhi--Kolkata_D1_F6"", ""Delhi--Kolkata_D1_F7"", ""Delhi--Kolkata_D1_F8"", ""Delhi--Kolkata_F1"", ""Delhi"", ""Delhi--Kolkata_D1_F1"", ""Delhi--Kolkata_D1_F2"", ""Delhi--Kolkata_D1_F1"", ""Delhi--Kolkata_D1_F2"", ""Delhi--Kolkata_D1_F3"", ""Delhi--Kolkata_D1_F2"", ""Delhi--Kolkata_D1_F3"", ""Delhi--Kolkata_D1_F2"", ""Delhi--Kolkata_D1_F3"", ""Delhi--Kolkata_D1_F4"", ""Delhi--Kolkata_D1_F5"", ""Delhi--Kolkata_D1_F4"", ""Delhi--Kolkata_D1_F3"", ""Delhi--Kolkata_D1_F2"", ""Delhi--Kolkata_D1_F3"", ""Delhi--Kolkata_D1_F4"", ""Delhi--Kolkata_D1_F3"", ""Delhi--Kolkata_D1_F4"", ""Delhi--Kolkata_D1_F5"", ""Delhi--Kolkata_D1_F4"", ""Delhi--Kolkata_D1_F3"", ""Delhi--Kolkata_D1_F4"", ""Delhi--Kolkata_D1_F3"", ""Delhi--Kolkata_D1_F2"", ""Delhi--Kolkata_D1_F1"", ""Delhi"", ""Delhi--Kolkata_F1"", ""Delhi--Kolkata_D1_F8"", ""Delhi--Kolkata_F1"", ""Delhi--Kolkata_D2_F1"", ""Delhi--Kolkata_D2_F2"", ""Delhi--Kolkata_D2_F1"", ""Delhi--Kolkata_F1"", ""Delhi--Kolkata_D2_F1"", ""Delhi--Kolkata_F1"", ""Delhi--Kolkata_D1_F8"", ""Delhi--Kolkata_D1_F7"", ""Delhi--Kolkata_D1_F6"", ""Delhi--Kolkata_D1_F5"", ""Delhi--Kolkata_D1_F4"", ""Delhi--Kolkata_D1_F5"", ""Delhi--Kolkata_D1_F6"", ""Delhi--Kolkata_D1_F7"", ""Delhi--Kolkata_D1_F8"", ""Delhi--Kolkata_D1_F7"", ""Delhi--Kolkata_D1_F6"", ""Delhi--Kolkata_D1_F5"", ""Delhi--Kolkata_D1_F4"", ""Delhi--Kolkata_D1_F3"", ""Delhi--Kolkata_D1_F4"", ""Delhi--Kolkata_D1_F5"", ""Delhi--Kolkata_D1_F6"", ""Delhi--Kolkata_D1_F7"", ""Delhi--Kolkata_D1_F8"", ""Delhi--Kolkata_D1_F7"", ""Delhi--Kolkata_D1_F8"", ""Delhi--Kolkata_D1_F7"", ""Delhi--Kolkata_D1_F6"", ""Delhi--Kolkata_D1_F5"", ""Delhi--Kolkata_D1_F6"", ""Delhi--Kolkata_D1_F7"", ""Delhi--Kolkata_D1_F6"", ""Delhi--Kolkata_D1_F7"", ""Delhi--Kolkata_D1_F8"", ""Delhi--Kolkata_D1_F7"", ""Delhi--Kolkata_D1_F8"", ""Delhi--Kolkata_F1"", ""Delhi"", ""Delhi--Jaipur_D1_F1"", ""Delhi--Jaipur_D1_F2"", ""Delhi--Jaipur_D1_F1"", ""Delhi--Jaipur_D1_F2"", ""Delhi--Jaipur_D1_F1"", ""Delhi"", ""Delhi--Kolkata_D1_F1"", ""Delhi--Kolkata_D1_F2"", ""Delhi--Kolkata_D1_F1"", ""Delhi"", ""Delhi--Hyderabad_D1_F1"", ""Delhi"", ""Delhi--Kolkata_F1"", ""Delhi--Kolkata_D1_F8"", ""Delhi--Kolkata_D1_F7"", ""Delhi--Kolkata_D1_F6"", ""Delhi--Kolkata_D1_F7"", ""Delhi--Kolkata_D1_F6""]"
Dijkstra-km,winter,80003,Delhi,Chennai,True,235,201.77563579167946,0,235,235,0,0,0,1,234,"[""Delhi"", ""Delhi--Hyderabad_D1_F1"", ""Delhi--Hyderabad_D1_F2"", ""Delhi--Hyderabad_D1_F3"", ""Delhi--Hyderabad_D1_F4"", ""Delhi--Hyderabad_D1_F5"", ""Delhi--Hyderabad_D1_F6"", ""Delhi--Hyderabad_D1_F7"", ""Delhi--Hyderabad_D1_F8"", ""Delhi--Hyderabad_F1"", ""Delhi--Hyderabad_D2_F1"", ""Delhi--Hyderabad_D2_F2"", ""Delhi--Hyderabad_D2_F3"", ""Delhi--Hyderabad_D2_F4"", ""Delhi--Hyderabad_D2_F5"", ""Delhi--Hyderabad_D2_F6"", ""Delhi--Hyderabad_D2_F7"", ""Delhi--Hyderabad_D2_F8"", ""Delhi--Hyderabad_F2"", ""Delhi--Hyderabad_F3"", ""Delhi--Hyderabad_D4_F1"", ""Delhi--Hyderabad_D4_F2"", ""Delhi--Hyderabad_D4_F3"", ""Delhi--Hyderabad_D4_F4"", ""Delhi--Hyderabad_D4_F5"", ""Delhi--Hyderabad_D4_F6"", ""Delhi--Hyderabad_D4_F7"", ""Delhi--Hyderabad_D4_F8"", ""Delhi--Hyderabad_F4"", ""Delhi--Hyderabad_D5_F1"", ""Delhi--Hyderabad_D5_F2"", ""Delhi--Hyderabad_D5_F3"", ""Delhi--Hyderabad_D5_F4"", ""Delhi--Hyderabad_D5_F5"", ""Delhi--Hyderabad_D5_F6"", ""Delhi--Hyderabad_D5_F7"", ""Delhi--Hyderabad_D5_F8"", ""Delhi--Hyderabad_F5"", ""Delhi--Hyderabad_D6_F1"", ""Delhi--Hyderabad_D6_F2"", ""Delhi--Hyderabad_D6_F3"", ""Delhi--Hyderabad_D6_F4"", ""Delhi--Hyderabad_D6_F5"", ""Delhi--Hyderabad_D6_F6"", ""Delhi--Hyderabad_D6_F7"", ""Delhi--Hyderabad_D6_F8"", ""Delhi--Hyderabad_F6"", ""Delhi--Hyderabad_D7_F1"", ""Delhi--Hyderabad_D7_F2"", ""Delhi--Hyderabad_D7_F3"", ""Delhi--Hyderabad_D7_F4"", ""Delhi--Hyderabad_D7_F5"", ""Delhi--Hyderabad_D7_F6"", ""Delhi--Hyderabad_D7_F7"", ""Delhi--Hyderabad_D7_F8"", ""Delhi--Hyderabad_F7"", ""Delhi--Hyderabad_D8_F1"", ""Delhi--Hyderabad_D8_F2"", ""Delhi--Hyderabad_D8_F3"", ""Delhi--Hyderabad_D8_F4"", ""Delhi--Hyderabad_D8_F5"", ""Delhi--Hyderabad_D8_F6"", ""Delhi--Hyderabad_D8_F7"", ""Delhi--Hyderabad_D8_F8"", ""Delhi--Hyderabad_F8"", ""Delhi--Hyderabad_D9_F1"", ""Delhi--Hyderabad_D9_F2"", ""Delhi--Hyderabad_D9_F3"", ""Delhi--Hyderabad_D9_F4"", ""Delhi--Hyderabad_D9_F5"", ""Delhi--Hyderabad_D9_F6"", ""Delhi--Hyderabad_D9_F7"", ""Delhi--Hyderabad_D9_F8"", ""Delhi--Hyderabad_F9"", ""Delhi--Hyderabad_D10_F1"", ""Delhi--Hyderabad_D10_F2"", ""Delhi--Hyderabad_D10_F3"", ""Delhi--Hyderabad_D10_F4"", ""Delhi--Hyderabad_D10_F5"", ""Delhi--Hyderabad_D10_F6"", ""Delhi--Hyderabad_D10_F7"", ""Delhi--Hyderabad_D10_F8"", ""Delhi--Hyderabad_F10"", ""Delhi--Hyderabad_D11_F1"", ""Delhi--Hyderabad_D11_F2"", ""Delhi--Hyderabad_D11_F3"", ""Delhi--Hyderabad_D11_F4"", ""Delhi--Hyderabad_D11_F5"", ""Delhi--Hyderabad_D11_F6"", ""Delhi--Hyderabad_D11_F7"", ""Delhi--Hyderabad_D11_F8"", ""Delhi--Hyderabad_F11"", ""Delhi--Hyderabad_D12_F1"", ""Delhi--Hyderabad_D12_F2"", ""Delhi--Hyderabad_D12_F3"", ""Delhi--Hyderabad_D12_F4"", ""Delhi--Hyderabad_D12_F5"", ""Delhi--Hyderabad_D12_F6"", ""Delhi--Hyderabad_D12_F7"", ""Delhi--Hyderabad_D12_F8"", ""Delhi--Hyderabad_F12"", ""Delhi--Hyderabad_D13_F1"", ""Delhi--Hyderabad_D13_F2"", ""Delhi--Hyderabad_D13_F3"", ""Delhi--Hyderabad_D13_F4"", ""Delhi--Hyderabad_D13_F5"", ""Delhi--Hyderabad_D13_F6"", ""Delhi--Hyderabad_D13_F7"", ""Delhi--Hyderabad_D13_F8"", ""Delhi--Hyderabad_F13"", ""Delhi--Hyderabad_D14_F1"", ""Delhi--Hyderabad_D14_F2"", ""Delhi--Hyderabad_D14_F3"", ""Delhi--Hyderabad_D14_F4"", ""Delhi--Hyderabad_D14_F5"", ""Delhi--Hyderabad_D14_F6"", ""Delhi--Hyderabad_D14_F7"", ""Delhi--Hyderabad_D14_F8"", ""Delhi--Hyderabad_F14"", ""Delhi--Hyderabad_D15_F1"", ""Delhi--Hyderabad_D15_F2"", ""Delhi--Hyderabad_D15_F3"", ""Delhi--Hyderabad_D15_F4"", ""Delhi--Hyderabad_D15_F5"", ""Delhi--Hyderabad_D15_F6"", ""Delhi--Hyderabad_D15_F7"", ""Delhi--Hyderabad_D15_F8"", ""Delhi--Hyderabad_F15"", ""Delhi--Hyderabad_D16_F1"", ""Delhi--Hyderabad_D16_F2"", ""Delhi--Hyderabad_D16_F3"", ""Delhi--Hyderabad_D16_F4"", ""Delhi--Hyderabad_D16_F5"", ""Delhi--Hyderabad_D16_F6"", ""Delhi--Hyderabad_D16_F7"", ""Delhi--Hyderabad_D16_F8"", ""Delhi--Hyderabad_F16"", ""Delhi--Hyderabad_D17_F1"", ""Delhi--Hyderabad_D17_F2"", ""Delhi--Hyderabad_D17_F3"", ""Delhi--Hyderabad_D17_F4"", ""Delhi--Hyderabad_D17_F5"", ""Delhi--Hyderabad_D17_F6"", ""Delhi--Hyderabad_D17_F7"", ""Delhi--Hyderabad_D17_F8"", ""Delhi--Hyderabad_F17"", ""Delhi--Hyderabad_D18_F1"", ""Delhi--Hyderabad_D18_F2"", ""Delhi--Hyderabad_D18_F3"", ""Delhi--Hyderabad_D18_F4"", ""Delhi--Hyderabad_D18_F5"", ""Delhi--Hyderabad_D18_F6"", ""Delhi--Hyderabad_D18_F7"", ""Delhi--Hyderabad_D18_F8"", ""Delhi--Hyderabad_F18"", ""Delhi--Hyderabad_D19_F1"", ""Delhi--Hyderabad_D19_F2"", ""Delhi--Hyderabad_D19_F3"", ""Delhi--Hyderabad_D19_F4"", ""Delhi--Hyderabad_D19_F5"", ""Delhi--Hyderabad_D19_F6"", ""Delhi--Hyderabad_D19_F7"", ""Delhi--Hyderabad_D19_F8"", ""Delhi--Hyderabad_F19"", ""Delhi--Hyderabad_D20_F1"", ""Hyderabad"", ""Chennai--Hyderabad_D8_F6"", ""Chennai--Hyderabad_D8_F5"", ""Chennai--Hyderabad_D8_F4"", ""Chennai--Hyderabad_D8_F3"", ""Chennai--Hyderabad_D8_F2"", ""Chennai--Hyderabad_D8_F1"", ""Chennai--Hyderabad_F7"", ""Chennai--Hyderabad_D7_F8"", ""Chennai--Hyderabad_D7_F7"", ""Chennai--Hyderabad_D7_F6"", ""Chennai--Hyderabad_D7_F5"", ""Chennai--Hyderabad_D7_F4"", ""Chennai--Hyderabad_D7_F3"", ""Chennai--Hyderabad_D7_F2"", ""Chennai--Hyderabad_D7_F1"", ""Chennai--Hyderabad_F6"", ""Chennai--Hyderabad_D6_F8"", ""Chennai--Hyderabad_D6_F7"", ""Chennai--Hyderabad_D6_F6"", ""Chennai--Hyderabad_D6_F5"", ""Chennai--Hyderabad_D6_F4"", ""Chennai--Hyderabad_D6_F3"", ""Chennai--Hyderabad_D6_F2"", ""Chennai--Hyderabad_D6_F1"", ""Chennai--Hyderabad_F5"", ""Chennai--Hyderabad_D5_F8"", ""Chennai--Hyderabad_D5_F7"", ""Chennai--Hyderabad_D5_F6"", ""Chennai--Hyderabad_D5_F5"", ""Chennai--Hyderabad_D5_F4"", ""Chennai--Hyderabad_D5_F3"", ""Chennai--Hyderabad_D5_F2"", ""Chennai--Hyderabad_D5_F1"", ""Chennai--Hyderabad_F4"", ""Chennai--Hyderabad_D4_F8"", ""Chennai--Hyderabad_D4_F7"", ""Chennai--Hyderabad_D4_F6"", ""Chennai--Hyderabad_D4_F5"", ""Chennai--Hyderabad_D4_F4"", ""Chennai--Hyderabad_D4_F3"", ""Chennai--Hyderabad_D4_F2"", ""Chennai--Hyderabad_D4_F1"", ""Chennai--Hyderabad_F3"", ""Chennai--Hyderabad_D3_F8"", ""Chennai--Hyderabad_D3_F7"", ""Chennai--Hyderabad_D3_F6"", ""Chennai--Hyderabad_D3_F5"", ""Chennai--Hyderabad_D3_F4"", ""Chennai--Hyderabad_D3_F3"", ""Chennai--Hyderabad_D3_F2"", ""Chennai--Hyderabad_D3_F1"", ""Chennai--Hyderabad_F2"", ""Chennai--Hyderabad_D2_F8"", ""Chennai--Hyderabad_D2_F7"", ""Chennai--Hyderabad_D2_F6"", ""Chennai--Hyderabad_D2_F5"", ""Chennai--Hyderabad_D2_F4"", ""Chennai--Hyderabad_D2_F3"", ""Chennai--Hyderabad_D2_F2"", ""Chennai--Hyderabad_D2_F1"", ""Chennai--Hyderabad_F1"", ""Chennai--Hyderabad_D1_F8"", ""Chennai--Hyderabad_D1_F7"", ""Chennai--Hyderabad_D1_F6"", ""Chennai--Hyderabad_D1_F5"", ""Chennai--Hyderabad_D1_F4"", ""Chennai--Hyderabad_D1_F3"", ""Chennai--Hyderabad_D1_F2"", ""Chennai--Hyderabad_D1_F1"", ""Chennai""]"
BFS-hop,winter,80003,Delhi,Chennai,True,30,-0.36392890317814874,2,30,30,0,0,0,30,0,"[""Delhi"", ""Delhi--Hyderabad_F1"", ""Delhi--Hyderabad_F2"", ""Delhi--Hyderabad_F3"", ""Delhi--Hyderabad_F4"", ""Delhi--Hyderabad_F5"", ""Delhi--Hyderabad_F6"", ""Delhi--Hyderabad_F7"", ""Delhi--Hyderabad_F8"", ""Delhi--Hyderabad_F9"", ""Delhi--Hyderabad_F10"", ""Delhi--Hyderabad_F9"", ""Delhi--Hyderabad_F10"", ""Delhi--Hyderabad_F11"", ""Delhi--Hyderabad_F12"", ""Delhi--Hyderabad_F13"", ""Delhi--Hyderabad_F14"", ""Delhi--Hyderabad_F15"", ""Delhi--Hyderabad_F16"", ""Delhi--Hyderabad_F17"", ""Delhi--Hyderabad_F18"", ""Delhi--Hyderabad_F19"", ""Hyderabad"", ""Chennai--Hyderabad_F7"", ""Chennai--Hyderabad_F6"", ""Chennai--Hyderabad_F5"", ""Chennai--Hyderabad_F4"", ""Chennai--Hyderabad_F3"", ""Chennai--Hyderabad_F2"", ""Chennai--Hyderabad_F1"", ""Chennai""]"
Max-SKR,winter,80003,Delhi,Chennai,False,,-256.90253350727585,149,170,170,0,0,0,0,170,"[""Delhi"", ""Delhi--Jaipur_D1_F1"", ""Delhi"", ""Delhi--Kolkata_D1_F1"", ""Delhi--Kolkata_D1_F2"", ""Delhi--Kolkata_D1_F3"", ""Delhi--Kolkata_D1_F4"", ""Delhi--Kolkata_D1_F3"", ""Delhi--Kolkata_D1_F4"", ""Delhi--Kolkata_D1_F5"", ""Delhi--Kolkata_D1_F6"", ""Delhi--Kolkata_D1_F7"", ""Delhi--Kolkata_D1_F8"", ""Delhi--Kolkata_D1_F7"", ""Delhi--Kolkata_D1_F8"", ""Delhi--Kolkata_D1_F7"", ""Delhi--Kolkata_D1_F6"", ""Delhi--Kolkata_D1_F5"", ""Delhi--Kolkata_D1_F6"", ""Delhi--Kolkata_D1_F7"", ""Delhi--Kolkata_D1_F8"", ""Delhi--Kolkata_F1"", ""Delhi--Kolkata_D1_F8"", ""Delhi--Kolkata_D1_F7"", ""Delhi--Kolkata_D1_F6"", ""Delhi--Kolkata_D1_F7"", ""Delhi--Kolkata_D1_F6"", ""Delhi--Kolkata_D1_F7"", ""Delhi--Kolkata_D1_F6"", ""Delhi--Kolkata_D1_F5"", ""Delhi--Kolkata_D1_F6"", ""Delhi--Kolkata_D1_F7"", ""Delhi--Kolkata_D1_F6"", ""Delhi--Kolkata_D1_F7"", ""Delhi--Kolkata_D1_F8"", ""Delhi--Kolkata_F1"", ""Delhi--Kolkata_D2_F1"", ""Delhi--Kolkata_F1"", ""Delhi--Kolkata_D1_F8"", ""Delhi--Kolkata_F1"", ""Delhi--Kolkata_D1_F8"", ""Delhi--Kolkata_D1_F7"", ""Delhi--Kolkata_D1_F8"", ""Delhi--Kolkata_F1"", ""Delhi--Kolkata_D1_F8"", ""Delhi--Kolkata_D1_F7"", ""Delhi--Kolkata_D1_F8"", ""Delhi--Kolkata_D1_F7"", ""Delhi--Kolkata_D1_F6"", ""Delhi--Kolkata_D1_F5"", ""Delhi--Kolkata_D1_F6"", ""Delhi--Kolkata_D1_F5"", ""Delhi--Kolkata_D1_F4"", ""Delhi--Kolkata_D1_F5"", ""Delhi--Kolkata_D1_F4"", ""Delhi--Kolkata_D1_F3"", ""Delhi--Kolkata_D1_F2"", ""Delhi--Kolkata_D1_F3"", ""Delhi--Kolkata_D1_F4"", ""Delhi--Kolkata_D1_F5"", ""Delhi--Kolkata_D1_F4"", ""Delhi--Kolkata_D1_F3"", ""Delhi--Kolkata_D1_F2"", ""Delhi--Kolkata_D1_F1"", ""Delhi"", ""Delhi--Hyderabad_D1_F1"", ""Delhi"", ""Delhi--Jaipur_D1_F1"", ""Delhi--Jaipur_D1_F2"", ""Delhi--Jaipur_D1_F1"", ""Delhi"", ""Delhi--Jaipur_D1_F1"", ""Delhi"", ""Delhi--Kolkata_D1_F1"", ""Delhi--Kolkata_D1_F2"", ""Delhi--Kolkata_D1_F1"", ""Delhi--Kolkata_D1_F2"", ""Delhi--Kolkata_D1_F1"", ""Delhi"", ""Delhi--Hyderabad_D1_F1"", ""Delhi--Hyderabad_D1_F2"", ""Delhi--Hyderabad_D1_F1"", ""Delhi"", ""Delhi--Hyderabad_D1_F1"", ""Delhi--Hyderabad_D1_F2"", ""Delhi--Hyderabad_D1_F3"", ""Delhi--Hyderabad_D1_F2"", ""Delhi--Hyderabad_D1_F3"", ""Delhi--Hyderabad_D1_F2"", ""Delhi--Hyderabad_D1_F1"", ""Delhi--Hyderabad_D1_F2"", ""Delhi--Hyderabad_D1_F1"", ""Delhi"", ""Delhi--Jaipur_D1_F1"", ""Delhi"", ""Delhi--Jaipur_D1_F1"", ""Delhi--Jaipur_D1_F2"", ""Delhi--Jaipur_D1_F3"", ""Delhi--Jaipur_D1_F4"", ""Delhi--Jaipur_D1_F5"", ""Delhi--Jaipur_D1_F6"", ""Delhi--Jaipur_D1_F7"", ""Delhi--Jaipur_D1_F8"", ""Delhi--Jaipur_D1_F7"", ""Delhi--Jaipur_D1_F6"", ""Delhi--Jaipur_D1_F7"", ""Delhi--Jaipur_D1_F8"", ""Delhi--Jaipur_D1_F7"", ""Delhi--Jaipur_D1_F6"", ""Delhi--Jaipur_D1_F7"", ""Delhi--Jaipur_D1_F8"", ""Delhi--Jaipur_D1_F7"", ""Delhi--Jaipur_D1_F6"", ""Delhi--Jaipur_D1_F5"", ""Delhi--Jaipur_D1_F4"", ""Delhi--Jaipur_D1_F3"", ""Delhi--Jaipur_D1_F2"", ""Delhi--Jaipur_D1_F1"", ""Delhi"", ""Delhi--Hyderabad_D1_F1"", ""Delhi--Hyderabad_D1_F2"", ""Delhi--Hyderabad_D1_F3"", ""Delhi--Hyderabad_D1_F2"", ""Delhi--Hyderabad_D1_F1"", ""Delhi"", ""Delhi--Kolkata_D1_F1"", ""Delhi"", ""Delhi--Jaipur_D1_F1"", ""Delhi"", ""Delhi--Kolkata_D1_F1"", ""Delhi"", ""Delhi--Kolkata_D1_F1"", ""Delhi"", ""Delhi--Jaipur_D1_F1"", ""Delhi"", ""Delhi--Kolkata_D1_F1"", ""Delhi--Kolkata_D1_F2"", ""Delhi--Kolkata_D1_F3"", ""Delhi--Kolkata_D1_F2"", ""Delhi--Kolkata_D1_F3"", ""Delhi--Kolkata_D1_F4"", ""Delhi--Kolkata_D1_F3"", ""Delhi--Kolkata_D1_F4"", ""Delhi--Kolkata_D1_F3"", ""Delhi--Kolkata_D1_F2"", ""Delhi--Kolkata_D1_F3"", ""Delhi--Kolkata_D1_F4"", ""Delhi--Kolkata_D1_F5"", ""Delhi--Kolkata_D1_F4"", ""Delhi--Kolkata_D1_F5"", ""Delhi--Kolkata_D1_F6"", ""Delhi--Kolkata_D1_F5"", ""Delhi--Kolkata_D1_F6"", ""Delhi--Kolkata_D1_F7"", ""Delhi--Kolkata_D1_F6"", ""Delhi--Kolkata_D1_F5"", ""Delhi--Kolkata_D1_F4"", ""Delhi--Kolkata_D1_F5"", ""Delhi--Kolkata_D1_F6"", ""Delhi--Kolkata_D1_F5"", ""Delhi--Kolkata_D1_F4"", ""Delhi--Kolkata_D1_F5"", ""Delhi--Kolkata_D1_F4"", ""Delhi--Kolkata_D1_F3"", ""Delhi--Kolkata_D1_F2"", ""Delhi--Kolkata_D1_F3"", ""Delhi--Kolkata_D1_F2"", ""Delhi--Kolkata_D1_F3"", ""Delhi--Kolkata_D1_F4"", ""Delhi--Kolkata_D1_F3"", ""Delhi--Kolkata_D1_F4""]"
GNN-PPO,monsoon,90000,Delhi,Chennai,True,28,4.438360311244686,0,28,28,0,0,0,28,0,"[""Delhi"", ""Delhi--Hyderabad_F1"", ""Delhi--Hyderabad_F2"", ""Delhi--Hyderabad_F3"", ""Delhi--Hyderabad_F4"", ""Delhi--Hyderabad_F5"", ""Delhi--Hyderabad_F6"", ""Delhi--Hyderabad_F7"", ""Delhi--Hyderabad_F8"", ""Delhi--Hyderabad_F9"", ""Delhi--Hyderabad_F10"", ""Delhi--Hyderabad_F11"", ""Delhi--Hyderabad_F12"", ""Delhi--Hyderabad_F13"", ""Delhi--Hyderabad_F14"", ""Delhi--Hyderabad_F15"", ""Delhi--Hyderabad_F16"", ""Delhi--Hyderabad_F17"", ""Delhi--Hyderabad_F18"", ""Delhi--Hyderabad_F19"", ""Hyderabad"", ""Chennai--Hyderabad_F7"", ""Chennai--Hyderabad_F6"", ""Chennai--Hyderabad_F5"", ""Chennai--Hyderabad_F4"", ""Chennai--Hyderabad_F3"", ""Chennai--Hyderabad_F2"", ""Chennai--Hyderabad_F1"", ""Chennai""]"
Random,monsoon,90000,Delhi,Chennai,False,,-74.07996538154727,42,56,56,0,0,0,5,51,"[""Delhi"", ""Delhi--Kolkata_D1_F1"", ""Delhi--Kolkata_D1_F2"", ""Delhi--Kolkata_D1_F1"", ""Delhi"", ""Delhi--Kolkata_F1"", ""Delhi--Kolkata_F2"", ""Delhi--Kolkata_D2_F8"", ""Delhi--Kolkata_F2"", ""Delhi--Kolkata_F3"", ""Delhi--Kolkata_F2"", ""Delhi--Kolkata_F3"", ""Delhi--Kolkata_D3_F8"", ""Delhi--Kolkata_D3_F7"", ""Delhi--Kolkata_D3_F8"", ""Delhi--Kolkata_D3_F7"", ""Delhi--Kolkata_D3_F8"", ""Delhi--Kolkata_D3_F7"", ""Delhi--Kolkata_D3_F6"", ""Delhi--Kolkata_D3_F5"", ""Delhi--Kolkata_D3_F4"", ""Delhi--Kolkata_D3_F3"", ""Delhi--Kolkata_D3_F4"", ""Delhi--Kolkata_D3_F3"", ""Delhi--Kolkata_D3_F2"", ""Delhi--Kolkata_D3_F1"", ""Delhi--Kolkata_D3_F2"", ""Delhi--Kolkata_D3_F3"", ""Delhi--Kolkata_D3_F2"", ""Delhi--Kolkata_D3_F1"", ""Delhi--Kolkata_D3_F2"", ""Delhi--Kolkata_D3_F3"", ""Delhi--Kolkata_D3_F4"", ""Delhi--Kolkata_D3_F3"", ""Delhi--Kolkata_D3_F4"", ""Delhi--Kolkata_D3_F5"", ""Delhi--Kolkata_D3_F4"", ""Delhi--Kolkata_D3_F3"", ""Delhi--Kolkata_D3_F4"", ""Delhi--Kolkata_D3_F5"", ""Delhi--Kolkata_D3_F6"", ""Delhi--Kolkata_D3_F7"", ""Delhi--Kolkata_D3_F6"", ""Delhi--Kolkata_D3_F5"", ""Delhi--Kolkata_D3_F4"", ""Delhi--Kolkata_D3_F5"", ""Delhi--Kolkata_D3_F4"", ""Delhi--Kolkata_D3_F3"", ""Delhi--Kolkata_D3_F2"", ""Delhi--Kolkata_D3_F3"", ""Delhi--Kolkata_D3_F2"", ""Delhi--Kolkata_D3_F3"", ""Delhi--Kolkata_D3_F2"", ""Delhi--Kolkata_D3_F3"", ""Delhi--Kolkata_D3_F2"", ""Delhi--Kolkata_D3_F3"", ""Delhi--Kolkata_D3_F2""]"
Dijkstra-km,monsoon,90000,Delhi,Chennai,False,,64.22305903442042,12,120,120,0,0,0,0,120,"[""Delhi"", ""Delhi--Hyderabad_D1_F1"", ""Delhi--Hyderabad_D1_F2"", ""Delhi--Hyderabad_D1_F3"", ""Delhi--Hyderabad_D1_F4"", ""Delhi--Hyderabad_D1_F5"", ""Delhi--Hyderabad_D1_F6"", ""Delhi--Hyderabad_D1_F7"", ""Delhi--Hyderabad_D1_F8"", ""Delhi--Hyderabad_F1"", ""Delhi--Hyderabad_D2_F1"", ""Delhi--Hyderabad_D2_F2"", ""Delhi--Hyderabad_D2_F3"", ""Delhi--Hyderabad_D2_F4"", ""Delhi--Hyderabad_D2_F5"", ""Delhi--Hyderabad_D2_F6"", ""Delhi--Hyderabad_D2_F7"", ""Delhi--Hyderabad_D2_F8"", ""Delhi--Hyderabad_F2"", ""Delhi--Hyderabad_D3_F1"", ""Delhi--Hyderabad_D3_F2"", ""Delhi--Hyderabad_D3_F3"", ""Delhi--Hyderabad_D3_F4"", ""Delhi--Hyderabad_D3_F5"", ""Delhi--Hyderabad_D3_F6"", ""Delhi--Hyderabad_D3_F7"", ""Delhi--Hyderabad_D3_F8"", ""Delhi--Hyderabad_F3"", ""Delhi--Hyderabad_D4_F1"", ""Delhi--Hyderabad_D4_F2"", ""Delhi--Hyderabad_D4_F3"", ""Delhi--Hyderabad_D4_F4"", ""Delhi--Hyderabad_D4_F5"", ""Delhi--Hyderabad_D4_F6"", ""Delhi--Hyderabad_D4_F7"", ""Delhi--Hyderabad_D4_F8"", ""Delhi--Hyderabad_F4"", ""Delhi--Hyderabad_D5_F1"", ""Delhi--Hyderabad_D5_F2"", ""Delhi--Hyderabad_D5_F3"", ""Delhi--Hyderabad_D5_F4"", ""Delhi--Hyderabad_D5_F5"", ""Delhi--Hyderabad_D5_F6"", ""Delhi--Hyderabad_D5_F7"", ""Delhi--Hyderabad_D5_F8"", ""Delhi--Hyderabad_F5"", ""Delhi--Hyderabad_D6_F1"", ""Delhi--Hyderabad_D6_F2"", ""Delhi--Hyderabad_D6_F3"", ""Delhi--Hyderabad_D6_F4"", ""Delhi--Hyderabad_D6_F5"", ""Delhi--Hyderabad_D6_F6"", ""Delhi--Hyderabad_D6_F7"", ""Delhi--Hyderabad_D6_F8"", ""Delhi--Hyderabad_F6"", ""Delhi--Hyderabad_D7_F1"", ""Delhi--Hyderabad_D7_F2"", ""Delhi--Hyderabad_D7_F3"", ""Delhi--Hyderabad_D7_F4"", ""Delhi--Hyderabad_D7_F5"", ""Delhi--Hyderabad_D7_F6"", ""Delhi--Hyderabad_D7_F7"", ""Delhi--Hyderabad_D7_F8"", ""Delhi--Hyderabad_F7"", ""Delhi--Hyderabad_D8_F1"", ""Delhi--Hyderabad_D8_F2"", ""Delhi--Hyderabad_D8_F3"", ""Delhi--Hyderabad_D8_F4"", ""Delhi--Hyderabad_D8_F5"", ""Delhi--Hyderabad_D8_F6"", ""Delhi--Hyderabad_D8_F7"", ""Delhi--Hyderabad_D8_F8"", ""Delhi--Hyderabad_F8"", ""Delhi--Hyderabad_D9_F1"", ""Delhi--Hyderabad_D9_F2"", ""Delhi--Hyderabad_D9_F3"", ""Delhi--Hyderabad_D9_F4"", ""Delhi--Hyderabad_D9_F5"", ""Delhi--Hyderabad_D9_F6"", ""Delhi--Hyderabad_D9_F7"", ""Delhi--Hyderabad_D9_F8"", ""Delhi--Hyderabad_F9"", ""Delhi--Hyderabad_D10_F1"", ""Delhi--Hyderabad_D10_F2"", ""Delhi--Hyderabad_D10_F3"", ""Delhi--Hyderabad_D10_F4"", ""Delhi--Hyderabad_D10_F5"", ""Delhi--Hyderabad_D10_F6"", ""Delhi--Hyderabad_D10_F7"", ""Delhi--Hyderabad_D10_F8"", ""Delhi--Hyderabad_F10"", ""Delhi--Hyderabad_D11_F1"", ""Delhi--Hyderabad_D11_F2"", ""Delhi--Hyderabad_D11_F3"", ""Delhi--Hyderabad_D11_F4"", ""Delhi--Hyderabad_D11_F5"", ""Delhi--Hyderabad_D11_F6"", ""Delhi--Hyderabad_D11_F7"", ""Delhi--Hyderabad_D11_F8"", ""Delhi--Hyderabad_F11"", ""Delhi--Hyderabad_D12_F1"", ""Delhi--Hyderabad_D12_F2"", ""Delhi--Hyderabad_D12_F3"", ""Delhi--Hyderabad_D12_F4"", ""Delhi--Hyderabad_D12_F5"", ""Delhi--Hyderabad_D12_F6"", ""Delhi--Hyderabad_D12_F7"", ""Delhi--Hyderabad_D12_F8"", ""Delhi--Hyderabad_F12"", ""Delhi--Hyderabad_D12_F8"", ""Delhi--Hyderabad_F12"", ""Delhi--Hyderabad_D12_F8"", ""Delhi--Hyderabad_F12"", ""Delhi--Hyderabad_D12_F8"", ""Delhi--Hyderabad_F12"", ""Delhi--Hyderabad_D12_F8"", ""Delhi--Hyderabad_F12"", ""Delhi--Hyderabad_D12_F8"", ""Delhi--Hyderabad_F12"", ""Delhi--Hyderabad_D12_F8"", ""Delhi--Hyderabad_F12""]"
BFS-hop,monsoon,90000,Delhi,Chennai,True,28,4.438360311244686,0,28,28,0,0,0,28,0,"[""Delhi"", ""Delhi--Hyderabad_F1"", ""Delhi--Hyderabad_F2"", ""Delhi--Hyderabad_F3"", ""Delhi--Hyderabad_F4"", ""Delhi--Hyderabad_F5"", ""Delhi--Hyderabad_F6"", ""Delhi--Hyderabad_F7"", ""Delhi--Hyderabad_F8"", ""Delhi--Hyderabad_F9"", ""Delhi--Hyderabad_F10"", ""Delhi--Hyderabad_F11"", ""Delhi--Hyderabad_F12"", ""Delhi--Hyderabad_F13"", ""Delhi--Hyderabad_F14"", ""Delhi--Hyderabad_F15"", ""Delhi--Hyderabad_F16"", ""Delhi--Hyderabad_F17"", ""Delhi--Hyderabad_F18"", ""Delhi--Hyderabad_F19"", ""Hyderabad"", ""Chennai--Hyderabad_F7"", ""Chennai--Hyderabad_F6"", ""Chennai--Hyderabad_F5"", ""Chennai--Hyderabad_F4"", ""Chennai--Hyderabad_F3"", ""Chennai--Hyderabad_F2"", ""Chennai--Hyderabad_F1"", ""Chennai""]"
Max-SKR,monsoon,90000,Delhi,Chennai,False,,-106.30227228985773,52,65,65,0,0,0,0,65,"[""Delhi"", ""Delhi--Jaipur_D1_F1"", ""Delhi"", ""Delhi--Jaipur_D1_F1"", ""Delhi"", ""Delhi--Kolkata_D1_F1"", ""Delhi"", ""Delhi--Hyderabad_D1_F1"", ""Delhi"", ""Delhi--Hyderabad_D1_F1"", ""Delhi--Hyderabad_D1_F2"", ""Delhi--Hyderabad_D1_F1"", ""Delhi"", ""Delhi--Kolkata_D1_F1"", ""Delhi"", ""Delhi--Jaipur_D1_F1"", ""Delhi--Jaipur_D1_F2"", ""Delhi--Jaipur_D1_F3"", ""Delhi--Jaipur_D1_F2"", ""Delhi--Jaipur_D1_F1"", ""Delhi"", ""Delhi--Jaipur_D1_F1"", ""Delhi--Jaipur_D1_F2"", ""Delhi--Jaipur_D1_F3"", ""Delhi--Jaipur_D1_F4"", ""Delhi--Jaipur_D1_F5"", ""Delhi--Jaipur_D1_F6"", ""Delhi--Jaipur_D1_F5"", ""Delhi--Jaipur_D1_F6"", ""Delhi--Jaipur_D1_F7"", ""Delhi--Jaipur_D1_F6"", ""Delhi--Jaipur_D1_F7"", ""Delhi--Jaipur_D1_F8"", ""Delhi--Jaipur_F1"", ""Delhi--Jaipur_D2_F1"", ""Delhi--Jaipur_F1"", ""Delhi--Jaipur_D1_F8"", ""Delhi--Jaipur_F1"", ""Delhi--Jaipur_D2_F1"", ""Delhi--Jaipur_F1"", ""Delhi--Jaipur_D1_F8"", ""Delhi--Jaipur_F1"", ""Delhi--Jaipur_D1_F8"", ""Delhi--Jaipur_D1_F7"", ""Delhi--Jaipur_D1_F6"", ""Delhi--Jaipur_D1_F5"", ""Delhi--Jaipur_D1_F4"", ""Delhi--Jaipur_D1_F5"", ""Delhi--Jaipur_D1_F6"", ""Delhi--Jaipur_D1_F5"", ""Delhi--Jaipur_D1_F4"", ""Delhi--Jaipur_D1_F5"", ""Delhi--Jaipur_D1_F4"", ""Delhi--Jaipur_D1_F5"", ""Delhi--Jaipur_D1_F4"", ""Delhi--Jaipur_D1_F5"", ""Delhi--Jaipur_D1_F4"", ""Delhi--Jaipur_D1_F5"", ""Delhi--Jaipur_D1_F6"", ""Delhi--Jaipur_D1_F7"", ""Delhi--Jaipur_D1_F6"", ""Delhi--Jaipur_D1_F5"", ""Delhi--Jaipur_D1_F6"", ""Delhi--Jaipur_D1_F5"", ""Delhi--Jaipur_D1_F4"", ""Delhi--Jaipur_D1_F5""]"
GNN-PPO,monsoon,90001,Delhi,Chennai,True,28,4.438360311244686,0,28,28,0,0,0,28,0,"[""Delhi"", ""Delhi--Hyderabad_F1"", ""Delhi--Hyderabad_F2"", ""Delhi--Hyderabad_F3"", ""Delhi--Hyderabad_F4"", ""Delhi--Hyderabad_F5"", ""Delhi--Hyderabad_F6"", ""Delhi--Hyderabad_F7"", ""Delhi--Hyderabad_F8"", ""Delhi--Hyderabad_F9"", ""Delhi--Hyderabad_F10"", ""Delhi--Hyderabad_F11"", ""Delhi--Hyderabad_F12"", ""Delhi--Hyderabad_F13"", ""Delhi--Hyderabad_F14"", ""Delhi--Hyderabad_F15"", ""Delhi--Hyderabad_F16"", ""Delhi--Hyderabad_F17"", ""Delhi--Hyderabad_F18"", ""Delhi--Hyderabad_F19"", ""Hyderabad"", ""Chennai--Hyderabad_F7"", ""Chennai--Hyderabad_F6"", ""Chennai--Hyderabad_F5"", ""Chennai--Hyderabad_F4"", ""Chennai--Hyderabad_F3"", ""Chennai--Hyderabad_F2"", ""Chennai--Hyderabad_F1"", ""Chennai""]"
Random,monsoon,90001,Delhi,Chennai,False,,-104.20984123739512,60,75,75,0,0,0,4,71,"[""Delhi"", ""Delhi--Kolkata_F1"", ""Delhi--Kolkata_D1_F8"", ""Delhi--Kolkata_F1"", ""Delhi--Kolkata_F2"", ""Delhi--Kolkata_D3_F1"", ""Delhi--Kolkata_D3_F2"", ""Delhi--Kolkata_D3_F1"", ""Delhi--Kolkata_D3_F2"", ""Delhi--Kolkata_D3_F3"", ""Delhi--Kolkata_D3_F2"", ""Delhi--Kolkata_D3_F3"", ""Delhi--Kolkata_D3_F2"", ""Delhi--Kolkata_D3_F3"", ""Delhi--Kolkata_D3_F4"", ""Delhi--Kolkata_D3_F3"", ""Delhi--Kolkata_D3_F2"", ""Delhi--Kolkata_D3_F1"", ""Delhi--Kolkata_F2"", ""Delhi--Kolkata_D2_F8"", ""Delhi--Kolkata_F2"", ""Delhi--Kolkata_F1"", ""Delhi--Kolkata_D2_F1"", ""Delhi--Kolkata_D2_F2"", ""Delhi--Kolkata_D2_F3"", ""Delhi--Kolkata_D2_F4"", ""Delhi--Kolkata_D2_F5"", ""Delhi--Kolkata_D2_F6"", ""Delhi--Kolkata_D2_F5"", ""Delhi--Kolkata_D2_F6"", ""Delhi--Kolkata_D2_F7"", ""Delhi--Kolkata_D2_F6"", ""Delhi--Kolkata_D2_F5"", ""Delhi--Kolkata_D2_F6"", ""Delhi--Kolkata_D2_F5"", ""Delhi--Kolkata_D2_F4"", ""Delhi--Kolkata_D2_F5"", ""Delhi--Kolkata_D2_F4"", ""Delhi--Kolkata_D2_F5"", ""Delhi--Kolkata_D2_F4"", ""Delhi--Kolkata_D2_F3"", ""Delhi--Kolkata_D2_F2"", ""Delhi--Kolkata_D2_F1"", ""Delhi--Kolkata_D2_F2"", ""Delhi--Kolkata_D2_F1"", ""Delhi--Kolkata_F1"", ""Delhi--Kolkata_F2"", ""Delhi--Kolkata_D3_F1"", ""Delhi--Kolkata_D3_F2"", ""Delhi--Kolkata_D3_F1"", ""Delhi--Kolkata_D3_F2"", ""Delhi--Kolkata_D3_F1"", ""Delhi--Kolkata_D3_F2"", ""Delhi--Kolkata_D3_F1"", ""Delhi--Kolkata_D3_F2"", ""Delhi--Kolkata_D3_F1"", ""Delhi--Kolkata_F2"", ""Delhi--Kolkata_D2_F8"", ""Delhi--Kolkata_D2_F7"", ""Delhi--Kolkata_D2_F8"", ""Delhi--Kolkata_D2_F7"", ""Delhi--Kolkata_D2_F6"", ""Delhi--Kolkata_D2_F7"", ""Delhi--Kolkata_D2_F6"", ""Delhi--Kolkata_D2_F7"", ""Delhi--Kolkata_D2_F6"", ""Delhi--Kolkata_D2_F7"", ""Delhi--Kolkata_D2_F6"", ""Delhi--Kolkata_D2_F5"", ""Delhi--Kolkata_D2_F6"", ""Delhi--Kolkata_D2_F7"", ""Delhi--Kolkata_D2_F8"", ""Delhi--Kolkata_D2_F7"", ""Delhi--Kolkata_D2_F6"", ""Delhi--Kolkata_D2_F7"", ""Delhi--Kolkata_D2_F6""]"
Dijkstra-km,monsoon,90001,Delhi,Chennai,False,,17.96109529396619,12,66,66,0,0,0,0,66,"[""Delhi"", ""Delhi--Hyderabad_D1_F1"", ""Delhi--Hyderabad_D1_F2"", ""Delhi--Hyderabad_D1_F3"", ""Delhi--Hyderabad_D1_F4"", ""Delhi--Hyderabad_D1_F5"", ""Delhi--Hyderabad_D1_F6"", ""Delhi--Hyderabad_D1_F7"", ""Delhi--Hyderabad_D1_F8"", ""Delhi--Hyderabad_F1"", ""Delhi--Hyderabad_D2_F1"", ""Delhi--Hyderabad_D2_F2"", ""Delhi--Hyderabad_D2_F3"", ""Delhi--Hyderabad_D2_F4"", ""Delhi--Hyderabad_D2_F5"", ""Delhi--Hyderabad_D2_F6"", ""Delhi--Hyderabad_D2_F7"", ""Delhi--Hyderabad_D2_F8"", ""Delhi--Hyderabad_F2"", ""Delhi--Hyderabad_D3_F1"", ""Delhi--Hyderabad_D3_F2"", ""Delhi--Hyderabad_D3_F3"", ""Delhi--Hyderabad_D3_F4"", ""Delhi--Hyderabad_D3_F5"", ""Delhi--Hyderabad_D3_F6"", ""Delhi--Hyderabad_D3_F7"", ""Delhi--Hyderabad_D3_F8"", ""Delhi--Hyderabad_F3"", ""Delhi--Hyderabad_D4_F1"", ""Delhi--Hyderabad_D4_F2"", ""Delhi--Hyderabad_D4_F3"", ""Delhi--Hyderabad_D4_F4"", ""Delhi--Hyderabad_D4_F5"", ""Delhi--Hyderabad_D4_F6"", ""Delhi--Hyderabad_D4_F7"", ""Delhi--Hyderabad_D4_F8"", ""Delhi--Hyderabad_F4"", ""Delhi--Hyderabad_D5_F1"", ""Delhi--Hyderabad_D5_F2"", ""Delhi--Hyderabad_D5_F3"", ""Delhi--Hyderabad_D5_F4"", ""Delhi--Hyderabad_D5_F5"", ""Delhi--Hyderabad_D5_F6"", ""Delhi--Hyderabad_D5_F7"", ""Delhi--Hyderabad_D5_F8"", ""Delhi--Hyderabad_F5"", ""Delhi--Hyderabad_D6_F1"", ""Delhi--Hyderabad_D6_F2"", ""Delhi--Hyderabad_D6_F3"", ""Delhi--Hyderabad_D6_F4"", ""Delhi--Hyderabad_D6_F5"", ""Delhi--Hyderabad_D6_F6"", ""Delhi--Hyderabad_D6_F7"", ""Delhi--Hyderabad_D6_F8"", ""Delhi--Hyderabad_F6"", ""Delhi--Hyderabad_D6_F8"", ""Delhi--Hyderabad_F6"", ""Delhi--Hyderabad_D6_F8"", ""Delhi--Hyderabad_F6"", ""Delhi--Hyderabad_D6_F8"", ""Delhi--Hyderabad_F6"", ""Delhi--Hyderabad_D6_F8"", ""Delhi--Hyderabad_F6"", ""Delhi--Hyderabad_D6_F8"", ""Delhi--Hyderabad_F6"", ""Delhi--Hyderabad_D6_F8"", ""Delhi--Hyderabad_F6""]"
BFS-hop,monsoon,90001,Delhi,Chennai,True,28,4.438360311244686,0,28,28,0,0,0,28,0,"[""Delhi"", ""Delhi--Hyderabad_F1"", ""Delhi--Hyderabad_F2"", ""Delhi--Hyderabad_F3"", ""Delhi--Hyderabad_F4"", ""Delhi--Hyderabad_F5"", ""Delhi--Hyderabad_F6"", ""Delhi--Hyderabad_F7"", ""Delhi--Hyderabad_F8"", ""Delhi--Hyderabad_F9"", ""Delhi--Hyderabad_F10"", ""Delhi--Hyderabad_F11"", ""Delhi--Hyderabad_F12"", ""Delhi--Hyderabad_F13"", ""Delhi--Hyderabad_F14"", ""Delhi--Hyderabad_F15"", ""Delhi--Hyderabad_F16"", ""Delhi--Hyderabad_F17"", ""Delhi--Hyderabad_F18"", ""Delhi--Hyderabad_F19"", ""Hyderabad"", ""Chennai--Hyderabad_F7"", ""Chennai--Hyderabad_F6"", ""Chennai--Hyderabad_F5"", ""Chennai--Hyderabad_F4"", ""Chennai--Hyderabad_F3"", ""Chennai--Hyderabad_F2"", ""Chennai--Hyderabad_F1"", ""Chennai""]"
Max-SKR,monsoon,90001,Delhi,Chennai,False,,-97.13230526425926,47,57,57,0,0,0,0,57,"[""Delhi"", ""Delhi--Hyderabad_D1_F1"", ""Delhi--Hyderabad_D1_F2"", ""Delhi--Hyderabad_D1_F1"", ""Delhi"", ""Delhi--Jaipur_D1_F1"", ""Delhi"", ""Delhi--Jaipur_D1_F1"", ""Delhi"", ""Delhi--Kolkata_D1_F1"", ""Delhi--Kolkata_D1_F2"", ""Delhi--Kolkata_D1_F3"", ""Delhi--Kolkata_D1_F2"", ""Delhi--Kolkata_D1_F3"", ""Delhi--Kolkata_D1_F2"", ""Delhi--Kolkata_D1_F3"", ""Delhi--Kolkata_D1_F2"", ""Delhi--Kolkata_D1_F3"", ""Delhi--Kolkata_D1_F4"", ""Delhi--Kolkata_D1_F5"", ""Delhi--Kolkata_D1_F4"", ""Delhi--Kolkata_D1_F5"", ""Delhi--Kolkata_D1_F4"", ""Delhi--Kolkata_D1_F5"", ""Delhi--Kolkata_D1_F6"", ""Delhi--Kolkata_D1_F5"", ""Delhi--Kolkata_D1_F4"", ""Delhi--Kolkata_D1_F5"", ""Delhi--Kolkata_D1_F4"", ""Delhi--Kolkata_D1_F5"", ""Delhi--Kolkata_D1_F6"", ""Delhi--Kolkata_D1_F5"", ""Delhi--Kolkata_D1_F4"", ""Delhi--Kolkata_D1_F3"", ""Delhi--Kolkata_D1_F4"", ""Delhi--Kolkata_D1_F5"", ""Delhi--Kolkata_D1_F4"", ""Delhi--Kolkata_D1_F3"", ""Delhi--Kolkata_D1_F2"", ""Delhi--Kolkata_D1_F1"", ""Delhi"", ""Delhi--Hyderabad_D1_F1"", ""Delhi"", ""Delhi--Hyderabad_D1_F1"", ""Delhi"", ""Delhi--Hyderabad_D1_F1"", ""Delhi"", ""Delhi--Jaipur_D1_F1"", ""Delhi"", ""Delhi--Jaipur_D1_F1"", ""Delhi--Jaipur_D1_F2"", ""Delhi--Jaipur_D1_F1"", ""Delhi"", ""Delhi--Jaipur_D1_F1"", ""Delhi"", ""Delhi--Jaipur_D1_F1"", ""Delhi"", ""Delhi--Jaipur_D1_F1""]"
GNN-PPO,monsoon,90002,Delhi,Chennai,True,28,4.438360311244686,0,28,28,0,0,0,28,0,"[""Delhi"", ""Delhi--Hyderabad_F1"", ""Delhi--Hyderabad_F2"", ""Delhi--Hyderabad_F3"", ""Delhi--Hyderabad_F4"", ""Delhi--Hyderabad_F5"", ""Delhi--Hyderabad_F6"", ""Delhi--Hyderabad_F7"", ""Delhi--Hyderabad_F8"", ""Delhi--Hyderabad_F9"", ""Delhi--Hyderabad_F10"", ""Delhi--Hyderabad_F11"", ""Delhi--Hyderabad_F12"", ""Delhi--Hyderabad_F13"", ""Delhi--Hyderabad_F14"", ""Delhi--Hyderabad_F15"", ""Delhi--Hyderabad_F16"", ""Delhi--Hyderabad_F17"", ""Delhi--Hyderabad_F18"", ""Delhi--Hyderabad_F19"", ""Hyderabad"", ""Chennai--Hyderabad_F7"", ""Chennai--Hyderabad_F6"", ""Chennai--Hyderabad_F5"", ""Chennai--Hyderabad_F4"", ""Chennai--Hyderabad_F3"", ""Chennai--Hyderabad_F2"", ""Chennai--Hyderabad_F1"", ""Chennai""]"
Random,monsoon,90002,Delhi,Chennai,False,,-194.2676198025573,99,120,120,0,0,0,17,103,"[""Delhi"", ""Delhi--Jaipur_D1_F1"", ""Delhi"", ""Delhi--Kolkata_F1"", ""Delhi--Kolkata_D1_F8"", ""Delhi--Kolkata_D1_F7"", ""Delhi--Kolkata_D1_F6"", ""Delhi--Kolkata_D1_F7"", ""Delhi--Kolkata_D1_F8"", ""Delhi--Kolkata_F1"", ""Delhi"", ""Delhi--Hyderabad_F1"", ""Delhi--Hyderabad_F2"", ""Delhi--Hyderabad_F3"", ""Delhi--Hyderabad_F2"", ""Delhi--Hyderabad_D2_F8"", ""Delhi--Hyderabad_D2_F7"", ""Delhi--Hyderabad_D2_F6"", ""Delhi--Hyderabad_D2_F7"", ""Delhi--Hyderabad_D2_F8"", ""Delhi--Hyderabad_D2_F7"", ""Delhi--Hyderabad_D2_F6"", ""Delhi--Hyderabad_D2_F5"", ""Delhi--Hyderabad_D2_F4"", ""Delhi--Hyderabad_D2_F5"", ""Delhi--Hyderabad_D2_F4"", ""Delhi--Hyderabad_D2_F3"", ""Delhi--Hyderabad_D2_F2"", ""Delhi--Hyderabad_D2_F1"", ""Delhi--Hyderabad_F1"", ""Delhi--Hyderabad_D1_F8"", ""Delhi--Hyderabad_D1_F7"", ""Delhi--Hyderabad_D1_F8"", ""Delhi--Hyderabad_F1"", ""Delhi--Hyderabad_F2"", ""Delhi--Hyderabad_D2_F8"", ""Delhi--Hyderabad_D2_F7"", ""Delhi--Hyderabad_D2_F8"", ""Delhi--Hyderabad_F2"", ""Delhi--Hyderabad_F3"", ""Delhi--Hyderabad_D4_F1"", ""Delhi--Hyderabad_F3"", ""Delhi--Hyderabad_D4_F1"", ""Delhi--Hyderabad_F3"", ""Delhi--Hyderabad_F2"", ""Delhi--Hyderabad_D2_F8"", ""Delhi--Hyderabad_D2_F7"", ""Delhi--Hyderabad_D2_F6"", ""Delhi--Hyderabad_D2_F7"", ""Delhi--Hyderabad_D2_F8"", ""Delhi--Hyderabad_D2_F7"", ""Delhi--Hyderabad_D2_F8"", ""Delhi--Hyderabad_F2"", ""Delhi--Hyderabad_F3"", ""Delhi--Hyderabad_D4_F1"", ""Delhi--Hyderabad_F3"", ""Delhi--Hyderabad_D4_F1"", ""Delhi--Hyderabad_F3"", ""Delhi--Hyderabad_D4_F1"", ""Delhi--Hyderabad_F3"", ""Delhi--Hyderabad_F2"", ""Delhi--Hyderabad_F1"", ""Delhi"", ""Delhi--Hyderabad_F1"", ""Delhi--Hyderabad_D2_F1"", ""Delhi--Hyderabad_F1"", ""Delhi--Hyderabad_D2_F1"", ""Delhi--Hyderabad_F1"", ""Delhi--Hyderabad_F2"", ""Delhi--Hyderabad_F1"", ""Delhi--Hyderabad_D1_F8"", ""Delhi--Hyderabad_D1_F7"", ""Delhi--Hyderabad_D1_F6"", ""Delhi--Hyderabad_D1_F5"", ""Delhi--Hyderabad_D1_F6"", ""Delhi--Hyderabad_D1_F7"", ""Delhi--Hyderabad_D1_F8"", ""Delhi--Hyderabad_D1_F7"", ""Delhi--Hyderabad_D1_F6"", ""Delhi--Hyderabad_D1_F7"", ""Delhi--Hyderabad_D1_F6"", ""Delhi--Hyderabad_D1_F5"", ""Delhi--Hyderabad_D1_F6"", ""Delhi--Hyderabad_D1_F7"", ""Delhi--Hyderabad_D1_F8"", ""Delhi--Hyderabad_D1_F7"", ""Delhi--Hyderabad_D1_F6"", ""Delhi--Hyderabad_D1_F7"", ""Delhi--Hyderabad_D1_F6"", ""Delhi--Hyderabad_D1_F7"", ""Delhi--Hyderabad_D1_F6"", ""Delhi--Hyderabad_D1_F7"", ""Delhi--Hyderabad_D1_F8"", ""Delhi--Hyderabad_D1_F7"", ""Delhi--Hyderabad_D1_F8"", ""Delhi--Hyderabad_F1"", ""Delhi--Hyderabad_D2_F1"", ""Delhi--Hyderabad_D2_F2"", ""Delhi--Hyderabad_D2_F1"", ""Delhi--Hyderabad_F1"", ""Delhi--Hyderabad_D2_F1"", ""Delhi--Hyderabad_D2_F2"", ""Delhi--Hyderabad_D2_F1"", ""Delhi--Hyderabad_D2_F2"", ""Delhi--Hyderabad_D2_F1"", ""Delhi--Hyderabad_D2_F2"", ""Delhi--Hyderabad_D2_F3"", ""Delhi--Hyderabad_D2_F4"", ""Delhi--Hyderabad_D2_F3"", ""Delhi--Hyderabad_D2_F4"", ""Delhi--Hyderabad_D2_F5"", ""Delhi--Hyderabad_D2_F6"", ""Delhi--Hyderabad_D2_F7"", ""Delhi--Hyderabad_D2_F8"", ""Delhi--Hyderabad_F2"", ""Delhi--Hyderabad_F1"", ""Delhi--Hyderabad_D2_F1"", ""Delhi--Hyderabad_F1"", ""Delhi--Hyderabad_D1_F8"", ""Delhi--Hyderabad_D1_F7"", ""Delhi--Hyderabad_D1_F6""]"
Dijkstra-km,monsoon,90002,Delhi,Chennai,False,,33.12961412214553,12,85,85,0,0,0,1,84,"[""Delhi"", ""Delhi--Hyderabad_D1_F1"", ""Delhi--Hyderabad_D1_F2"", ""Delhi--Hyderabad_D1_F3"", ""Delhi--Hyderabad_D1_F4"", ""Delhi--Hyderabad_D1_F5"", ""Delhi--Hyderabad_D1_F6"", ""Delhi--Hyderabad_D1_F7"", ""Delhi--Hyderabad_D1_F8"", ""Delhi--Hyderabad_F1"", ""Delhi--Hyderabad_D2_F1"", ""Delhi--Hyderabad_D2_F2"", ""Delhi--Hyderabad_D2_F3"", ""Delhi--Hyderabad_D2_F4"", ""Delhi--Hyderabad_D2_F5"", ""Delhi--Hyderabad_D2_F6"", ""Delhi--Hyderabad_D2_F7"", ""Delhi--Hyderabad_D2_F8"", ""Delhi--Hyderabad_F2"", ""Delhi--Hyderabad_F3"", ""Delhi--Hyderabad_D4_F1"", ""Delhi--Hyderabad_D4_F2"", ""Delhi--Hyderabad_D4_F3"", ""Delhi--Hyderabad_D4_F4"", ""Delhi--Hyderabad_D4_F5"", ""Delhi--Hyderabad_D4_F6"", ""Delhi--Hyderabad_D4_F7"", ""Delhi--Hyderabad_D4_F8"", ""Delhi--Hyderabad_F4"", ""Delhi--Hyderabad_D5_F1"", ""Delhi--Hyderabad_D5_F2"", ""Delhi--Hyderabad_D5_F3"", ""Delhi--Hyderabad_D5_F4"", ""Delhi--Hyderabad_D5_F5"", ""Delhi--Hyderabad_D5_F6"", ""Delhi--Hyderabad_D5_F7"", ""Delhi--Hyderabad_D5_F8"", ""Delhi--Hyderabad_F5"", ""Delhi--Hyderabad_D6_F1"", ""Delhi--Hyderabad_D6_F2"", ""Delhi--Hyderabad_D6_F3"", ""Delhi--Hyderabad_D6_F4"", ""Delhi--Hyderabad_D6_F5"", ""Delhi--Hyderabad_D6_F6"", ""Delhi--Hyderabad_D6_F7"", ""Delhi--Hyderabad_D6_F8"", ""Delhi--Hyderabad_F6"", ""Delhi--Hyderabad_D7_F1"", ""Delhi--Hyderabad_D7_F2"", ""Delhi--Hyderabad_D7_F3"", ""Delhi--Hyderabad_D7_F4"", ""Delhi--Hyderabad_D7_F5"", ""Delhi--Hyderabad_D7_F6"", ""Delhi--Hyderabad_D7_F7"", ""Delhi--Hyderabad_D7_F8"", ""Delhi--Hyderabad_F7"", ""Delhi--Hyderabad_D8_F1"", ""Delhi--Hyderabad_D8_F2"", ""Delhi--Hyderabad_D8_F3"", ""Delhi--Hyderabad_D8_F4"", ""Delhi--Hyderabad_D8_F5"", ""Delhi--Hyderabad_D8_F6"", ""Delhi--Hyderabad_D8_F7"", ""Delhi--Hyderabad_D8_F8"", ""Delhi--Hyderabad_F8"", ""Delhi--Hyderabad_D9_F1"", ""Delhi--Hyderabad_D9_F2"", ""Delhi--Hyderabad_D9_F3"", ""Delhi--Hyderabad_D9_F4"", ""Delhi--Hyderabad_D9_F5"", ""Delhi--Hyderabad_D9_F6"", ""Delhi--Hyderabad_D9_F7"", ""Delhi--Hyderabad_D9_F8"", ""Delhi--Hyderabad_F9"", ""Delhi--Hyderabad_D9_F8"", ""Delhi--Hyderabad_F9"", ""Delhi--Hyderabad_D9_F8"", ""Delhi--Hyderabad_F9"", ""Delhi--Hyderabad_D9_F8"", ""Delhi--Hyderabad_F9"", ""Delhi--Hyderabad_D9_F8"", ""Delhi--Hyderabad_F9"", ""Delhi--Hyderabad_D9_F8"", ""Delhi--Hyderabad_F9"", ""Delhi--Hyderabad_D9_F8"", ""Delhi--Hyderabad_F9""]"
BFS-hop,monsoon,90002,Delhi,Chennai,True,28,4.438360311244686,0,28,28,0,0,0,28,0,"[""Delhi"", ""Delhi--Hyderabad_F1"", ""Delhi--Hyderabad_F2"", ""Delhi--Hyderabad_F3"", ""Delhi--Hyderabad_F4"", ""Delhi--Hyderabad_F5"", ""Delhi--Hyderabad_F6"", ""Delhi--Hyderabad_F7"", ""Delhi--Hyderabad_F8"", ""Delhi--Hyderabad_F9"", ""Delhi--Hyderabad_F10"", ""Delhi--Hyderabad_F11"", ""Delhi--Hyderabad_F12"", ""Delhi--Hyderabad_F13"", ""Delhi--Hyderabad_F14"", ""Delhi--Hyderabad_F15"", ""Delhi--Hyderabad_F16"", ""Delhi--Hyderabad_F17"", ""Delhi--Hyderabad_F18"", ""Delhi--Hyderabad_F19"", ""Hyderabad"", ""Chennai--Hyderabad_F7"", ""Chennai--Hyderabad_F6"", ""Chennai--Hyderabad_F5"", ""Chennai--Hyderabad_F4"", ""Chennai--Hyderabad_F3"", ""Chennai--Hyderabad_F2"", ""Chennai--Hyderabad_F1"", ""Chennai""]"
Max-SKR,monsoon,90002,Delhi,Chennai,False,,-195.46550291146826,101,125,125,0,0,0,0,125,"[""Delhi"", ""Delhi--Jaipur_D1_F1"", ""Delhi"", ""Delhi--Kolkata_D1_F1"", ""Delhi--Kolkata_D1_F2"", ""Delhi--Kolkata_D1_F3"", ""Delhi--Kolkata_D1_F2"", ""Delhi--Kolkata_D1_F3"", ""Delhi--Kolkata_D1_F4"", ""Delhi--Kolkata_D1_F3"", ""Delhi--Kolkata_D1_F4"", ""Delhi--Kolkata_D1_F5"", ""Delhi--Kolkata_D1_F6"", ""Delhi--Kolkata_D1_F7"", ""Delhi--Kolkata_D1_F6"", ""Delhi--Kolkata_D1_F7"", ""Delhi--Kolkata_D1_F8"", ""Delhi--Kolkata_F1"", ""Delhi--Kolkata_D1_F8"", ""Delhi--Kolkata_F1"", ""Delhi--Kolkata_D1_F8"", ""Delhi--Kolkata_F1"", ""Delhi--Kolkata_D1_F8"", ""Delhi--Kolkata_F1"", ""Delhi--Kolkata_D1_F8"", ""Delhi--Kolkata_D1_F7"", ""Delhi--Kolkata_D1_F6"", ""Delhi--Kolkata_D1_F7"", ""Delhi--Kolkata_D1_F6"", ""Delhi--Kolkata_D1_F5"", ""Delhi--Kolkata_D1_F6"", ""Delhi--Kolkata_D1_F5"", ""Delhi--Kolkata_D1_F6"", ""Delhi--Kolkata_D1_F5"", ""Delhi--Kolkata_D1_F6"", ""Delhi--Kolkata_D1_F7"", ""Delhi--Kolkata_D1_F8"", ""Delhi--Kolkata_D1_F7"", ""Delhi--Kolkata_D1_F6"", ""Delhi--Kolkata_D1_F7"", ""Delhi--Kolkata_D1_F8"", ""Delhi--Kolkata_F1"", ""Delhi--Kolkata_D1_F8"", ""Delhi--Kolkata_D1_F7"", ""Delhi--Kolkata_D1_F6"", ""Delhi--Kolkata_D1_F7"", ""Delhi--Kolkata_D1_F8"", ""Delhi--Kolkata_F1"", ""Delhi--Kolkata_D2_F1"", ""Delhi--Kolkata_D2_F2"", ""Delhi--Kolkata_D2_F1"", ""Delhi--Kolkata_D2_F2"", ""Delhi--Kolkata_D2_F1"", ""Delhi--Kolkata_D2_F2"", ""Delhi--Kolkata_D2_F3"", ""Delhi--Kolkata_D2_F4"", ""Delhi--Kolkata_D2_F3"", ""Delhi--Kolkata_D2_F4"", ""Delhi--Kolkata_D2_F3"", ""Delhi--Kolkata_D2_F2"", ""Delhi--Kolkata_D2_F3"", ""Delhi--Kolkata_D2_F4"", ""Delhi--Kolkata_D2_F5"", ""Delhi--Kolkata_D2_F4"", ""Delhi--Kolkata_D2_F3"", ""Delhi--Kolkata_D2_F4"", ""Delhi--Kolkata_D2_F5"", ""Delhi--Kolkata_D2_F6"", ""Delhi--Kolkata_D2_F7"", ""Delhi--Kolkata_D2_F8"", ""Delhi--Kolkata_D2_F7"", ""Delhi--Kolkata_D2_F8"", ""Delhi--Kolkata_F2"", ""Delhi--Kolkata_D3_F1"", ""Delhi--Kolkata_F2"", ""Delhi--Kolkata_D3_F1"", ""Delhi--Kolkata_D3_F2"", ""Delhi--Kolkata_D3_F3"", ""Delhi--Kolkata_D3_F4"", ""Delhi--Kolkata_D3_F3"", ""Delhi--Kolkata_D3_F2"", ""Delhi--Kolkata_D3_F1"", ""Delhi--Kolkata_F2"", ""Delhi--Kolkata_D2_F8"", ""Delhi--Kolkata_D2_F7"", ""Delhi--Kolkata_D2_F8"", ""Delhi--Kolkata_F2"", ""Delhi--Kolkata_D3_F1"", ""Delhi--Kolkata_D3_F2"", ""Delhi--Kolkata_D3_F1"", ""Delhi--Kolkata_D3_F2"", ""Delhi--Kolkata_D3_F3"", ""Delhi--Kolkata_D3_F4"", ""Delhi--Kolkata_D3_F5"", ""Delhi--Kolkata_D3_F4"", ""Delhi--Kolkata_D3_F3"", ""Delhi--Kolkata_D3_F4"", ""Delhi--Kolkata_D3_F3"", ""Delhi--Kolkata_D3_F2"", ""Delhi--Kolkata_D3_F3"", ""Delhi--Kolkata_D3_F2"", ""Delhi--Kolkata_D3_F3"", ""Delhi--Kolkata_D3_F2"", ""Delhi--Kolkata_D3_F1"", ""Delhi--Kolkata_F2"", ""Delhi--Kolkata_D2_F8"", ""Delhi--Kolkata_F2"", ""Delhi--Kolkata_D3_F1"", ""Delhi--Kolkata_F2"", ""Delhi--Kolkata_D3_F1"", ""Delhi--Kolkata_D3_F2"", ""Delhi--Kolkata_D3_F1"", ""Delhi--Kolkata_F2"", ""Delhi--Kolkata_D2_F8"", ""Delhi--Kolkata_F2"", ""Delhi--Kolkata_D2_F8"", ""Delhi--Kolkata_F2"", ""Delhi--Kolkata_D2_F8"", ""Delhi--Kolkata_D2_F7"", ""Delhi--Kolkata_D2_F6"", ""Delhi--Kolkata_D2_F7"", ""Delhi--Kolkata_D2_F8"", ""Delhi--Kolkata_F2"", ""Delhi--Kolkata_D3_F1"", ""Delhi--Kolkata_F2"", ""Delhi--Kolkata_D3_F1""]"
GNN-PPO,monsoon,90003,Delhi,Chennai,True,28,4.438360311244686,0,28,28,0,0,0,28,0,"[""Delhi"", ""Delhi--Hyderabad_F1"", ""Delhi--Hyderabad_F2"", ""Delhi--Hyderabad_F3"", ""Delhi--Hyderabad_F4"", ""Delhi--Hyderabad_F5"", ""Delhi--Hyderabad_F6"", ""Delhi--Hyderabad_F7"", ""Delhi--Hyderabad_F8"", ""Delhi--Hyderabad_F9"", ""Delhi--Hyderabad_F10"", ""Delhi--Hyderabad_F11"", ""Delhi--Hyderabad_F12"", ""Delhi--Hyderabad_F13"", ""Delhi--Hyderabad_F14"", ""Delhi--Hyderabad_F15"", ""Delhi--Hyderabad_F16"", ""Delhi--Hyderabad_F17"", ""Delhi--Hyderabad_F18"", ""Delhi--Hyderabad_F19"", ""Hyderabad"", ""Chennai--Hyderabad_F7"", ""Chennai--Hyderabad_F6"", ""Chennai--Hyderabad_F5"", ""Chennai--Hyderabad_F4"", ""Chennai--Hyderabad_F3"", ""Chennai--Hyderabad_F2"", ""Chennai--Hyderabad_F1"", ""Chennai""]"
Random,monsoon,90003,Delhi,Chennai,False,,-321.81440013276097,173,225,225,0,0,0,22,203,"[""Delhi"", ""Delhi--Jaipur_F1"", ""Delhi--Jaipur_D1_F8"", ""Delhi--Jaipur_D1_F7"", ""Delhi--Jaipur_D1_F8"", ""Delhi--Jaipur_D1_F7"", ""Delhi--Jaipur_D1_F6"", ""Delhi--Jaipur_D1_F7"", ""Delhi--Jaipur_D1_F8"", ""Delhi--Jaipur_F1"", ""Delhi--Jaipur_F2"", ""Delhi--Jaipur_F1"", ""Delhi--Jaipur_F2"", ""Delhi--Jaipur_F3"", ""Delhi--Jaipur_D4_F1"", ""Delhi--Jaipur_F3"", ""Delhi--Jaipur_F2"", ""Delhi--Jaipur_F1"", ""Delhi--Jaipur_D1_F8"", ""Delhi--Jaipur_F1"", ""Delhi"", ""Delhi--Kolkata_F1"", ""Delhi--Kolkata_D1_F8"", ""Delhi--Kolkata_F1"", ""Delhi--Kolkata_D1_F8"", ""Delhi--Kolkata_D1_F7"", ""Delhi--Kolkata_D1_F6"", ""Delhi--Kolkata_D1_F7"", ""Delhi--Kolkata_D1_F6"", ""Delhi--Kolkata_D1_F7"", ""Delhi--Kolkata_D1_F8"", ""Delhi--Kolkata_F1"", ""Delhi"", ""Delhi--Kolkata_D1_F1"", ""Delhi--Kolkata_D1_F2"", ""Delhi--Kolkata_D1_F1"", ""Delhi--Kolkata_D1_F2"", ""Delhi--Kolkata_D1_F3"", ""Delhi--Kolkata_D1_F2"", ""Delhi--Kolkata_D1_F3"", ""Delhi--Kolkata_D1_F2"", ""Delhi--Kolkata_D1_F3"", ""Delhi--Kolkata_D1_F4"", ""Delhi--Kolkata_D1_F5"", ""Delhi--Kolkata_D1_F4"", ""Delhi--Kolkata_D1_F3"", ""Delhi--Kolkata_D1_F2"", ""Delhi--Kolkata_D1_F3"", ""Delhi--Kolkata_D1_F4"", ""Delhi--Kolkata_D1_F3"", ""Delhi--Kolkata_D1_F4"", ""Delhi--Kolkata_D1_F5"", ""Delhi--Kolkata_D1_F4"", ""Delhi--Kolkata_D1_F3"", ""Delhi--Kolkata_D1_F4"", ""Delhi--Kolkata_D1_F3"", ""Delhi--Kolkata_D1_F2"", ""Delhi--Kolkata_D1_F1"", ""Delhi"", ""Delhi--Jaipur_D1_F1"", ""Delhi"", ""Delhi--Kolkata_F1"", ""Delhi--Kolkata_D2_F1"", ""Delhi--Kolkata_D2_F2"", ""Delhi--Kolkata_D2_F3"", ""Delhi--Kolkata_D2_F2"", ""Delhi--Kolkata_D2_F1"", ""Delhi--Kolkata_D2_F2"", ""Delhi--Kolkata_D2_F1"", ""Delhi--Kolkata_F1"", ""Delhi"", ""Delhi--Kolkata_F1"", ""Delhi"", ""Delhi--Hyderabad_D1_F1"", ""Delhi"", ""Delhi--Jaipur_D1_F1"", ""Delhi--Jaipur_D1_F2"", ""Delhi--Jaipur_D1_F3"", ""Delhi--Jaipur_D1_F4"", ""Delhi--Jaipur_D1_F3"", ""Delhi--Jaipur_D1_F2"", ""Delhi--Jaipur_D1_F1"", ""Delhi"", ""Delhi--Hyderabad_D1_F1"", ""Delhi--Hyderabad_D1_F2"", ""Delhi--Hyderabad_D1_F3"", ""Delhi--Hyderabad_D1_F4"", ""Delhi--Hyderabad_D1_F5"", ""Delhi--Hyderabad_D1_F6"", ""Delhi--Hyderabad_D1_F5"", ""Delhi--Hyderabad_D1_F6"", ""Delhi--Hyderabad_D1_F5"", ""Delhi--Hyderabad_D1_F4"", ""Delhi--Hyderabad_D1_F3"", ""Delhi--Hyderabad_D1_F4"", ""Delhi--Hyderabad_D1_F5"", ""Delhi--Hyderabad_D1_F4"", ""Delhi--Hyderabad_D1_F5"", ""Delhi--Hyderabad_D1_F6"", ""Delhi--Hyderabad_D1_F5"", ""Delhi--Hyderabad_D1_F6"", ""Delhi--Hyderabad_D1_F7"", ""Delhi--Hyderabad_D1_F6"", ""Delhi--Hyderabad_D1_F7"", ""Delhi--Hyderabad_D1_F8"", ""Delhi--Hyderabad_D1_F7"", ""Delhi--Hyderabad_D1_F8"", ""Delhi--Hyderabad_D1_F7"", ""Delhi--Hyderabad_D1_F6"", ""Delhi--Hyderabad_D1_F7"", ""Delhi--Hyderabad_D1_F6"", ""Delhi--Hyderabad_D1_F5"", ""Delhi--Hyderabad_D1_F4"", ""Delhi--Hyderabad_D1_F3"", ""Delhi--Hyderabad_D1_F2"", ""Delhi--Hyderabad_D1_F1"", ""Delhi"", ""Delhi--Kolkata_F1"", ""Delhi--Kolkata_F2"", ""Delhi--Kolkata_D2_F8"", ""Delhi--Kolkata_F2"", ""Delhi--Kolkata_D3_F1"", ""Delhi--Kolkata_D3_F2"", ""Delhi--Kolkata_D3_F3"", ""Delhi--Kolkata_D3_F4"", ""Delhi--Kolkata_D3_F5"", ""Delhi--Kolkata_D3_F6"", ""Delhi--Kolkata_D3_F7"", ""Delhi--Kolkata_D3_F6"", ""Delhi--Kolkata_D3_F7"", ""Delhi--Kolkata_D3_F8"", ""Delhi--Kolkata_D3_F7"", ""Delhi--Kolkata_D3_F6"", ""Delhi--Kolkata_D3_F5"", ""Delhi--Kolkata_D3_F4"", ""Delhi--Kolkata_D3_F5"", ""Delhi--Kolkata_D3_F6"", ""Delhi--Kolkata_D3_F5"", ""Delhi--Kolkata_D3_F6"", ""Delhi--Kolkata_D3_F5"", ""Delhi--Kolkata_D3_F4"", ""Delhi--Kolkata_D3_F5"", ""Delhi--Kolkata_D3_F4"", ""Delhi--Kolkata_D3_F3"", ""Delhi--Kolkata_D3_F4"", ""Delhi--Kolkata_D3_F3"", ""Delhi--Kolkata_D3_F2"", ""Delhi--Kolkata_D3_F3"", ""Delhi--Kolkata_D3_F4"", ""Delhi--Kolkata_D3_F5"", ""Delhi--Kolkata_D3_F6"", ""Delhi--Kolkata_D3_F5"", ""Delhi--Kolkata_D3_F4"", ""Delhi--Kolkata_D3_F5"", ""Delhi--Kolkata_D3_F6"", ""Delhi--Kolkata_D3_F7"", ""Delhi--Kolkata_D3_F6"", ""Delhi--Kolkata_D3_F7"", ""Delhi--Kolkata_D3_F8"", ""Delhi--Kolkata_D3_F7"", ""Delhi--Kolkata_D3_F8"", ""Delhi--Kolkata_F3"", ""Delhi--Kolkata_D3_F8"", ""Delhi--Kolkata_F3"", ""Delhi--Kolkata_F2"", ""Delhi--Kolkata_F3"", ""Delhi--Kolkata_F4"", ""Delhi--Kolkata_D5_F1"", ""Delhi--Kolkata_D5_F2"", ""Delhi--Kolkata_D5_F1"", ""Delhi--Kolkata_F4"", ""Delhi--Kolkata_F5"", ""Delhi--Kolkata_F4"", ""Delhi--Kolkata_F3"", ""Delhi--Kolkata_D4_F1"", ""Delhi--Kolkata_D4_F2"", ""Delhi--Kolkata_D4_F3"", ""Delhi--Kolkata_D4_F4"", ""Delhi--Kolkata_D4_F5"", ""Delhi--Kolkata_D4_F6"", ""Delhi--Kolkata_D4_F5"", ""Delhi--Kolkata_D4_F4"", ""Delhi--Kolkata_D4_F3"", ""Delhi--Kolkata_D4_F2"", ""Delhi--Kolkata_D4_F3"", ""Delhi--Kolkata_D4_F4"", ""Delhi--Kolkata_D4_F3"", ""Delhi--Kolkata_D4_F4"", ""Delhi--Kolkata_D4_F3"", ""Delhi--Kolkata_D4_F4"", ""Delhi--Kolkata_D4_F5"", ""Delhi--Kolkata_D4_F4"", ""Delhi--Kolkata_D4_F3"", ""Delhi--Kolkata_D4_F4"", ""Delhi--Kolkata_D4_F5"", ""Delhi--Kolkata_D4_F4"", ""Delhi--Kolkata_D4_F3"", ""Delhi--Kolkata_D4_F4"", ""Delhi--Kolkata_D4_F3"", ""Delhi--Kolkata_D4_F2"", ""Delhi--Kolkata_D4_F1"", ""Delhi--Kolkata_F3"", ""Delhi--Kolkata_D3_F8"", ""Delhi--Kolkata_D3_F7"", ""Delhi--Kolkata_D3_F6"", ""Delhi--Kolkata_D3_F7"", ""Delhi--Kolkata_D3_F8"", ""Delhi--Kolkata_D3_F7"", ""Delhi--Kolkata_D3_F6"", ""Delhi--Kolkata_D3_F5"", ""Delhi--Kolkata_D3_F4"", ""Delhi--Kolkata_D3_F5"", ""Delhi--Kolkata_D3_F4"", ""Delhi--Kolkata_D3_F3"", ""Delhi--Kolkata_D3_F2"", ""Delhi--Kolkata_D3_F3"", ""Delhi--Kolkata_D3_F2"", ""Delhi--Kolkata_D3_F3"", ""Delhi--Kolkata_D3_F4"", ""Delhi--Kolkata_D3_F3"", ""Delhi--Kolkata_D3_F2"", ""Delhi--Kolkata_D3_F3"", ""Delhi--Kolkata_D3_F2"", ""Delhi--Kolkata_D3_F3"", ""Delhi--Kolkata_D3_F4"", ""Delhi--Kolkata_D3_F5""]"
Dijkstra-km,monsoon,90003,Delhi,Chennai,False,,41.185305469343604,12,93,93,0,0,0,0,93,"[""Delhi"", ""Delhi--Hyderabad_D1_F1"", ""Delhi--Hyderabad_D1_F2"", ""Delhi--Hyderabad_D1_F3"", ""Delhi--Hyderabad_D1_F4"", ""Delhi--Hyderabad_D1_F5"", ""Delhi--Hyderabad_D1_F6"", ""Delhi--Hyderabad_D1_F7"", ""Delhi--Hyderabad_D1_F8"", ""Delhi--Hyderabad_F1"", ""Delhi--Hyderabad_D2_F1"", ""Delhi--Hyderabad_D2_F2"", ""Delhi--Hyderabad_D2_F3"", ""Delhi--Hyderabad_D2_F4"", ""Delhi--Hyderabad_D2_F5"", ""Delhi--Hyderabad_D2_F6"", ""Delhi--Hyderabad_D2_F7"", ""Delhi--Hyderabad_D2_F8"", ""Delhi--Hyderabad_F2"", ""Delhi--Hyderabad_D3_F1"", ""Delhi--Hyderabad_D3_F2"", ""Delhi--Hyderabad_D3_F3"", ""Delhi--Hyderabad_D3_F4"", ""Delhi--Hyderabad_D3_F5"", ""Delhi--Hyderabad_D3_F6"", ""Delhi--Hyderabad_D3_F7"", ""Delhi--Hyderabad_D3_F8"", ""Delhi--Hyderabad_F3"", ""Delhi--Hyderabad_D4_F1"", ""Delhi--Hyderabad_D4_F2"", ""Delhi--Hyderabad_D4_F3"", ""Delhi--Hyderabad_D4_F4"", ""Delhi--Hyderabad_D4_F5"", ""Delhi--Hyderabad_D4_F6"", ""Delhi--Hyderabad_D4_F7"", ""Delhi--Hyderabad_D4_F8"", ""Delhi--Hyderabad_F4"", ""Delhi--Hyderabad_D5_F1"", ""Delhi--Hyderabad_D5_F2"", ""Delhi--Hyderabad_D5_F3"", ""Delhi--Hyderabad_D5_F4"", ""Delhi--Hyderabad_D5_F5"", ""Delhi--Hyderabad_D5_F6"", ""Delhi--Hyderabad_D5_F7"", ""Delhi--Hyderabad_D5_F8"", ""Delhi--Hyderabad_F5"", ""Delhi--Hyderabad_D6_F1"", ""Delhi--Hyderabad_D6_F2"", ""Delhi--Hyderabad_D6_F3"", ""Delhi--Hyderabad_D6_F4"", ""Delhi--Hyderabad_D6_F5"", ""Delhi--Hyderabad_D6_F6"", ""Delhi--Hyderabad_D6_F7"", ""Delhi--Hyderabad_D6_F8"", ""Delhi--Hyderabad_F6"", ""Delhi--Hyderabad_D7_F1"", ""Delhi--Hyderabad_D7_F2"", ""Delhi--Hyderabad_D7_F3"", ""Delhi--Hyderabad_D7_F4"", ""Delhi--Hyderabad_D7_F5"", ""Delhi--Hyderabad_D7_F6"", ""Delhi--Hyderabad_D7_F7"", ""Delhi--Hyderabad_D7_F8"", ""Delhi--Hyderabad_F7"", ""Delhi--Hyderabad_D8_F1"", ""Delhi--Hyderabad_D8_F2"", ""Delhi--Hyderabad_D8_F3"", ""Delhi--Hyderabad_D8_F4"", ""Delhi--Hyderabad_D8_F5"", ""Delhi--Hyderabad_D8_F6"", ""Delhi--Hyderabad_D8_F7"", ""Delhi--Hyderabad_D8_F8"", ""Delhi--Hyderabad_F8"", ""Delhi--Hyderabad_D9_F1"", ""Delhi--Hyderabad_D9_F2"", ""Delhi--Hyderabad_D9_F3"", ""Delhi--Hyderabad_D9_F4"", ""Delhi--Hyderabad_D9_F5"", ""Delhi--Hyderabad_D9_F6"", ""Delhi--Hyderabad_D9_F7"", ""Delhi--Hyderabad_D9_F8"", ""Delhi--Hyderabad_F9"", ""Delhi--Hyderabad_D9_F8"", ""Delhi--Hyderabad_F9"", ""Delhi--Hyderabad_D9_F8"", ""Delhi--Hyderabad_F9"", ""Delhi--Hyderabad_D9_F8"", ""Delhi--Hyderabad_F9"", ""Delhi--Hyderabad_D9_F8"", ""Delhi--Hyderabad_F9"", ""Delhi--Hyderabad_D9_F8"", ""Delhi--Hyderabad_F9"", ""Delhi--Hyderabad_D9_F8"", ""Delhi--Hyderabad_F9""]"
BFS-hop,monsoon,90003,Delhi,Chennai,True,28,4.438360311244686,0,28,28,0,0,0,28,0,"[""Delhi"", ""Delhi--Hyderabad_F1"", ""Delhi--Hyderabad_F2"", ""Delhi--Hyderabad_F3"", ""Delhi--Hyderabad_F4"", ""Delhi--Hyderabad_F5"", ""Delhi--Hyderabad_F6"", ""Delhi--Hyderabad_F7"", ""Delhi--Hyderabad_F8"", ""Delhi--Hyderabad_F9"", ""Delhi--Hyderabad_F10"", ""Delhi--Hyderabad_F11"", ""Delhi--Hyderabad_F12"", ""Delhi--Hyderabad_F13"", ""Delhi--Hyderabad_F14"", ""Delhi--Hyderabad_F15"", ""Delhi--Hyderabad_F16"", ""Delhi--Hyderabad_F17"", ""Delhi--Hyderabad_F18"", ""Delhi--Hyderabad_F19"", ""Hyderabad"", ""Chennai--Hyderabad_F7"", ""Chennai--Hyderabad_F6"", ""Chennai--Hyderabad_F5"", ""Chennai--Hyderabad_F4"", ""Chennai--Hyderabad_F3"", ""Chennai--Hyderabad_F2"", ""Chennai--Hyderabad_F1"", ""Chennai""]"
Max-SKR,monsoon,90003,Delhi,Chennai,False,,-61.42208007273746,22,27,27,0,0,0,0,27,"[""Delhi"", ""Delhi--Kolkata_D1_F1"", ""Delhi"", ""Delhi--Jaipur_D1_F1"", ""Delhi"", ""Delhi--Hyderabad_D1_F1"", ""Delhi"", ""Delhi--Jaipur_D1_F1"", ""Delhi--Jaipur_D1_F2"", ""Delhi--Jaipur_D1_F1"", ""Delhi"", ""Delhi--Hyderabad_D1_F1"", ""Delhi--Hyderabad_D1_F2"", ""Delhi--Hyderabad_D1_F1"", ""Delhi"", ""Delhi--Jaipur_D1_F1"", ""Delhi"", ""Delhi--Jaipur_D1_F1"", ""Delhi"", ""Delhi--Hyderabad_D1_F1"", ""Delhi"", ""Delhi--Jaipur_D1_F1"", ""Delhi"", ""Delhi--Hyderabad_D1_F1"", ""Delhi"", ""Delhi--Jaipur_D1_F1"", ""Delhi"", ""Delhi--Jaipur_D1_F1""]"
